time_s,x_true_m,y_true_m,z_true_m,x_method_m,y_method_m,z_method_m,x_kf_m,y_kf_m,z_kf_m,vx_true_mps,vy_true_mps,vz_true_mps,vx_method_mps,vy_method_mps,vz_method_mps,vx_kf_mps,vy_kf_mps,vz_kf_mps,roll_true_deg,pitch_true_deg,yaw_true_deg,roll_method_deg,pitch_method_deg,yaw_method_deg,roll_kf_deg,pitch_kf_deg,yaw_kf_deg,wx_true_deg_s,wy_true_deg_s,wz_true_deg_s,wx_method_deg_s,wy_method_deg_s,wz_method_deg_s,wx_kf_deg_s,wy_kf_deg_s,wz_kf_deg_s
0.0,80.0,-50.0,30.0,80.34769990710787,-50.09678501081983,30.453381976670485,80.34769990710787,-50.09678501081983,30.453381976670485,-0.1104862456735134,0.06642900508439453,-0.041906637013621406,0.6079347467042311,-0.0006933464021088298,-0.6591844835485325,0.6079347467042311,-0.0006933464021088298,-0.6591844835485325,0.0,0.0,0.0,-1.1951759054711457,-1.4556817715945702,-1.2522389320485035,-1.1951759054711457,-1.4556817715945702,-1.2522389320485035,1.15,-0.29000000000000004,0.8999999999999999,2.568628330708035,1.5640581666895363,0.8817027668868349,2.568628330708035,1.5640581666895363,0.8817027668868349
1.0,79.88951375432649,-49.933570994915605,29.95809336298638,80.9556346538121,-50.09747835722194,29.794197493121953,80.9556346538121,-50.09747835722194,29.794197493121953,-0.1104858268251192,0.06645400113675493,-0.04190651920873911,0.26838870504853674,0.38344866175018666,-0.43291354262121473,0.6079347467042311,-0.0006933464021088298,-0.6591844835485325,1.147685435464569,-0.2990002935041017,0.8970374087275741,1.3632578561530406,0.10698155805646259,-0.3682831705946067,1.3632578561530404,0.10698155805647531,-0.3682831705946066,1.1503141362982503,-0.29000123367518343,0.90030156114532,1.6488367558723005,-1.0451396449517085,2.305334774310234,2.568628330708035,1.5640581666895363,0.8817027668868349
2.0,79.77902834634976,-49.86709199772649,29.91618696158252,80.88447731720494,-49.329887687319456,29.587554891428056,81.22144734197933,-49.71111534461377,29.363000588871007,-0.11048415161524616,0.0665039774534435,-0.04190604801828712,-0.45364858610296466,-0.013738533877752701,-0.12296352683566347,0.5701115236661853,0.04209757756737228,-0.6339793707927176,2.2909103155642447,-0.6158837018162397,1.7882450853559884,2.994220198495137,-1.0251527079042515,1.895609701188352,3.4687360612825135,0.27108988905727127,1.2491834892729448,1.150628134805938,-0.29000493439634273,0.9006029318181571,1.7621013645907102,0.7692815127039504,0.497740625476844,2.540603853704024,1.4802468655718644,0.922796697282232
3.0,79.668545451096,-49.80056304000872,29.874281266949804,80.04833748160617,-50.12495542497744,29.548270439450626,81.06758095152722,-49.858373403444126,29.06926391350566,-0.11048080193030785,0.06655390641598302,-0.04190510575364392,-0.578518492309783,-0.8716963344177628,-0.48131031205597274,0.416338214187155,0.0018783356408445528,-0.5617116340542955,3.4294665756331906,-0.9504675632020826,2.6733217156148936,4.750057220423547,-0.2912630944815334,2.444174616854098,5.532773462475295,0.9081203192776568,2.3460260888030815,1.1509418577929396,-0.2900111012503803,0.9009039216663352,-0.9814378040377042,-2.6400766309614205,0.7603593471037918,2.4740975795264433,1.3667040804634243,0.9310335925120115
4.0,79.55806674248915,-49.733984184894524,29.832376750075234,79.72744033258537,-51.07328035615498,28.62493426731611,80.77686602679624,-50.34629992129295,28.554803234832576,-0.11047577923958585,0.06660375648815631,-0.041903692647293767,-0.4971724297290123,-0.1256909431445301,0.2310882875106408,0.2376410028751306,-0.12191258839016435,-0.5497696547408727,4.563159716801298,-1.3025605456136633,3.5519772626997637,3.7523624894146206,-2.980429709282863,3.006905069091248,6.501956036706749,0.3228710440493176,3.237142358737544,1.1512551676499847,-0.29001973271571735,0.9012043405782145,1.7730509930412102,0.638126361575611,1.27166737383567,2.1914728985225227,0.9801018692220376,0.8915107453293294
5.0,79.44759389261682,-49.667355527032406,29.790473881655217,79.05399262214814,-50.376337311266504,30.010447014471907,80.22731375737933,-50.4313224272606,28.810254882036894,-0.11046908574618897,0.06665349618359784,-0.041901809047899974,-0.5129643072267243,0.24199528634647294,1.0747965014542054,0.0420657098058593,-0.1127473821630766,-0.34971536355642274,5.691809168873095,-1.67196313438706,4.423933171031747,5.462999062383352,-2.4465196292259024,4.327147846505028,7.558987348661401,-0.10765194389310347,4.254687438820999,1.1515679269490147,-0.2900308266626688,0.9015039988027715,1.4157564897888595,0.24949693899383146,0.41532612039659744,1.9681092784080474,0.680220370704836,0.8868916105633331
6.0,79.33712857099677,-49.60067719252733,29.748573131979434,78.70151171813193,-50.589289783462036,30.77452727022452,79.65201554278663,-50.56187563561685,29.37169580719776,-0.11046072438612242,0.06670309408565345,-0.04189945542021789,0.007318205677933065,0.4448288578434756,-0.6505478870032722,-0.0988772297667733,-0.11681241639329926,-0.14170021938191615,6.81524859543632,-2.058468126906979,5.288922505114774,6.8607596245478755,-2.243048539831212,4.76721197774003,8.584530078701784,-0.5101099569106682,5.054145939210623,1.1518799985034645,-0.29004438035396923,0.901802707069449,1.2611677247718454,0.18365914040372944,0.4801936809660425,1.791015749614064,0.46276807611912046,0.841990366757944
7.0,79.22667244384458,-49.5339493388611,29.70667497081478,79.06862903350401,-49.48667959557955,28.709351240465363,79.36977259616413,-50.22756462805861,29.032954317369587,-0.11045069882694492,0.06675251886722222,-0.041896632344968765,0.016823774021659688,0.5998817207330305,-0.957721453565318,-0.13660876204874317,-0.02398384229635854,-0.18224579782596576,7.9333261428498645,-2.4618611314505485,6.146690024546983,8.102873498773862,-2.12348144210399,5.267584987154284,9.580015185512536,-0.859982456584937,5.7114266103328895,1.152191245428436,-0.29006039044544824,0.9021002767077032,2.1319692335668723,-0.6941031023226876,1.8180186244435996,1.6529959129307679,0.31658678360790177,0.7861469447493581
8.0,79.11622717334288,-49.467172154792884,29.664779867289496,78.73515926617524,-49.389526341995975,28.859084363093885,79.05439229056482,-49.94210346446095,28.853715243932136,-0.11043901346619833,0.06680173931054867,-0.04189334051869942,0.10007699812506843,-0.167056673801806,0.3546757122283619,-0.16972024269833025,0.0333305496995506,-0.18168890216778796,9.045904635215754,-2.8819210675199183,6.99699219665708,10.158230496308637,-3.097295489436453,6.954057294623268,10.866375356153087,-1.5000197780278532,6.6752350070910325,1.1525015312007414,-0.29007885298685526,0.9023965197661727,0.671827442474614,0.17703093368405096,1.6066303395497668,1.6112938364524907,0.1626954699258272,0.7997516682886753
9.0,79.00579441691218,-49.40034586024,29.622888289777382,79.26878302975415,-49.820792943183164,29.418702664922087,79.01458254965844,-49.879017133764975,28.924560375914833,-0.11042567342946796,0.06685072432694739,-0.04188958075362059,-0.1304890341259437,0.6763251825066199,0.35623414268590814,-0.14794992900147375,0.03831700327837301,-0.13936942016476206,10.15286171785045,-3.318420665090811,7.839597148601576,10.741210361318934,-3.214606545218442,8.56858861302619,11.908607037420724,-2.0561743286308483,7.831932083733778,1.1528107197187858,-0.29009976342283444,0.9026912491313925,0.6902959260246779,-0.9822124210622606,0.5828896138922627,1.5390698293371212,0.054890598888387314,0.8463818164084331
10.0,78.89537582648394,-49.33347070613899,29.581000705782255,78.47418119792336,-48.036875976982735,29.5715526484657,78.74188006690079,-49.26730006963518,29.035159801980736,-0.11041068456813719,0.0668994429764389,-0.04188535397740267,-0.6121038161236854,0.5650137036841372,-0.36708781903961274,-0.16700507123332398,0.12590013794213473,-0.10118830262414423,11.254089952135564,-3.7711269603372344,8.674284561073863,11.406383309064204,-4.290485756772259,8.952784284192195,12.803911552177448,-2.831260446146389,8.748562963910809,1.1531186753622662,-0.29012311659404866,0.9029842786459782,0.09512828924104424,0.397699482447613,0.5153258906354741,1.4675054265705856,-0.05721646858146531,0.8464236025043885
11.0,78.7849730477759,-49.266546974287124,29.539117581822577,78.04457539750678,-48.69076553581489,28.68452702684286,78.41640507146568,-49.006736434294176,28.859429774661884,-0.1103940534568153,0.06694786448727541,-0.04188066123293943,0.1733055190751429,-1.2672340434487737,-0.5020217496891135,-0.18924278819218465,0.1447971542367408,-0.11164856998235503,12.349496864945255,-4.239801785540398,9.50084550603887,11.45917745763526,-4.002821921805382,9.538248236505247,13.428026550197359,-3.3501372778782206,9.548402076983328,1.1534252630516597,-0.2901489067384523,0.9032754232262078,1.7434353648348297,-0.9281002810707037,-0.5209271346614474,1.3674930901178273,-0.11495863183415427,0.8351317012823388
12.0,78.67458771957031,-49.19957497716444,29.497239383316376,78.82079223607364,-50.57134406388028,28.567509149087474,78.39421032015908,-49.34296742230915,28.697052475696207,-0.11037578739044562,0.06699595827538474,-0.04187550367808868,0.32872447029831164,0.037568542037661246,0.4453986722282579,-0.16753725280997844,0.08229433435246496,-0.11824005254252443,13.439004956117936,-4.724202251047897,10.319082231117457,13.257105359325427,-4.797906878646891,8.82869930121439,14.33660552117096,-3.9710197459024155,9.917599312753527,1.1537303483074728,-0.2901771274927132,0.9035644989789243,1.0594304572612798,0.3206428682397713,2.4500490824965824,1.3249462493163693,-0.15912305940927082,0.7751985640904591
13.0,78.56422147299502,-49.132555057736354,29.4553665744664,78.7020243381034,-48.61562845173957,29.575324371299377,78.3529556268536,-49.08930952448731,28.843547340531664,-0.11035589438114357,0.0670436939637078,-0.0418698825853987,-0.2239350514686933,0.6475419438653773,-0.09448746209954706,-0.15222853075398154,0.10306804351682627,-0.0861473131764661,14.522551667663162,-5.22408121731576,11.12880789340269,14.10470739712752,-5.0658707856155765,11.294164512675147,15.22113646724114,-4.518486937186178,10.797911845928441,1.154033797309229,-0.2902077718937824,0.9038513233176865,0.8911626420476529,0.46773674330177706,-0.12445168386795792,1.2860580128920829,-0.193538227535434,0.7888442469292836
14.0,78.45387593080802,-49.06548758923702,29.41349961814558,78.37292213313626,-49.27626017614953,28.37853422488838,78.24404368382172,-49.05919724361594,28.662094297004998,-0.11033438315463684,0.06709104140136546,-0.0418637993417974,-0.43118128864697525,-0.3525958314329536,0.26815008141833374,-0.1472939571064473,0.09475701066041346,-0.09700442751017846,15.600089318573499,-5.739187755237521,11.929846245596893,14.996124276565936,-4.581874443806331,11.291204271632788,16.09215081303125,-4.836342735329936,11.454204838638084,1.154335476954167,-0.29024083238061255,0.9041357150780941,2.5877455392467157,-1.2301967254874402,1.2130448819219766,1.2459463626687752,-0.19358010479322374,0.7798792773289821
15.0,78.34355270668574,-48.99837297493362,29.371638975782805,77.83966176080945,-49.320820114605475,30.111624534136045,78.03531343795797,-49.0496043021456,28.934665123222885,-0.1103112631464569,0.06713797068269045,-0.041857255448235264,0.05043203703839083,-0.4445397902380144,0.5890548304685428,-0.15391622846480305,0.08557710107332218,-0.0571675873131949,16.671585009247252,-6.26926759313913,12.72203127741589,17.50736262820875,-6.102291807999742,12.11498110646652,17.330794325645016,-5.445206899775528,12.140936247393732,1.154635254915624,-0.2902763007960233,0.9044174946322161,1.6345095708684796,-1.266468993292202,2.4798501598638376,1.256770438007555,-0.21181995204784404,0.7776704659368406
16.0,78.23325340451511,-48.93121164787164,29.32978510724911,78.47378620721304,-50.165339756625556,29.556643885825466,78.0163284918565,-49.237655921834964,29.032189956361844,-0.11028654449781072,0.06718445216615265,-0.04185025251931407,0.0068801302946255305,-0.0085146781050085,-0.19775633060162967,-0.1400637875812683,0.057485574690317405,-0.041286410080518934,17.737020499624517,-6.814063548993234,13.505206815216733,18.89831181044009,-8.080173101637516,14.090054362630916,18.608853490073205,-6.371349560622839,13.101424078337264,1.1549329997010787,-0.2903141683887137,0.9046964840020464,0.7120288021012446,0.38018599836332456,1.1431041724822142,1.2782909282453359,-0.2575132341808796,0.8011158036976272
17.0,78.12297961769012,-48.86400407060132,29.287938470744177,77.8534220213987,-49.33784947081549,29.716111872932785,77.87128865978426,-49.2145191291561,29.14888275205776,-0.11026023805110441,0.06723045649304638,-0.04184279228290144,0.13032319347351518,1.0102425525606726,-0.4489983146990042,-0.14055337977292012,0.05410600372866535,-0.025742862242088643,18.796392065199793,-7.373315946579385,14.279226082770943,19.439178453773952,-8.096406690626857,15.306709914028628,19.734220459829686,-7.13600238220482,14.099414618576182,1.155228580709827,-0.2903544258154221,0.9049725069719193,0.27161811069842096,0.38825648660614365,-0.17624604394418092,1.278876812129397,-0.28537876415574637,0.8267527506868115
18.0,78.0127329284129,-48.79675073488555,29.246099522683306,78.73443259416007,-48.14485465150421,28.658647256427457,77.9405507125164,-48.948118205996366,29.026041171510915,-0.11023235534521802,0.06727595460604263,-0.04183487657970275,-0.08367788874743098,0.4201408557043784,0.08551921681881858,-0.12065192249316407,0.07424264582082729,-0.03495289017563653,19.849710335102618,-7.94676301448566,15.043951226029149,19.715777399846157,-7.671539247579171,15.27040722944014,20.681403292985166,-7.687615560080148,14.879645925645208,1.1555218682902701,-0.2903970631432306,0.9052453891998111,1.4146967519486908,0.20050605228526794,1.1436343923413392,1.2588818198072633,-0.29259277869459865,0.8315208762606032
19.0,77.90251490699968,-48.72945216138923,29.20426871758477,77.68606624390384,-48.497567759406735,29.887150306570422,77.79296209001087,-48.798135460808545,29.17144018127369,-0.11020290861043236,0.06732091776757443,-0.041826507362801024,-0.6387637247298699,-0.3236077657554297,-0.13531761513698726,-0.12312875107000402,0.08120694517593696,-0.018369539600033322,20.897000116438175,-8.53414126701155,15.799252804608638,20.97456686743632,-7.8811566119462615,16.422977053428863,21.67798789559696,-8.189420803488094,15.72265644388077,1.1558127337967814,-0.29044206985201676,0.9055149583274578,-0.24872636273859694,-0.24682745257171101,-1.0204193908337513,1.2436945893426135,-0.2932092555628718,0.8433358671491542
20.0,77.79232711119204,-48.6621088993504,29.162446507957704,77.45690514470033,-48.79207018301507,28.388012026153483,77.62843439430577,-48.73153806858003,29.004322753309246,-0.11017191076306432,0.06736531757794495,-0.041817686697168455,-0.4206198976433768,0.23580715442466627,0.09142552880979338,-0.12683799018195713,0.07989796675442494,-0.031696968359506396,21.938300209056692,-9.135185866186891,16.545009252585867,20.868739109693305,-7.747324341146161,15.37193535679796,22.461366899189862,-8.586237556942713,16.211763760899643,1.156101049646137,-0.29048943483704853,0.9057810440892204,3.296372055763945,-0.9474935080736254,1.3140113974751917,1.2121491647442726,-0.28635020669779504,0.8244924163855767
21.0,77.68217108547356,-48.59472152623334,29.120633344190434,76.84482644861708,-48.0259534505574,30.07000136419001,77.37784927434575,-48.53374961888603,29.179390843370783,-0.11013937539978258,0.06740912599327231,-0.041808416759176126,0.03236806529295677,0.48362628208781544,0.47198143290960637,-0.13769306703642745,0.09023929955959603,-0.013559573140687044,22.97366321487815,-9.749630964271171,17.28110631099459,24.03890469171423,-9.124694201597185,16.233629354092706,23.655239347857112,-9.164137760600505,16.754187747365705,1.156386689373476,-0.29053914641172457,0.9060434784196291,-0.33066787728028757,-1.1454867542724716,2.3454884642457214,1.2178129900712615,-0.28246919928509584,0.8174805026250453
22.0,77.57204836039247,-48.527290647363856,29.07882967443935,77.52164127528624,-47.82481761883944,29.331974891972695,77.29171399085365,-48.33018841361605,29.196262713534143,-0.11010531679167457,0.06745231534322116,-0.04179869983604512,0.08277508752476592,-0.09044326056680418,0.0218300884272562,-0.13324617069462547,0.10001339637499372,-0.010934839015175694,24.003155345842064,-10.377210026234362,18.007436434220228,23.407089393760007,-11.117162459273057,17.946650876710688,24.537214246473823,-9.990024580679538,17.484626315884245,1.1566695276877739,-0.29059119231045777,0.9063020955595354,1.9330310659522707,1.4393308783832686,1.3250634726741672,1.208950299390283,-0.30497428301251406,0.8179941905040745
23.0,77.4619604518902,-48.4598168955469,29.037035944518344,77.01037662366662,-48.20683997169101,30.11366154104452,77.13202015270075,-48.22600760189532,29.351119364385546,-0.11006974987797946,0.06749485834848201,-0.04178853832527629,-0.09740532101334765,0.2638836236211759,-1.0852719335233587,-0.13549767040858574,0.10036816998494207,0.0031790518449673587,25.026856234485344,-11.017656131849407,18.72389817224542,24.99937521495799,-10.347565217557671,19.77725133644309,25.5299695602389,-10.570645759837157,18.3816119740206,1.156949440526798,-0.29064555969170136,0.9065567321608111,1.8315487352844393,-2.206078385008722,0.30323832165285547,1.2006938347802352,-0.3077993865471082,0.835772869561729
24.0,77.35190886063651,-48.39230093066689,28.9952525977888,77.32683063325955,-47.29705037159709,27.161431024925978,77.05420468554753,-47.98094169298933,28.971354724992928,-0.11003269025951568,0.06753672813798062,-0.04177793473407121,0.40342510038360757,-0.028485259906602778,-0.6847433056602128,-0.1306347971441666,0.11256685044979556,-0.029104850863338496,26.044858751079367,-11.670702257142352,19.430395530443178,26.971168078112235,-12.463422071963505,19.069352289594573,26.669697875421594,-11.413269822371715,19.018775899895438,1.1572263051115257,-0.29070223514111754,0.906807227389521,-0.971486087332607,0.9311322331544392,1.8886423528263105,1.2098096295641756,-0.31872916378415533,0.835774078159758
25.0,77.24189507137118,-48.32474343927094,28.9534800750502,77.81722682443383,-48.263810491504216,28.744174929724096,77.07658629769551,-47.93608331171951,28.908334491680595,-0.10999415419184544,0.06757789826584926,-0.041766891678710394,-0.06533876871593947,-1.1756965013793668,0.7982587340095701,-0.1178236376179791,0.10689802052527152,-0.03194438537441288,27.057268831183833,-12.336081535051834,20.126837308334665,25.534105934741188,-12.463737053809687,21.225855406038104,27.414302264966356,-12.141795064193065,19.873427084052192,1.1575,-0.2907612046748872,0.9070534230275096,3.165587027988127,-2.202226044079883,-0.06723792716202602,1.191392089448128,-0.3336472828518213,0.8447100921767388
26.0,77.13192055225282,-48.25714513413519,28.911718814431378,77.19615309582767,-49.64844337435582,28.75794849294512,76.99871874812183,-48.13539154552967,28.85645474742532,-0.10995415857816937,0.06761834272816003,-0.04175541188390142,-0.27263063508038954,0.5544147845043277,-0.11849741561662519,-0.11449352380782918,0.08137746217666096,-0.03360588471453489,28.064205317405786,-13.013527495241963,20.813136418431483,28.955036241272815,-14.390683861533194,20.128099373905076,28.546313997102512,-13.065355452084226,20.426663247737565,1.1577704051405968,-0.29082245374316024,0.9072951635723352,0.3420043461299167,1.119976050581893,0.15369828349743597,1.2021575457305866,-0.3447115377059273,0.8408730849997725
27.0,77.02198675421484,-48.18950675381462,28.8699692512824,77.27196555427305,-47.15498092249556,28.507180098490846,76.94852990746949,-47.904914188169755,28.770496867582004,-0.1099127209619013,0.06765803597932774,-0.04174349818210921,-0.42500175376193994,0.5876921908350532,0.35553240375674733,-0.10914818025799905,0.09377142983016858,-0.03795765795639532,29.0657998190893,-13.702774283094037,21.48920918596763,29.128760005338094,-13.486130552612995,20.826726842872517,29.54270672430616,-13.733082074787356,20.98334240333751,1.1580374019246849,-0.29088596723364557,0.9075322963354883,1.4222506200348959,-0.6024105954554567,1.7628257685005209,1.1971948079377541,-0.34385111083183206,0.8381218938176161
28.0,76.91209511032902,-48.12182906217654,28.82823181806716,76.34614958830379,-48.473058992685715,29.469013300458613,76.7586060603783,-47.9195434909752,28.85315013721875,-0.10986985951893047,0.06769695294823919,-0.04173115351285972,-0.1197963711671477,-0.6349820340297541,0.3193070244725913,-0.11585508873538775,0.08477077627728236,-0.0279431760653251,30.062196593611297,-14.40355685797064,22.15497462999695,30.239436879049997,-14.882491707371091,22.09860668536632,30.550584065778363,-14.511763148158227,21.63014612388101,1.1583008732386502,-0.29095172947533987,0.9077646715388332,1.299991298638424,-0.21507438783393076,0.41249364288768875,1.1961754672399438,-0.34920406119792863,0.8412172582289102
29.0,76.80224703517698,-48.05411284791814,28.78650694425668,77.03237281193876,-48.42494499055507,29.14579414743603,76.70588430041492,-47.930402724287525,28.87715409075043,-0.10982559304969897,0.06773506905409832,-0.04171838092202229,0.20712431023473243,0.5823757809951964,-0.607827704974822,-0.11061303973332745,0.07683048220302943,-0.023629932899464644,31.05355245292338,-15.115611170901584,22.810353725986886,31.473743501688773,-15.278679560399343,22.351093406333167,31.585493850137443,-15.249704062344042,22.21133864912647,1.1585607035152663,-0.29101972424239386,0.9079921424092109,0.678731167248243,-0.07744840351062639,0.9977402871953427,1.1953671623168023,-0.3501163728236622,0.8421222041555855
30.0,76.69244392422962,-47.98635892406834,28.744795056223115,76.76039820877325,-47.30830743069532,28.25335789050897,76.6217922445482,-47.76599744322213,28.757131654523008,-0.10977994097095944,0.06777236022196576,-0.04170518356104225,-0.3395245806610703,0.11595057794417585,-0.7335790169969592,-0.10840917283546286,0.08410785928943922,-0.031640052296062586,32.04003669896434,-15.838674321885943,23.455268649680832,31.927236325490515,-15.868872143883051,23.190074906338637,32.53859653599506,-15.977259606618746,22.816546216844554,1.158816778784387,-0.29108993475811634,0.9082145652711442,1.7814635433293768,1.1115496992418195,0.7201296810779377,1.1901025350339494,-0.3521986262482779,0.8435335491783661
31.0,76.58268715323506,-47.91856812747421,28.703096577134595,76.35332365061662,-48.19304383466672,27.67863611344211,76.48786246468771,-47.76339035828775,28.558576169456337,-0.10973292330722018,0.067808802897936,-0.04169156468616464,-0.040067968606436466,-0.17984759852561183,0.205816727995769,-0.11053278783519588,0.07732603522308712,-0.045529381667066916,33.021831091575514,-16.57248469703501,24.089642001627055,33.37215975335445,-15.321474637988102,24.442138671131623,33.54886823537863,-16.54780966357242,23.49642220914318,1.1590689867229356,-0.2911623436991131,0.9084317996375861,0.6443761496572424,-1.1569721257663241,0.7703089223081022,1.1829952097764926,-0.3450749735151098,0.8526383479070615
32.0,76.47297807761518,-47.85074131827247,28.661411926850786,76.68026227156038,-47.668002627746546,28.664991346500507,76.42534606438099,-47.68320145067336,28.537130788459315,-0.10968456068196986,0.06784437406402688,-0.04167752765764554,-0.0771083060540505,-0.2902975320573624,0.3233268412207213,-0.10653054492423043,0.07756466022848366,-0.04352194158440347,33.99912985258606,-17.31678208580165,24.713396011383143,34.01683861635076,-16.711416751624895,24.44115615225104,34.503440113399954,-17.23428377826931,24.085349845256516,1.1593172167041745,-0.2912369331995614,0.9086437082986548,2.1254240113244327,-0.958292774837196,1.2302626283178246,1.1772301352319474,-0.3436138219632329,0.8545611461807759
33.0,76.36331803187112,-47.782879379346156,28.619741521819304,76.19910703850852,-48.77363889878144,28.325289795883553,76.29993059163311,-47.78989805029113,28.467055230087386,-0.10963487430866081,0.06787905125273852,-0.041663075938915384,-0.33322705206563086,-0.3042873382377884,-0.0999027848468792,-0.1081075140201387,0.062178087663096585,-0.04573927772937332,34.972139709801375,-18.071307778549315,25.326451719998367,35.998391720021004,-18.20203839969783,24.921143364099287,35.5813931481782,-18.03083005435251,24.651887843873318,1.1595613598462302,-0.29131368485561815,0.908850157408298,-0.2284665746404699,-1.4565285542379127,1.2661888796293919,1.1806372874500386,-0.34370605744253124,0.8580132599078166
34.0,76.25370832899786,-47.71498321576699,28.578085774972955,76.01380816742912,-48.27657730422212,28.46518577680675,76.16384424456436,-47.81398457895771,28.428211029252726,-0.10958388598138669,0.06791281256121451,-0.04164821309571565,0.11393941058500445,1.2234576377025448,0.16667988436330283,-0.11044817704466166,0.054961332145930214,-0.04516244696911051,35.94107998472838,-18.83580464471006,25.928728138951097,35.70972947575103,-20.12420758673074,25.10443033973438,36.48920867015302,-18.97564856424622,25.16012712606067,1.1598013090598516,-0.29139257972996063,0.9090510165688331,1.386396561792379,2.5557128078826907,1.7336407016012847,1.1806624465153828,-0.35401221989162424,0.8535864821285003
35.0,76.14415025990834,-47.64705375422373,28.536445095627872,76.42698585967852,-46.32672362337635,28.658649564610158,76.11194455912987,-47.53455516913392,28.426240398923618,-0.10953161806531142,0.06794563666508324,-0.04163294279523022,0.1005610994720243,0.32268661037448965,-0.656752869066791,-0.10554144013908182,0.07377318827708201,-0.04154269734109924,36.90618272801192,-19.610017191765863,26.52014138327121,36.062806092980985,-19.06959433760936,28.185494586029243,37.32804650562819,-19.689980564517715,25.96529896333917,1.1600369590953827,-0.29147359835645914,0.9092461589133094,3.2851311579324984,-2.114885601375941,0.01725630050838643,1.1697631977939962,-0.3576564084632357,0.8668198440663324
36.0,76.03464509286724,-47.579091942436825,28.494819889382494,76.21493036637317,-47.63120408347314,27.151680038673167,76.03901165952756,-47.48743181252769,28.191884019206476,-0.10947809348685666,0.06797750283193338,-0.04161726880517769,-0.26017574977917235,-0.5711069891123941,0.7594152360735293,-0.10280418849447472,0.0715361272382026,-0.05772801445430752,37.86769290674006,-20.39369160526073,27.100603776105586,39.81428704058487,-20.74800640041182,26.817287739479283,38.505928801262236,-20.533546294194092,26.504175194777304,1.1602682065889303,-0.2915567207449799,0.9094354611856393,-2.290559998466336,0.33956261413207994,0.6748813589412587,1.1781751332928272,-0.354993859212312,0.873611003488962
37.0,75.92519407293463,-47.51109874855986,28.453210558017517,75.90663436012018,-47.46893760160114,30.177480036757217,75.9315905051678,-47.42417661040965,28.453160567216536,-0.10942333572367602,0.06800839093442335,-0.041601194992882284,-0.266892310150034,0.19960603126934728,0.617819610964947,-0.10319231033328986,0.07083999736015942,-0.03091113059881623,38.82586864800845,-21.186575770012887,27.670022921483714,37.24243364879014,-20.90274380634018,27.608397388311285,39.241319146561686,-21.305804354488362,27.064943261219305,1.1604949501077004,-0.29164192638631736,0.9096188038184504,2.159926073391465,-0.505940237310369,0.9252711777637486,1.1651138201568838,-0.3599996921970158,0.870871671575316
38.0,75.81579842141988,-47.44307516056798,28.41161749939673,75.6811457460731,-47.23199202093445,28.38731926060306,75.80543634981159,-47.334414715709556,28.416802591454744,-0.10936736879434505,0.06803828146296098,-0.041584725324320004,-0.509124825553954,0.44694569306386,-0.6405429032537988,-0.1051249900217378,0.07243263796108901,-0.03136958709488998,39.78098154341939,-21.988419272645938,28.228300741505528,39.240458510993776,-21.872783034520456,28.052503446107927,40.11562668799407,-22.10844484754298,27.597971969786993,1.1607170901944919,-0.2917291942572544,0.9097960710086062,0.41656607633492315,0.4609591444388269,-0.0005445360889136274,1.159248463140894,-0.36210002230975336,0.871207623540677
39.0,75.70645933534594,-47.37502218563394,28.370041107368877,74.88838470901227,-46.57504621547342,28.89639423024962,75.57380959836323,-47.15495443370983,28.46504302212914,-0.10931021724780976,0.068067155538035,-0.04156786386312561,0.23487730189064848,-0.35576002345688806,0.46155926436134287,-0.11578367057426142,0.08145048447351723,-0.024661872209229933,40.73331701953672,-22.79897338549635,28.775332473599153,39.54081598952299,-21.516190885582063,28.366875740192416,40.91713894354183,-22.785026128383418,28.09593874424093,1.1609345294113211,-0.29181850282574984,0.9099671507903496,3.1162280418873602,-0.6787353795602655,0.34631054660809707,1.1465694343668311,-0.3596405165922088,0.8693419076918522
40.0,75.59717798692427,-47.30694084949191,28.32848177167048,76.1509003498544,-47.943512067848225,29.310437789325746,75.56591686112318,-47.20897725426261,28.575862010361114,-0.10925190615261471,0.06809499492217697,-0.04155061476961741,-0.19086246496307524,-0.12649300732798707,0.46193229282350323,-0.10668535717313966,0.07002618264829566,-0.013236933244902663,41.68317477972897,-23.61799103188037,29.311005622875395,42.73167250357772,-22.255109407571428,28.166795648473673,41.98283858332608,-23.47358107581262,28.502069097924924,1.161147172382161,-0.2919098300562506,0.9101319351060241,-0.817879927057096,1.056834525336826,3.2233030092557104,1.1454959621474898,-0.34986614106410113,0.8707518568151994
41.0,75.48795552304071,-47.238832195789584,28.286939877829642,74.50665977908612,-46.828032230129395,29.820258815896626,75.31095772353113,-47.09055459833349,28.758383678766908,-0.10919246108592517,0.06812178203143304,-0.04153298229975455,-0.7327413563467289,0.1882031858486215,-0.4976330133467144,-0.11919748273570248,0.07411013295133609,0.0032822126006068902,42.63086932331708,-24.44522673261578,29.835198863931545,40.597172702148086,-23.60875446597811,31.544208001953695,42.68121763152728,-24.244068773534064,29.240533766912222,1.1613549258347762,-0.2920031534151291,0.9102903198743237,3.4108097786735576,-3.184962522237408,1.4288834845608844,1.1318608506549104,-0.3561880233478413,0.8794509465103133
42.0,75.37879306475241,-47.17069728542904,28.24541580707097,74.68541763716094,-47.56710569615098,28.315171762632318,75.11296333858688,-47.10213822063696,28.69218259301161,-0.10913190812232898,0.06814749994647684,-0.041514970804080065,0.20529948491429906,-0.6799846837567642,-0.7841773986554621,-0.12585016505863586,0.06687516159090733,-0.0025841387121385995,43.57673054850962,-25.28043653359382,30.347780885719004,44.52915923647981,-26.920728939851664,30.326104686519088,43.732270588115874,-25.308712240581443,29.752428748051305,1.1615576986416367,-0.2920984498762431,0.9104422050560342,0.8445947477902218,2.420398128124422,1.157893565166532,1.1423306638712805,-0.363153077956593,0.8851360110034879
43.0,75.26969170679605,-47.10253719589663,28.203909936221482,74.91725874891472,-48.18800159764292,28.2519040185857,74.97624392660724,-47.21462749989121,28.621493836388115,-0.10907027382236834,0.06817213242333864,-0.0414965847266604,-0.13418885983076478,0.4321336885066209,-0.398173044489166,-0.12676817524877904,0.05172614660928771,-0.008336214609653348,44.52110444626525,-26.12337791408013,30.848609172279488,44.11970215434662,-25.998036800136816,33.14043770808273,44.62777084716707,-26.16743354206462,30.50436129614117,1.1617554018598875,-0.29219569592661676,0.9105874947172193,-0.10589016865489329,-0.7307329089087075,-0.5053072327821959,1.1385184069757315,-0.3671361829968034,0.901115281933392
44.0,75.16065251710768,-47.034353020582365,28.16242263761765,74.41703991749941,-46.70283831913774,27.518825673653986,74.78219414670279,-47.09132130196254,28.44289326408473,-0.10900758522086562,0.06819566390361942,-0.04147782860398941,0.6096859354759374,0.33678921245908455,-0.17819640045808605,-0.13245217318850958,0.05777328038838625,-0.022720268962901795,45.464353892981286,-26.97380967529294,31.337528711258653,44.4406622185866,-26.168408786362544,32.16962406907345,45.451071754248844,-26.96705215310156,31.062876052497,1.1619479487703628,-0.29229486757224216,0.9107260970898151,2.610022816692744,-1.764449225735878,1.1491376624112875,1.1301413908978322,-0.3675380467972704,0.9052350650994038
45.0,75.05167653635432,-46.96614586808939,28.120954279013503,76.1366306198666,-47.514423172724754,27.89551121766953,74.88107601178199,-47.10836383975338,28.33854473869489,-0.10894386981509996,0.06821807952431769,-0.041458707063860345,0.5475934560684195,-0.5283417819498801,0.35995075202941607,-0.11290585007258232,0.051451797535000496,-0.029617361528520462,46.40685955078132,-27.83149180865696,31.814370621112964,47.290510155716724,-28.221656165872158,31.64559633822904,46.49019042807745,-27.911605370114472,31.494071319056868,1.162135254915624,-0.29239594034399974,0.9108579246295921,0.09599068590515049,0.19966908634848315,0.3555256622094041,1.1350213861053067,-0.36683570665222376,0.909199448032546
46.0,74.94276477747748,-46.89791686153373,28.079505223489928,75.51222682963625,-47.7595218830375,28.238727177712818,74.88393131564294,-47.166224853250505,28.298005553002426,-0.10887915555277772,0.06823936512725126,-0.041439224824223686,-0.19385623331006485,-0.22024111465149687,0.13590415633406927,-0.10312394512230821,0.042214782430801956,-0.03054026392042867,47.3490208851772,-28.696185342962963,32.2789506868182,47.17772710455454,-28.347084272064013,32.086187450073226,47.40664196689296,-28.774216635524056,31.915397500505296,1.1623172381370055,-0.29249888930369544,0.9109828940714509,1.8004014650473288,-0.6487662622066157,1.757220458729825,1.132131068984573,-0.3655549750997027,0.9097255429036495
47.0,74.83391822524877,-46.82966713783489,28.038075829365056,75.74891815324646,-47.95490540202775,28.167319530337668,74.93142692994914,-47.25328152502805,28.251884520506902,-0.10881347081971882,0.06825950726798524,-0.04141938669202894,-0.3025855189121529,0.7727000231419296,-0.553963112610802,-0.09039618821772086,0.03129099769720334,-0.031856880670357225,48.291257311029824,-29.567652169472915,32.73106779264983,48.58833789251984,-30.085603151597414,32.884987806671724,48.37556361328368,-29.736856190716637,32.36692581382415,1.1624938186106515,-0.29260368905021394,0.9111009264820135,1.1759654026571502,0.24817265016086704,-0.3249090358196255,1.1344118417255307,-0.367273716709627,0.9137731067715633
48.0,74.72513783583804,-46.76139784699776,27.99666645010587,74.90705579181194,-46.21412183675364,27.130800952491214,74.85130296869839,-47.065185558157886,28.050564932314856,-0.1087468444273938,0.06827849322430879,-0.04139919756204158,-1.0284066230057363,0.813577173286653,-0.0020764124167325093,-0.0895281744607826,0.04454117906838571,-0.04617665396680951,49.23400947904645,-30.445654843794724,33.17050223921501,49.77841743860414,-29.67750175550326,32.85666821527078,49.37019039871897,-30.55991156154357,32.75451357071597,1.1626649188825302,-0.29271031372578593,0.9112119473094793,-0.1383715812027276,0.23677862789091184,0.23896201551098267,1.1322960761637402,-0.3616909638272749,0.916752111673862
49.0,74.61642453639398,-46.69311015138627,27.955277434240973,73.69210490723499,-46.32775105545444,28.163166705504203,74.59535574118597,-46.91284415755735,28.029090998143587,-0.10867930560035433,0.06829631100427136,-0.04137866241562804,-0.11196578596624818,-0.08408482079384783,0.1535454338392288,-0.10359006915086856,0.05364996399989602,-0.04408935063252213,50.177740716553686,-31.329956363107595,33.597013930351096,49.448922161791934,-29.70609962818075,33.24251414746721,50.21844569895966,-31.300988254988162,33.13590511376029,1.1628304639024074,-0.29281873702236816,0.9113158864307143,2.0345908053703243,-0.16610320192289368,3.2696155650800747,1.1220924599788031,-0.35622158414195115,0.915355022836059
50.0,74.50777922463733,-46.62480522498922,27.913909125274614,74.68312421987945,-46.38229147834134,27.43789182016967,74.52153679936316,-46.78499875458838,27.89988354583388,-0.10861088396336527,0.06831294935379617,-0.04135778631952647,0.4348377246224828,-0.011791232957580888,-0.39532541826037004,-0.10107467045425776,0.05991882672789164,-0.05128108239522829,51.122938637999226,-32.220319917043525,34.01034041373856,50.293446664224525,-32.313357082043915,35.55274564576471,51.06087415169207,-32.24492968021251,33.71408844043204,1.1629903810567666,-0.2929289321881346,0.9114126781955417,1.6487237646787638,1.1883302458873424,-1.9100853383248262,1.1188250376630695,-0.3610311359680263,0.9240304198893403
51.0,74.39920276846725,-46.55648425267868,27.87256186160192,74.56178035647996,-46.351333521369604,27.372515868983463,74.44244761657106,-46.666934583484796,27.77453561354662,-0.10854160952840886,0.06832839776374655,-0.041336574424599704,0.4568069717511989,0.11291304675893343,-0.22028414589305534,-0.09921723344724458,0.06483121785100657,-0.057538596901906915,52.070116942593046,-33.11650861021708,34.41019475707663,52.106354879924744,-30.080213888947046,35.23624404299782,52.0000128502367,-32.86001295952105,34.18798324560531,1.1631446002006578,-0.2930408720340769,0.9115022614682085,0.9034359824026706,-2.6715037998547535,3.0887978229345534,1.10653013761703,-0.348389956082446,0.9331496655547515
52.0,74.29069600558051,-46.488148429461724,27.831235976425415,75.59673816338184,-46.15646538482347,26.99732352838356,74.53823819094823,-46.53277560629333,27.605037640320564,-0.10847151268155386,0.06834264647656596,-0.04131503196456876,0.04003345633392996,-0.3753713037575359,0.4841875756545182,-0.08274338853476879,0.07068787953161204,-0.06699668692731882,53.01981741873333,-34.01828515404087,34.79626323940257,53.16642690062287,-34.15641763734924,34.94253841503259,52.94156664308032,-33.84918750877432,34.58119821392864,1.163293053688468,-0.29315452894071314,0.9115845796659992,1.7114753854888924,-0.19473149087535166,0.5844889022746471,1.1086813460014906,-0.3496139286070777,0.9363095165766937
53.0,74.18225974310414,-46.41979895972555,27.789931797672782,74.64184726914782,-47.102076128884676,28.3408910202925,74.48448453353967,-46.56164686878198,27.66293550392924,-0.10840062416957608,0.06835568649246682,-0.04129316425471252,-0.3559132504176503,-0.3847246472497581,0.7128447050017268,-0.08029459148004188,0.06227800043721735,-0.056446695753803476,53.972612177414604,-34.92541152505793,35.16820283455878,54.750024304325486,-34.74358266599297,35.168622301972704,53.95568078958661,-34.80268604511563,34.944158086539446,1.1634356764035911,-0.2932698748649023,0.911659580794976,0.28858113101907185,-0.5550519787064085,1.1554846627691313,1.111394737967649,-0.34721978145862253,0.9413943256298999
54.0,74.07389475724136,-46.35143705647679,27.74864964791599,74.88491166254654,-46.925914679322986,28.423012938387014,74.47896978732147,-46.56572124724234,27.733505220181833,-0.10832897508652906,0.06836750957509707,-0.04127097669055679,-0.19364941368059618,0.6972271501527345,0.34712695592846643,-0.07397831797582563,0.056673552189097164,-0.04571826491863175,54.92910613973132,-35.83764858656001,35.52563846088018,54.88802855591815,-36.007802655800084,35.42871972451127,54.880408747552565,-35.79568969428796,35.28623416550725,1.1635724057869903,-0.29338688134676355,0.9117272174828183,1.8677816332436918,0.4556184942686399,0.21602281092663367,1.1123439753660973,-0.34837276648583665,0.9422244076941539
55.0,73.96560179293108,-46.28306394057535,27.70738984429167,74.25454844178662,-45.70762182857921,29.035144932149432,74.3815900018117,-46.384385610678486,27.897368977536296,-0.10825659686008038,0.0683781082567414,-0.04124847474655802,-0.5996508901136721,0.09180926215471885,-0.6897601703510041,-0.07595478825829531,0.0672024177296887,-0.028017125528045108,55.88993980692188,-36.75475566972879,35.868159967832014,56.394407906091644,-35.92899744517594,36.04405770524156,55.87177668314023,-36.67978922859771,35.64268071639163,1.1637031818646388,-0.29350551951669823,0.9117874470087441,-0.6284638191864728,1.0358237526550218,0.6067720760584299,1.1107384524872264,-0.34371992860726946,0.9477282289475505
56.0,73.8573815635212,-46.21468083996331,27.666152698422874,73.6856098823192,-46.74229615501355,27.043492597685006,74.20919462867936,-46.38330652797037,27.740895246288556,-0.1081835212376916,0.06838747584304272,-0.041225663974733706,-0.5381904454033659,-0.24631917844996565,-0.5857000167177908,-0.08409960768983174,0.061618019577550746,-0.0388658347072921,56.85579234520867,-37.67649010992897,36.19531882651473,54.89941323296041,-35.845422477373276,37.522202749005736,56.59377642625299,-37.46809352057031,36.11501792549791,1.1638279472738273,-0.2936257601025131,0.9118402313304943,2.698423211298073,-1.6367291396399468,2.510307578876888,1.0967143528225205,-0.3427738390832987,0.9499603512412463
57.0,73.7492347504557,-46.14628898888927,27.6249385163422,73.1781675509799,-46.20026018547914,27.86374489871385,73.97781415914916,-46.30280209035451,27.727181914885005,-0.10810978027275553,0.06839560641724063,-0.04120255000329642,0.07461784009375094,0.62171740110497,0.2746781625229051,-0.09653748227135589,0.06321297832452828,-0.03674170481292465,57.82738502204733,-38.60260673307882,36.506624486595676,57.572120103043396,-38.84169961825272,37.565596911698684,57.51929450726392,-38.49355813228908,36.52813847857665,1.1639466472883238,-0.293747573436643,0.9118855371083597,1.1347184145081488,-1.2778798904212905,1.1394721339661305,1.0982453638039662,-0.34538761787868405,0.9567688310464768
58.0,73.64116200297569,-46.077889627128826,27.58374759841628,73.8348455625067,-45.49886135280361,27.592848922730816,73.87405532840502,-46.1243850436958,27.675262011070295,-0.10803540631049913,0.06840249484388394,-0.04117913853527,0.6862351204324639,0.002758201505535851,0.7914768785852715,-0.09714730015051004,0.07294156307379215,-0.038023451173667004,58.80548503538651,-39.53285728621374,36.80154035724668,59.11294929584165,-40.48229521278642,36.92951767429476,58.51508908307562,-39.593740087389556,36.81820643980782,1.1640592298423782,-0.29387092946347027,0.91192333572624,-0.527686640375531,0.28573302383203397,0.6310455004627341,1.104392624739253,-0.34798534473179027,0.9599140084725188
59.0,73.5331639378347,-46.0094839992015,27.54258023927166,74.55063779184482,-46.194743782468066,29.446698655884394,73.89723942330399,-46.073729718070254,27.91864799750986,-0.1079604319737939,0.06840813677209567,-0.04115543534709154,0.014181359978451269,-0.5211111451362136,-0.42051847182574775,-0.08698606856878092,0.07105963010273425,-0.014260189194559465,59.790909783248324,-40.46698980541976,37.07947936396635,58.09309202751771,-40.87209059834372,37.68459568236533,59.31058875066418,-40.62512114853568,37.13866884221323,1.164165645553562,-0.2939957977467412,0.911953603309718,3.496448052003394,-0.7074563213730276,-0.013634123174265263,1.1013395046091867,-0.3531008715779861,0.9572552608222907
60.0,73.4252411390281,-45.941073353584635,27.501436727722098,73.8632082824636,-46.541083643076036,26.75181197907932,73.8184886218584,-46.08640128427488,27.725145380071798,-0.10788489014886693,0.06841252863831215,-0.041131446287165474,-0.4477564718188134,0.08283044540754858,-0.7432904816612993,-0.08629066987931726,0.06398923841922001,-0.02939569698467672,60.78453162747642,-41.404747913224625,37.33979902664476,62.129408799620826,-41.21276199758569,36.86247858321075,60.456643235078666,-41.587079138706216,37.318399462544875,1.1642658477444272,-0.2941221474770753,0.9119763207411392,0.32595879193611815,-0.8259079086182624,0.868886530724626,1.105270209574525,-0.3463258544831078,0.9629229759575633
61.0,73.31739415753697,-45.872658941924875,27.46031734669733,73.6551248482072,-46.02908289165297,27.960117692561795,73.72021242098648,-46.02344941979206,27.736861183934295,-0.10780881397085551,0.06841566766853902,-0.04110717727442825,-0.16115921708786374,0.34293069298433565,0.03732739572301824,-0.08730272713601253,0.06390164264887913,-0.025924245215732968,61.787283212982224,-42.34587003626806,37.58179599675919,62.750485877138864,-42.365187744987935,36.41965817373937,61.55462902789137,-42.57351881188888,37.42200554415656,1.164359792462981,-0.29424994747956723,0.911991473671687,1.8868942845940355,0.6118062504239851,1.01497109901471,1.1084761697955214,-0.34110898564203096,0.9626215296827578
62.0,73.20962351108639,-45.80424201824756,27.41922237317324,73.54088984828788,-45.855222257107364,26.826466770525357,73.61860031909553,-45.943324831390875,27.57339905198478,-0.10773223680929078,0.06841755188009913,-0.04108263429690062,-0.806794110784459,-0.009650706479312987,0.00875677078408188,-0.08851099304983959,0.06527148813200156,-0.037537774335358404,62.800163412384634,-43.29008853259493,37.80469998304564,63.71219230536083,-42.99584393892553,37.78446745976118,62.64914738491273,-43.52194540398375,37.64342188666425,1.1644474385019647,-0.29437916622147875,0.9119990525304457,1.2553562180946705,-0.9614984688040739,1.0627702987218008,1.1093277395721877,-0.33605484390614343,0.9693425593587645
63.0,73.10192968391839,-45.73582383816468,27.37815207810353,72.04153662663828,-46.048384304611595,27.97763123412996,73.29862195713628,-45.90453951300202,27.60455574142654,-0.10765519225345344,0.06841818008287959,-0.04105782341019548,-0.19835555040862118,-0.34210027303641155,0.31593330196166036,-0.10805563537803169,0.06303504885888656,-0.03173735101531719,63.82424397573495,-44.23712871619107,38.00766698521381,65.36030564869921,-44.36874716389205,37.215935358821056,63.80885784734402,-44.52177190788719,37.770012429692244,1.1645287474169295,-0.29450977182001875,0.9119990525304457,0.16100566058857335,-0.8233931260879146,1.1153525664975628,1.1135927382777107,-0.3308076531531704,0.9739690068324444
64.0,72.99431312657948,-45.6674056580818,27.33710672635285,73.14417874747063,-46.53942280318019,27.458333374448678,73.18335333222983,-45.95002657913783,27.555016657210462,-0.10757771409761574,0.06841755188009913,-0.04103275073602752,0.5574798974475286,-0.08465231756683878,-0.2869685416683083,-0.1086646826083245,0.053871706349842216,-0.033240485916265154,64.86067697621266,-45.18670776436113,38.189771744103396,65.81055362120114,-45.72470808549881,36.807258730869314,64.90462677071707,-45.56279982901013,37.82610041830305,1.1646036835430973,-0.2946417320502101,0.911991473671687,0.4958374705536022,0.6125823804317145,1.1583527591638751,1.1173904074271879,-0.3282261049971044,0.9720613036468612
65.0,72.88677425572315,-45.59898873440448,27.296086576631474,73.15649642153333,-46.21768893974527,27.403694150793342,73.08740896573175,-45.94615030569527,27.50341556089489,-0.10749983632626225,0.06841566766854257,-0.041007422460703324,-0.1620595953157391,0.10438463597701997,0.023604829613281808,-0.10759061265265801,0.04965022380641947,-0.03479080745125402,65.91070315544457,-46.13853349117906,38.3499993039352,65.2272680774144,-46.525127810142315,38.304220536483456,65.83942306541644,-46.57703196053805,38.01329731925468,1.164672214011007,-0.29477501435284054,0.9119763207411392,1.3706486131564033,-0.11875962666365165,1.0326501625635987,1.1152580956133094,-0.3297955801152834,0.9706826087832137
66.0,72.77931345392696,-45.53057432274471,27.255091881431444,72.82005955683915,-46.33065353122615,27.50554303367524,72.95497790940327,-45.964005374609826,27.47436507248888,-0.10742159309916133,0.0684125286383157,-0.040981844833593684,-0.04600809177537002,0.7568305664200601,0.2740450862976882,-0.10968807399252671,0.04395025549802062,-0.03430611009910363,66.97566128663173,-47.09230296745959,38.48723556780443,66.25887804260087,-47.51538088849828,38.76767755809365,66.797141803788,-47.58984424071187,38.20763408634836,1.1647343087609303,-0.2949095858424963,0.911953603309718,0.9518776728853812,0.8438491227546615,-0.23889946677950158,1.11320886907166,-0.33134963260859157,0.9714356401749091
67.0,72.67193106952483,-45.46216367712785,27.214122886964287,73.0644802379826,-44.70402780690515,27.95178432338872,72.87937055380098,-45.73098167476442,27.519624343522878,-0.10734301873637264,0.06840813677209212,-0.04095602416559885,-0.6099003489774546,0.14020897704251567,0.014080743235533433,-0.10681038407927929,0.05991514031738822,-0.027587809970899744,68.05699869015052,-48.04770096442336,38.600256711106624,66.47837695419466,-46.95824572671128,39.76524472835052,67.68479029806406,-48.43961323595831,38.46906803898189,1.1647899405560576,-0.29504541331567596,0.91192333572624,2.3188274835667086,-0.5463132676668322,1.0994165450611706,1.1022698417092354,-0.3290520006168328,0.9740999948826935
68.0,72.56462741645421,-45.39375804920053,27.173179833100246,71.60025885888425,-46.050235577141116,27.53370452014631,72.5902879994484,-45.73002063069634,27.49851517029601,-0.10726414770321924,0.06840249484387684,-0.040929966827581765,-0.12371364911282967,-0.13039875006035473,0.9386953366893547,-0.1222010253153877,0.05493719254065626,-0.027040768841818188,69.15628305490863,-49.00439819437112,38.68771729899772,68.89353420082,-48.182677235632156,39.634863283518555,68.73907441739007,-49.33075574046553,38.66957845841246,1.1648390849944448,-0.2951824632589829,0.9118855371083597,-0.6588405382532286,-0.44542982439225637,1.3700255537087103,1.0968731938614797,-0.32462705838632994,0.9818908409716036
69.0,72.45740277411839,-45.325358687440094,27.132262953309123,72.81705293975693,-44.96482530702586,29.829174996767428,72.52234440414126,-45.56465209345803,27.83805105256656,-0.10718501459513874,0.06839560641723708,-0.04090367924879601,0.5748109429324515,0.7940823444507394,0.11273459445079403,-0.11761963873484808,0.06426178975419689,0.00391221492261911,70.27521573963061,-49.96204931712962,38.74813693312267,68.13454241251264,-49.62063800053852,39.76770693168655,69.6068402562337,-50.28576461039624,38.848759673303086,1.164881720519717,-0.2953207018573943,0.9118402313304943,2.2985790748278463,-0.6756775944413504,0.08135578276542532,1.0894504557806173,-0.3259800251616495,0.9799776259880636
70.0,72.35025738726394,-45.256966836366054,27.091372474602654,72.74988074474915,-44.46207088823964,27.759173709047896,72.45838932354611,-45.33895328399795,27.829091217348854,-0.10710565412252038,0.06838747584304272,-0.04087716791531015,-0.05894379898476387,-0.22222344998819565,-1.123693962471819,-0.11308829739162517,0.077893249083754,0.002825321542801319,71.4156467515077,-50.92029067566066,38.779885229612695,71.14863293041519,-49.931962542742944,38.83064344078282,70.71546529848258,-51.17163344729394,38.88319742965367,1.164917828430524,-0.29546009500260456,0.9117874470087441,1.0491374829975018,0.1841640163716147,3.2838276236710904,1.0846187277923744,-0.3194275307408303,0.9827721735877943
71.0,72.24319146587335,-45.18858373575401,27.050508617478503,72.6991653417874,-45.40927220700225,27.58178707182379,72.40031914953785,-45.284103770070914,27.793026904438577,-0.10702610109549227,0.0683781082567414,-0.040850439368401936,-0.5773266049262489,-0.4119563781654705,-0.5446282983312098,-0.10844264710575369,0.07594746961627939,-0.00045846260511519946,72.57959162524796,-51.87873771787849,38.781164904774876,70.62985467352694,-52.97487845510901,40.834972051353866,71.66504238911338,-52.287786213119844,39.10573482650526,1.1649473928887424,-0.2956006083014409,0.9117272174828183,1.2123283540378522,-0.267197014449239,-0.9357162294104895,1.0850110999699152,-0.32645942934454625,0.9877112725696829
72.0,72.13620518507295,-45.12021061985257,27.00967159586585,71.59522753489665,-45.28598364457058,26.669917112385477,72.1835635108904,-45.22025667360923,27.618021819908545,-0.10694639040864473,0.06836750957510063,-0.04082350020294179,-0.3062773795804574,0.9888422435349504,-0.9600055447826978,-0.11758846929016759,0.07492572827517362,-0.01519697498754345,73.76925045330074,-52.83698205422958,38.74999271718736,72.5595450688792,-52.171384130471,39.931706787928746,72.73891128275152,-53.20586640734073,39.18068340545654,1.164970400926424,-0.29574220708434934,0.911659580794976,-0.39077561336226596,-3.127170513957199,2.34164682056182,1.079309946098086,-0.32307107533218676,0.9921381470701038
73.0,72.02929868505606,-45.05184871660381,26.96886161707262,72.08661058262649,-43.43158771993235,25.661775982258394,72.06918338277119,-44.87888419021816,27.301037410659013,-0.10686655702573233,0.06835568649247037,-0.04079635706576035,0.40381333469349556,-0.4132083560649029,-0.036095268351875376,-0.11731755987678821,0.09742425018383169,-0.04067963173278259,74.98702934740061,-53.79458809174602,38.68417798556533,75.38521951228678,-55.28708271767277,35.944062918245486,74.00635458357435,-54.360617570301095,38.80875191981961,1.1649868424514829,-0.29588485641394896,0.9115845796659992,4.390291045979161,1.621480023900477,-1.2335850661872592,1.087790013375211,-0.32176992543128385,0.9810085791115076
74.0,71.92247207102149,-44.98349924686763,26.92807888173433,72.40285420428364,-46.112400356700384,26.597726575681726,72.02198368114512,-44.988389198806935,27.15733454662372,-0.10678663596429061,0.06834264647656951,-0.04076901665402666,0.24569012418907477,-0.7192898451757443,0.23556312847782834,-0.11139685522476811,0.07995128315917749,-0.04937884397310273,76.23556464163262,-54.75108917486567,38.58129837173186,77.96273881312219,-53.71309642638082,38.17100028760237,75.46705848855383,-55.21606526848002,38.656777166979325,1.1649967102521226,-0.29602852109365224,0.9115022614682085,0.23584844793015367,0.09436933482125692,2.4820804197741952,1.086761203776324,-0.3098037998820067,0.9933153527019303
75.0,71.81572541312748,-44.91516342365067,26.887323583764566,72.57799083100464,-44.87016741028384,26.13290223921405,72.01435187078026,-44.90248778547826,26.956358670562782,-0.1067066622803381,0.0683283977637501,-0.04074148571357661,-0.5972540271524025,0.8706381648072643,-0.13119365378827297,-0.10263498380821938,0.08045370934255444,-0.062179625817096414,77.51775017632362,-55.7059831510636,38.438672588949615,77.31065361199794,-56.1175052402747,39.25588707320402,76.71484071877612,-56.24063805930036,38.62255575540494,1.1649999999999998,-0.29617316567634916,0.9114126781955417,0.8238038082188535,0.02686624012467656,-0.2432103754842433,1.087379631935471,-0.3088836131958135,1.0010656094062647
76.0,71.70905874646081,-44.84684245134013,26.846595910307176,71.20834614997884,-44.371124027085855,26.33533926810518,71.8023600748284,-44.75192867803737,26.807293234378143,-0.10662667105300017,0.06831294935380328,-0.04071377103725027,-0.41199887363789145,0.06176508663672564,0.10843677957597109,-0.11186904005304742,0.08637338802023684,-0.06951623744726633,78.83676802754202,-56.65872726499371,38.25332967041286,78.17208868687489,-55.87413797926947,39.210494944356476,77.95136605575316,-57.136053925936196,38.55214680618124,1.1649967102521226,-0.29631875447315326,0.9113158864307143,2.411663072111305,-2.2482740769564167,0.11897037210097489,1.081601716241932,-0.3035727303685136,1.0073773467911005
77.0,71.60247207102148,-44.77853752494306,26.805896041690065,71.75399308372886,-44.74663723701039,26.349775798365993,71.70036402679405,-44.67816151971709,26.677452443632102,-0.10654669736906186,0.06829631100427136,-0.04068587946323454,0.8941900321357892,0.052308756688436375,-0.49385746369239847,-0.1110353662089131,0.08530892002977489,-0.07461003293996168,80.19612306465697,-57.60873226812723,38.021974415055865,83.86285085109948,-56.342894713157854,35.261119237590066,79.70114563013969,-57.99644671862732,38.02064722853104,1.1649868424514829,-0.2964652515622075,0.9112119473094793,-1.5481843464145586,0.600724627778202,2.079403160254206,1.0842502482147784,-0.2863330098433776,1.0152552390613778
78.0,71.49596535172269,-44.71024982933159,26.765224151380707,72.99672621425042,-44.26650651370898,25.347624340720383,71.80814387206439,-44.54211392415615,26.40768731274689,-0.10646677630762014,0.06827849322430168,-0.040657817873361424,-0.11696827249200936,-0.17929691341096898,0.4857539709673535,-0.09255862111664914,0.08959329115630998,-0.09108891927429702,81.59968172183916,-58.55535561155739,37.74094862442244,80.95722334068482,-58.3248510035819,36.87311920694576,80.96703069633303,-58.96868595133929,37.70726734380748,1.164970400926424,-0.29661262079754713,0.9111009264820135,1.8610050047694815,0.44878497698259,1.1723593792526092,1.0813771967361143,-0.2825030582268444,1.0101231532325297
79.0,71.38953851840624,-44.64198053849446,26.724580405943342,71.52005653874484,-45.10523106383233,27.3212837403007,71.68518542825356,-44.55400077442972,26.472801828062426,-0.10638694292469353,0.0682595072679888,-0.040629593191406244,-1.1341496326400033,-0.19376990505672964,0.8449158597819153,-0.0951255831302535,0.08102430472483543,-0.07789909619472568,83.05171534892294,-59.497893567552914,37.40618776482567,81.79247499028396,-59.41665414547355,38.07144548147565,82.22091845767176,-59.94661194711134,37.513650636230054,1.1649473928887424,-0.29676082581801855,0.9109828940714509,2.4721033713079636,-0.01079416739319486,1.6252167633965693,1.0778154276606733,-0.2813087392729896,1.0114524503951223
80.0,71.2831914658733,-44.57373081479561,26.683964964997894,70.72842694897041,-44.65404632382244,27.037456060284214,71.4560975250717,-44.50112829382545,26.494803669977056,-0.106307232237846,0.06823936512725481,-0.040601212381384144,0.1314480755523988,-0.12023911467333193,-0.45602831210439554,-0.10643737405173528,0.0786471620448076,-0.0694634515722854,84.55694844836893,-60.43557210059408,37.013172747727886,83.93048183052349,-61.030497766838366,38.456515103125206,83.60977590806586,-60.990406514225825,37.33329064433374,1.164917828430524,-0.29690983005625055,0.9108579246295921,0.293424608417316,-1.0634949797456086,0.2517174722412185,1.0784011382002099,-0.2822536965373105,1.0207375113246808
81.0,71.17692405393055,-44.50550180823995,26.643377981180574,71.78295268984964,-45.34570929317899,26.40922711609191,71.4170262710299,-44.56601995034718,26.422835035215897,-0.10622767921082499,0.06821807952431769,-0.04057268244583412,0.004923720334289783,-0.12028939736306654,0.40059075400938937,-0.1007489696583584,0.06652672456030241,-0.06967498958361368,86.12061198721344,-61.36753628130728,36.55687663914245,86.11166892656041,-61.37362097748176,36.30241052126717,85.13651154437684,-61.96473657813432,36.88555054871829,1.164881720519717,-0.297059596747677,0.9107260970898151,1.01778478038382,-0.9103552832868014,0.4114140114632165,1.077735736087306,-0.2776787480091978,1.0233059437765297
82.0,71.07073610745165,-44.437294655746975,26.602819600106226,70.73827438963899,-44.894625118548575,27.838637568302993,71.22641235476685,-44.560926318465256,26.584114519299426,-0.10614831873820663,0.06819566390362297,-0.04054401042409772,-0.26741903786141563,0.046990022355878125,0.39778310358940594,-0.10833718047618925,0.06133930414725155,-0.05017315597971977,87.74850176556123,-62.29283800774449,36.031706316207824,88.77758631695446,-61.825263833510554,34.42885609558781,86.84173049008561,-62.882455666682574,36.22456610261615,1.1648390849944448,-0.29721008893960776,0.9105874947172193,0.34026769254431993,0.45222755398925957,1.290058764032366,1.0772005605992176,-0.26855183440311214,1.0242302474652594
83.0,70.96462741645414,-44.3691104804327,26.56228996033238,71.2481146141268,-45.251729248467235,27.20479332327072,71.1382930431119,-44.61652625247607,26.638242004277934,-0.10606918563011192,0.0681721324233493,-0.04051520339056758,0.8029163422306382,0.6582002050170495,-1.190203675572855,-0.10662998002581306,0.051464934013817056,-0.04136599124871759,89.44704148310711,-63.21042176947762,35.431439429172684,88.18515165247105,-63.102932649837115,35.48065771753701,88.34916989918713,-63.83067143851192,35.69575081207706,1.1647899405560576,-0.2973612695003463,0.9104422050560342,2.6737581915941426,0.657498387807914,0.9542898396181421,1.0735826126906909,-0.2650716515079315,1.0222475726131839
84.0,70.85859773619143,-44.300950390900276,26.52178919332509,72.34410707410026,-43.578224708514476,25.458230217157283,71.23571516287579,-44.41163299640104,26.419845173149923,-0.10599031459695851,0.0681474999464804,-0.040486268452939456,-0.4172158389364782,0.9528757861790638,-0.6094222628886836,-0.08939978330607912,0.06442044966015413,-0.05631450782719698,91.22334961143733,-64.11910816398795,34.749157560782606,89.49751349997727,-64.04372393502327,37.00094657422877,89.89280180167577,-64.77158957180217,35.32047880995382,1.1647343087609303,-0.2975131011283515,0.9102903198743237,1.5844246175384096,-1.2209940893824687,0.9973088504343344,1.0691187067868233,-0.2638569117063592,1.0311761118954572
85.0,70.75264678726022,-44.23281548053974,26.4813174234265,70.41368293625385,-43.34597767610911,25.985948797493354,71.03240942472365,-44.19154565674034,26.304826162703367,-0.10591174023417693,0.06812178203142949,-0.04045721275047853,-0.6933296093374182,-0.022119140461203557,0.16689661028109626,-0.09901802277436589,0.07756499006045367,-0.061271526666315156,93.08530836812928,-65.0175748568991,33.97717728680659,93.7025736031976,-65.00681006013879,34.09840807652856,91.79422772744057,-65.716727564229,34.594546101504804,1.164672214011007,-0.297665546361441,0.9101319351060241,0.3958720036969829,-0.4746673803044183,0.6144681844787234,1.0695212279549078,-0.25823796465178467,1.0404025385663218
86.0,70.64677425572307,-44.16470682683742,26.440874767824134,70.95744785542543,-43.62246298943688,25.792023437719475,70.9371315765801,-44.037562006346455,26.173352869403303,-0.1058334970070689,0.06809499492218052,-0.040428043452248374,0.04281455387448574,-1.509767476317311,-0.15127940495267644,-0.09870220177728291,0.08401779504539429,-0.06719937606473952,95.0416318847132,-65.90433467595918,33.10698204541254,95.23111919745241,-65.58247462912784,32.851645325418424,93.7421370619229,-66.62207102006485,33.724231907032554,1.1646036835430973,-0.29781856758603464,0.9099671507903496,-0.604083859655316,-0.8256980463826957,1.801303886535433,1.0678050505542283,-0.2510653981141183,1.04478383731259
87.0,70.54097979324608,-44.09662549069538,26.400461336522003,70.49931204400282,-46.36551262874373,25.683389987588,70.78570514386375,-44.32854474447629,26.040424382245316,-0.10575561923571541,0.06806715553803144,-0.04039876775533813,-0.34949127207450204,-0.6397788768499311,0.8553708536730635,-0.10315424447684714,0.052352688578782065,-0.07274955297542371,97.10192891421431,-66.7777105562433,32.12915946945947,96.94781498672928,-67.28640929955263,30.319990448579027,95.7485044053043,-67.60596669915044,32.59096790528865,1.1645287474169295,-0.29797212704643494,0.9097960710086062,3.859304752533252,0.008792161318153136,-0.6926500880906366,1.069002646180465,-0.2463184204607394,1.0377881789729273
88.0,70.43526301725164,-44.028572515761354,26.360077232313458,70.25846531127642,-44.902020743136745,27.502765145065602,70.61661624020759,-44.37349270075462,26.206342823700975,-0.10567814107987772,0.06803828146295032,-0.040369392883086164,-0.5853937487444725,1.048466280143181,0.36392548363404664,-0.10872177710740864,0.04413660735595555,-0.05259639129376589,99.27675294624936,-67.63580713046852,31.033351313532915,100.53940640749185,-66.60327246177046,30.6109884475548,98.04247614185095,-68.397625485957,31.48615580892053,1.1644474385019647,-0.29812618685414277,0.9096188038184504,0.8069082150709325,-1.0611808651770906,1.641145144796685,1.0660140275742447,-0.23481674202478314,1.049146678991531
89.0,70.32962351108633,-43.96054892776948,26.31972255075583,69.32852454651388,-44.26858006845737,26.411240954856094,70.32453206759554,-44.31990694825281,26.193780362221375,-0.10560109652403327,0.06800839093442335,-0.04033992608329662,0.4872434076367185,0.0021807517093144213,-0.20457656920513223,-0.12420492328596239,0.04493449448626432,-0.049215920692317255,101.5776291663657,-68.47647891258634,29.808226538847638,104.67734440147854,-67.97383552189707,27.00048433629948,100.64336045955962,-69.25165661850417,29.999609052479627,1.164359792462981,-0.29828070899720593,0.9094354611856393,0.4134666879492077,0.9551754332030368,1.648972045164467,1.0685186335242152,-0.22318081636566334,1.056167571452534
90.0,70.22406082420358,-43.89255573389251,26.279397380146865,71.23295212654986,-44.89765923971812,27.093612006655338,70.36087437813359,-44.37178460023079,26.292117487377197,-0.10552451936246854,0.06797750283193693,-0.04031037462646836,0.39860653428061,-0.12153495469090103,0.07566663931554451,-0.11064829455582612,0.036759664594009145,-0.03675652283837006,104.01704308091111,-69.297295296241,28.441492734555027,103.74065562844703,-69.80695316909778,28.447607734683064,102.97922106360355,-70.19472193972805,28.713462719252302,1.1642658477444272,-0.29843565534959776,0.9092461589133094,1.6306996170327095,-1.431383630791327,0.04060266950287863,1.0682537234618963,-0.22060739926025927,1.0595862444263102
91.0,70.11857447236139,-43.824593922105606,26.239101801502894,70.1257376150751,-44.51164997783917,26.562574233487183,70.23087125674103,-44.362485688813166,26.303124903592465,-0.10544844318446422,0.06794563666507969,-0.04028074580398311,-0.5402232009068939,0.3604214825723062,-0.42295732931171237,-0.11228261835159001,0.03444087544935039,-0.03272333035190314,106.60836965149753,-70.09550303850723,26.919967031227184,109.09970590910983,-69.44107819375513,24.470699297955974,105.81663007982907,-70.98909090386006,26.9576469749592,1.164165645553562,-0.2985909876806242,0.9090510165688331,1.3214858700084793,1.1076049933710064,0.964076711627741,1.0684197044658474,-0.20880858424173487,1.0655203460957738
92.0,70.01316393783465,-43.75666446056235,26.1988358885389,70.15250572473607,-44.176816274573504,26.247697348031913,70.12386189209316,-44.30453257990912,26.26687163737142,-0.10537290135953725,0.06791281256121451,-0.04025104692630066,-0.24381423161801052,0.45117191126593426,0.02975847316392155,-0.1118373442617296,0.036426250881738044,-0.033021398502936124,109.365714444787,-70.86798759550648,25.229735000635802,108.38196700608974,-70.71009163933098,26.639671266529426,108.40852850716581,-71.81591591367248,25.483632395092506,1.1640592298423782,-0.298746667664357,0.908850157408298,-0.19158186904160845,1.2128650825132938,1.7657442711109324,1.0640072142471833,-0.20407932318693286,1.0737345552640731
93.0,69.90782866964231,-43.68876829698318,26.158599707650293,69.63810915183907,-43.6093061553073,26.622091179815026,69.95389011517439,-44.1656794839601,26.294211933193118,-0.10529792702283203,0.06787905125274563,-0.040221285321180744,0.3801370651773297,-0.1552804663310745,0.6819096660620048,-0.11674622123248644,0.04507518332947076,-0.02792445134712442,112.30363001044205,-71.61123570334482,23.35643432884006,106.27565290219376,-72.75725413576387,28.655641339902445,110.69192797231332,-72.76278875348754,24.18372010891034,1.1639466472883238,-0.29890265688908957,0.9086437082986548,1.7003048250705124,-1.326436152124367,-0.006995083041330289,1.0568796716575841,-0.20921252513539565,1.074428292239897
94.0,69.80256808378898,-43.62090635805686,26.118393317896537,70.91277985509073,-44.48737720723565,27.611516680155923,70.00437819721695,-44.17762825084399,26.475436744096708,-0.10522355306058273,0.06784437406403043,-0.04019146833185694,-0.6535945239918419,-0.02501148003636189,-0.06602618214462197,-0.102624942271964,0.04026007606604356,-0.010263869643547488,115.43666263359596,-72.32130303482755,21.285708116092707,111.9534373764558,-72.31602580172571,24.486254118950594,113.53331495045089,-73.53575229752046,22.37316098859503,1.1638279472738273,-0.2990589168668149,0.9084317996375861,1.869371059146925,-1.7166853306310659,0.2200400517663629,1.04989018641332,-0.20469954335961596,1.0790078594372554
95.0,69.69738156352115,-43.553079548855116,26.07821677098658,68.33092010385539,-43.659329115380025,26.490038815525782,69.65752828122216,-44.06304514649263,26.469038901727185,-0.10514981209564667,0.06780880289793245,-0.04016160331522123,-0.5619085440392624,0.2830993955501242,-0.8595660720699598,-0.12324731841522142,0.04653591846676877,-0.009937421994031052,118.77867924541123,-72.99379265071241,19.00387801986958,118.90119637165418,-71.77712263306846,19.148504302198056,117.06926499261924,-74.14670137234616,19.921005196785046,1.1637031818646388,-0.2992154090427216,0.9082145652711442,0.15407187709187312,-0.4879598220387494,1.9686509313903449,1.0454141630646474,-0.19043207253850838,1.0877264554287573
96.0,69.59226845959769,-43.48528875226099,26.038070111266094,69.78896276701221,-43.921178416135405,25.892384536016003,69.57387756261544,-44.00168769014794,26.370991282402457,-0.10507673647325788,0.06777236022196576,-0.04013169764001567,0.40560366622902677,-0.08538052144605501,0.051318014047740945,-0.11990377860471688,0.04778745021917676,-0.017377453560159312,122.34192598388198,-73.6238522419058,16.49888574874781,123.61781700954587,-73.20797505840574,14.36498365344821,120.97008421830158,-74.82012948183308,16.976216579120987,1.1635724057869903,-0.2993720948047069,0.9079921424092109,2.675565419437996,0.08110754628003469,1.4782556569295386,1.04537947687149,-0.1788196850786299,1.0891290664333857
97.0,69.48722809057463,-43.417534828411185,25.997953375706548,69.14212743631344,-43.830090158272135,26.592674843621264,69.40548954273712,-43.934650895129735,26.390781786733235,-0.1050043582468021,0.06773506905409832,-0.04010175868502408,-0.07839609186629559,0.043161542650075546,0.34760098534165884,-0.12399779130952834,0.04941286623263621,-0.014238988611131542,126.13578530678313,-74.20620055870212,13.761536005117978,129.08999888261692,-74.4468743783649,11.45351071970137,125.3079130254937,-75.51512909889315,13.762341893723166,1.1634356764035911,-0.2995289354929036,0.9077646715388332,0.7762071933931262,1.6565878201441675,0.37137836195231033,1.0486191532327638,-0.17138535240471947,1.0993809172067663
98.0,69.38225974310409,-43.349818614152795,25.957866593896046,69.63217058327962,-43.83485533083525,26.58758650669932,69.33601346047433,-43.877404790745224,26.40935476916246,-0.10493270916376218,0.06769695294823563,-0.04007179383723525,0.17517245027364226,0.5584763594723476,-0.11706243312132969,-0.11939397458102563,0.05007430538178364,-0.011468343599963588,130.16523605393965,-74.73519534175436,10.787036479451723,125.76998578494853,-75.74950623159731,15.691947146640343,129.14467215545585,-76.2319809528072,11.027071328253202,1.163293053688468,-0.2996858924092188,0.9075322963354883,0.16616974663294085,-1.6544648212459763,1.6868035031702273,1.0422243204286097,-0.17190998807266128,1.1084673792356854
99.0,69.27736267224711,-43.282140922514714,25.917809788032077,69.49247233686073,-42.71313743932744,26.358549977378605,69.25950764025451,-43.65410159474662,26.391770600926947,-0.1048618206517844,0.06765803597932774,-0.0400418104900222,-0.5199654945622783,0.11411303025161601,-0.09334900509851707,-0.11577249608035273,0.06470176399846156,-0.01198476422382587,134.42908812189302,-75.20495545862569,7.5767632329473225,135.28600523941472,-75.95724287125971,6.051077980549197,133.9730791392404,-76.84487653691441,7.16333116239798,1.1631446002006578,-0.29984292682688185,0.9072951635723352,3.2530204135667535,-0.13757750915896808,1.1472200886303467,1.0425890955721147,-0.1659575706793861,1.1105099962571885
100.0,69.17253610180052,-43.21450254219414,25.877782972916002,68.59223959415506,-43.60662927033202,26.400888496502287,69.05799151390113,-43.59207857348223,26.383066767364365,-0.1047917238049152,0.06761834272816003,-0.040011816041330306,0.0012830367899852035,-0.22419895675292878,-0.2193173265565207,-0.12301269357971542,0.06447557079457043,-0.011707722233727258,138.91816194085933,-75.60954734489226,4.14008127856495,142.45028002019524,-76.6085613888731,2.0252647991154213,139.43363558570417,-77.39735413781693,2.896409748568846,1.1629903810567666,-0.30000000000000004,0.9070534230275096,-0.7459148876497087,-0.7935511965482702,-0.9273012217917157,1.0456802581620204,-0.16215431554599902,1.1250159027196478
101.0,69.06777922463728,-43.14690423705839,25.837786155949416,69.4950384104407,-43.1615353528333,25.919915324265563,69.02205393796888,-43.47068873099167,26.301170951222346,-0.10472244936996589,0.0675778982658457,-0.0399818178918423,0.63260851797871,0.0565912762422478,-0.11005049627547159,-0.11566006528315645,0.06928141540157164,-0.01763440920578587,143.61369962781632,-75.9432387179264,0.4959334865241769,140.76522612796185,-75.41066763281836,2.9930304860096717,144.4701017369217,-77.69432519601042,-1.1500237811961431,1.1628304639024074,-0.30015707317311824,0.906807227389521,1.5861624364580997,-0.18957874089848847,2.379376051427782,1.0373890940951365,-0.14899145080236875,1.1305276762850192
102.0,68.96309120306059,-43.07934674566245,25.797819337132317,69.85745663011248,-43.493446717847526,26.180787503951343,69.05426009831899,-43.41571711682569,26.267561663043,-0.10465402773297683,0.06753672813797706,-0.039951823443153955,-0.38905104898655196,-0.0013361351040970249,0.3035554905942899,-0.10317423214859055,0.0680730949101871,-0.018983328963185005,148.48639405494555,-76.20081009977272,-3.326188425048055,150.67614120468227,-76.59737011581346,-5.584791866314303,150.37732148694198,-78.01166679588319,-6.0396724834754245,1.1626649188825302,-0.3003141075907813,0.9065567321608111,1.770744158422182,0.3298493781949533,0.6026271992860333,1.0371953023777405,-0.14051016055006996,1.1368471108049492
103.0,68.85847116917132,-43.01183078078244,25.75788250906311,68.7169363124676,-43.16420762304149,26.527026305454143,68.91468152889274,-43.3191242983969,26.291869955626343,-0.10458648890593736,0.06749485834848556,-0.03992184009594446,-0.2628734802860748,0.5592732170412482,0.22551165899855796,-0.10624821661203648,0.07048130210619515,-0.015327781795373098,153.49644743171575,-76.37789813348233,-7.286302412687759,154.08209999619604,-77.16905505534837,-7.263764109010729,156.29388752001154,-78.26669658599297,-10.866148751597509,1.1624938186106515,-0.3004710645070965,0.9063020955595354,-0.31172361855024355,-0.7108807519559511,0.5004380658053507,1.0339162709980187,-0.13480984958667583,1.1473245684984896
104.0,68.75391822524871,-42.94435702896548,25.71797565694043,69.33170966954033,-42.37490028376503,26.63181082194846,68.88978955693142,-43.11279809350496,26.331777467098064,-0.10451986251361944,0.06745231534322116,-0.039891875248152076,-0.026401089590287086,0.3823242764259831,-0.5330571382513796,-0.09937849032804115,0.08195205402229787,-0.010663710246959264,158.59496440145952,-76.47132808531067,-11.335329144313341,157.0056345549656,-76.7289540334974,-10.584740848494821,162.10127735055337,-78.35700039762749,-15.746257298830653,1.1623172381370055,-0.3006279051952932,0.9060434784196291,3.4424785137251908,0.7553640614253154,-1.0441098755486142,1.027392526832906,-0.12390128818200763,1.1501551568280677
105.0,68.64943144414408,-42.876926150096,25.678098758566804,68.66413413328702,-42.399559070189525,25.460912028951384,68.77077819640135,-42.932696877930645,26.187374138475178,-0.10445417778054633,0.06740912599326876,-0.03986193629316048,-0.27989167655540115,-0.2628693156356441,-0.4628309310497247,-0.10103629109845909,0.09023977527560909,-0.021956691868981464,163.72672616472047,-76.47938285592484,-15.41786606244858,155.04439794072087,-76.99515294039054,-5.035875304588037,167.1128402245731,-78.40646089439583,-19.557330130674508,1.162135254915624,-0.3007845909572785,0.9057810440892204,-0.3311728624742441,-1.9002975934435316,3.548073209024247,1.0106895898846264,-0.11659425179184418,1.1692770798307601
106.0,68.54500986968762,-42.80953877697894,25.638251784354107,68.77192631642953,-42.90063891503632,25.70614895984901,68.68562899713461,-42.85150290314502,26.09401281116249,-0.10438946351822409,0.0673653175779485,-0.03983203061795848,0.09656415081322933,-0.45769546150700435,0.8010968806796619,-0.09969478407685091,0.08947594732006456,-0.02798610372344357,168.83403751899522,-76.40195873660231,-19.476034363648505,171.33451258794378,-76.19346226306807,-22.115685471097585,173.5437323421547,-78.24490087833145,-25.014388562465097,1.1619479487703628,-0.3009410831331852,0.9055149583274578,0.2730523592376227,-0.4112897261594316,0.3451713895576733,1.010825279074921,-0.1035780024402548,1.1762674284336452
107.0,68.44065251710764,-42.7421955149401,25.598434697330887,68.85726243491348,-43.314949993203534,27.063105790310708,68.62811888929811,-42.847992503964825,26.221047287345137,-0.10432574811247974,0.06732091776758153,-0.03980216560131922,-0.5698900550083295,-0.31209502767943675,0.33158805237625266,-0.09613270737058738,0.0822170110460115,-0.014896156238037923,173.86101813359522,-76.24057640479352,-23.45377021292633,173.20289496938238,-75.83231014303881,-23.759745370962694,179.34949251240403,-77.96525486653249,-29.928612348895975,1.1617554018598875,-0.3010973431109105,0.9052453891998111,2.8129133625519525,-0.8215606173870699,1.2083208386052193,1.006253692229805,-0.08775986225036626,1.1798517048608663
108.0,68.33635837346266,-42.67489694144378,25.55864745315147,67.63214620641287,-43.52482897039519,26.369325064601515,68.39208382588639,-42.88378910950595,26.231520550516713,-0.10426305951096992,0.06727595460604263,-0.03977234861199186,-0.03548607552686178,0.572095129706014,-0.5521869668594039,-0.10794607116274825,0.07225193379768777,-0.012753960858615132,178.7575669333496,-75.99824479752587,-27.30078906697562,-179.1678792504645,-75.0741087837524,-28.73510507151812,-174.80937473899434,-77.54098291727506,-34.698122000004155,1.1615576986416367,-0.3012533323356431,0.9049725069719193,1.0779831338201693,0.4434810471838931,0.7003467515874093,1.0059934063236138,-0.07203146088292522,1.193811329697513
109.0,68.2321263980857,-42.607643605728015,25.518890000106904,68.78629028385976,-42.170759733791506,25.9587318565919,68.3622097709212,-42.71191249212773,26.17833776631473,-0.10420142521098796,0.06723045649303927,-0.03974258700687372,0.2436182878174833,0.17815744094870567,-0.4185497973640935,-0.10135366513543284,0.08066424843349586,-0.016167773280363,-176.51766619634517,-75.67920550267424,-30.97555731876613,-175.3463249525994,-75.48368387354498,-31.57171775332387,-169.3671602444397,-77.1171399925632,-39.08229537382539,1.1613549258347762,-0.3014090123193759,0.9046964840020464,0.26342751424936517,-0.0625651988321527,1.389959081297652,1.0021611460898714,-0.06010011556245488,1.2069650225555801
110.0,68.12795552304068,-42.5404360284577,25.47916227913772,68.11938278204784,-43.16851408849778,25.532225469873328,68.23886058273577,-42.71477949157274,26.06422955512488,-0.10414087224739887,0.06718445216615265,-0.03971288812919482,-0.6182294141636646,0.19003442289411154,-0.31110389989744114,-0.10321096851567416,0.07361086449314021,-0.024437870153176125,-171.99566585687427,-75.28860567762479,-34.44690678983961,-169.8341272731913,-75.24212076030493,-36.99626256316421,-164.11843967049384,-76.62207216846517,-43.382145989617854,1.161147172382161,-0.3015643446504023,0.904417494632216,0.32781458009476117,-1.4611442713116365,0.05827930738568049,0.9988572454429946,-0.048563227201627195,1.214311446903727
111.0,68.0238446535909,-42.47327470139571,25.439464223848514,67.54983145553243,-41.79069088800328,25.336524056797018,68.04456971031608,-42.50894085366762,25.93045135974783,-0.10408142718072355,0.06713797068269045,-0.039683259306704244,-0.3887190755616814,0.26869195612418295,0.07831115432196079,-0.11090176149684279,0.08477618623902271,-0.03367057429257207,-167.6967989795194,-74.83215273516885,-37.694286827012,-170.21297573679195,-73.79294689178815,-36.26303157214571,-159.85244444723833,-75.96568807975366,-46.767804867935354,1.1609345294113211,-0.30171929100279415,0.9041357150780941,2.072356067508487,1.1759546728930899,-0.019758876452370216,0.9912441674569284,-0.0277385487629378,1.2207412955048704
112.0,67.91979266867924,-42.40616008709232,25.399795760524313,67.34194463092447,-42.631130176249414,25.68884777851725,67.84166994247099,-42.456342568178066,25.864452463224605,-0.1040231160855214,0.0670910414013619,-0.03965370784987776,-0.06432011053767894,-0.5619780037431035,0.09710689969804065,-0.11867007914365955,0.0820590822043611,-0.0364003799268998,-163.63165089151542,-74.31579555426951,-40.70692817638049,-167.3935658567941,-74.9503182533143,-37.03864879997602,-155.87932037607956,-75.4508964807319,-49.74867486836674,1.1607170901944919,-0.3018738131458573,0.9038513233176865,1.2077155055036488,-0.8840747909739499,2.1014099561150754,0.9768768084785501,-0.01593011376359053,1.2329609898912157
113.0,67.81579842141986,-42.339092618592986,25.36015680814876,67.42119123445707,-42.91464689548949,25.5307378561931,67.67607625693354,-42.45829632560866,25.78182724267552,-0.103965964538979,0.0670436939637078,-0.03962424105009532,0.2706963542264518,0.0020986271623613106,-0.3490136570129767,-0.12263231153858749,0.0749650325271482,-0.040303608494341565,-159.80254479487382,-73.74546088445094,-43.48232344488628,-159.92248202505323,-73.50844680764814,-43.545811880273405,-151.8105783548727,-74.7598611370627,-52.84293011048945,1.1604949501077004,-0.30202787295356515,0.9035644989789243,1.2093869086632425,0.6729810881195953,2.506409951883195,0.9705005770310906,-0.001996005014838826,1.2449965836930446
114.0,67.71186073960128,-42.2720726991649,25.320547278424122,67.88333733937738,-42.62693292192469,24.990820464491296,67.60473402213549,-42.421205183451534,25.624808283449408,-0.10390999760964803,0.06699595827538118,-0.039594866177839805,0.17461107394692021,-0.15205642280043108,-0.6174977112318043,-0.11830137408794705,0.0717669587353154,-0.05015906038040655,-156.20534794453883,-73.12685669225455,-46.02442086294574,-150.19111191169574,-73.06034982557925,-52.44202510563007,-147.352115206616,-74.0147613999783,-56.350155422122995,1.1602682065889303,-0.30218143241396545,0.9032754232262078,1.425883142130419,0.1477584218861807,-0.37151338525330285,0.9711217582598988,0.004988565143861162,1.2539615969780558
115.0,67.60797842620056,-42.20510070204222,25.28096707579308,67.77041338235091,-43.21875974109035,24.29574243372949,67.53058446769211,-42.48459572720752,25.375811572889518,-0.10385523984647449,0.0669478644872683,-0.039565590480926005,-0.4410490171728796,0.16967147276801597,0.23411546444478937,-0.11457319152610101,0.06035425031361895,-0.06694892467151209,-152.83125971895248,-72.46534098568006,-48.34183615515392,-149.5850377775432,-73.37455307339519,-51.58574348008964,-143.56510822056995,-73.32187878658215,-59.13342397605274,1.1600369590953827,-0.3023344536385591,0.9029842786459782,1.4265492842989038,-2.0916741064990503,1.6765965242051875,0.9628809161812061,0.011062709457551872,1.2667448735816444
116.0,67.50415025990833,-42.138176970190365,25.24141609746227,67.00123930503162,-42.28758997638866,25.459051393380875,67.35152472819524,-42.40299562578563,25.332213198384462,-0.10380171526801973,0.0668994429764389,-0.03953642118269762,0.3313554825891458,0.8739098306212085,0.3970974143618964,-0.12001843989921264,0.06214825138551963,-0.0649772026720214,-149.66839371860738,-71.76584672903094,-50.446270383567324,-147.13902030758263,-70.71424169357564,-52.65684101347037,-140.2528682170995,-72.36814450575226,-61.41110565359235,1.1598013090598516,-0.3024868988716486,0.9026912491313925,0.36819872259779746,1.0729933842268056,-0.9518632991452418,0.9610764962347097,0.02671744329441767,1.2838889926261539
117.0,67.40037499566452,-42.071301816089345,25.201894233427684,68.4331243475292,-41.470940079847935,25.089937262453283,67.4183274960134,-42.205598798430714,25.239670528283153,-0.10374944735193736,0.06685072432695094,-0.03950736548024025,0.14105035732047355,-0.2093280501971364,-0.15480461103687837,-0.10424324474814634,0.073568650096616,-0.06730483256715208,-146.70306875941648,-71.03285026471755,-52.351218896823404,-147.4281667678061,-72.13149808229443,-51.96339619715444,-137.42661561279374,-71.63175480843127,-63.2766777223954,1.1595613598462302,-0.3026387304996538,0.9023965197661727,1.6208099376631695,-2.0955262213023356,0.9649367203471444,0.94483844014409,0.03777591737287731,1.2975966416707572
118.0,67.29665136520445,-42.00447552153646,25.16240136650179,67.28334001967256,-42.70624607678293,25.14944217130712,67.3093043010718,-42.22130619772893,25.16880166762824,-0.10369845902466324,0.06680173931054512,-0.03947843054261213,-0.7211036585790538,-0.12042763269182899,-0.2730307752987251,-0.10464686405942084,0.0660301745661866,-0.06760577933519868,-143.92079594977028,-70.27037070410083,-54.07098419631969,-146.7601133823047,-69.84794819336807,-50.95565014443264,-135.1108845979078,-70.71039048254642,-64.57274628266343,1.1593172167041745,-0.3027899110603923,0.9021002767077032,1.2135390000574742,0.6761413696535886,0.5414985363535083,0.9316333457985545,0.058000458812989625,1.3182560206757696
119.0,67.1929780776152,-41.937698337468255,25.12293737234246,66.9909170303711,-41.71179534523159,24.543875711855833,67.17142621134833,-42.086325997673605,25.014546700891643,-0.10364877265135419,0.06675251886722222,-0.03944962350907488,0.08477818009900062,0.9540964160413594,-0.07103607787163924,-0.10745291095974556,0.07185231929407164,-0.07492244246948662,-141.30699076272964,-69.48198952514826,-55.61996380810165,-143.26608443319668,-70.0914579813575,-53.3828916921736,-132.75023253103979,-69.8680105632699,-65.92677648806473,1.1590689867229356,-0.3029404032523231,0.901802707069449,0.078234137091127,-1.5695796893143117,2.655932498524254,0.9151790630971425,0.07239794675799077,1.3381819773714172
120.0,67.08935381990175,-41.87097048380202,25.08350211948364,67.45289637987057,-40.79805324470021,25.00737001556384,67.12444099960666,-41.82535107602737,24.95015700970964,-0.10360041002611098,0.066703094085657,-0.039420951487338485,0.13802921633056542,0.1953019950662167,0.10968271359593196,-0.10234701442323066,0.08782184439281779,-0.07403305625148687,-138.84745730316183,-68.67088199934068,-57.01216596075427,-140.33022887866355,-67.2145212056457,-56.44992393010246,-130.5877999390274,-68.76938894155447,-67.22165588427548,1.158816778784387,-0.3030901699437495,0.9015039988027715,2.144745109108542,2.0942348458322044,-0.2222810376933932,0.9082909895016757,0.09575075941500663,1.353151466691799
121.0,66.98577725756297,-41.80429214929694,25.044095469367782,67.26697546303222,-41.32119135509916,24.763241139047697,67.06016685955801,-41.672799225061745,24.858573531720044,-0.10355339236237171,0.06665349618360139,-0.03939242155179379,-0.20689230371313272,-0.46539778309367463,0.03286026490019722,-0.09913213838287716,0.09328765044611079,-0.07551501502845866,-136.52869532723633,-67.83985439751288,-58.26090251199067,-135.09403730049215,-68.91392975302492,-59.78189144397446,-128.1258903481367,-67.91942272763822,-68.71970193703139,1.1585607035152663,-0.30323917418198154,0.9012043405782145,0.8885254341926075,-2.2760562731596514,1.467485741788313,0.8931702638499844,0.10315779563550766,1.3707380880469826
122.0,66.882247035177,-41.737663491434816,25.004717276380052,67.0391117724443,-41.72884881088756,25.073090545364234,66.97317372732056,-41.602729736666795,24.82815115942327,-0.1035077402836393,0.06660375648815275,-0.03936404074177169,-0.514660267367681,-0.16636807962010636,0.27536252635417924,-0.09810711989791485,0.09132710730079907,-0.07170738928199298,-134.33807597163533,-66.99138288443316,-59.37861316669806,-135.55558826690606,-66.26346888990282,-58.32173713061996,-126.19616927967857,-66.85829814315454,-69.69719579275684,1.1583008732386502,-0.30338737920245296,0.9009039216663352,0.7052920414665892,0.6525173547176792,0.5969743401906605,0.8819131504475383,0.1224650761296065,1.3921536554893246
123.0,66.7787617769957,-41.671084636320636,24.96536738788424,66.23765492829686,-41.65392751433937,25.313966191756055,66.77596521765213,-41.533561643140445,24.843124401544245,-0.103463473814422,0.06655390641597592,-0.039335816059812956,0.32600442028019216,0.3978913552721721,0.6800914095771411,-0.1064752478293885,0.08945599870656756,-0.064388071011678,-132.26392430170895,-66.12765151960062,-60.37678287733382,-132.83857393672238,-66.29036345536977,-60.5190796223809,-124.2573298524339,-65.87267486540672,-70.74652746643089,1.1580374019246849,-0.3035347484377926,0.9006029318181571,2.791233283758946,0.2617072859258602,2.7378150418132345,0.8667034423085613,0.13735284226701397,1.4102963657126397
124.0,66.67532008754816,-41.604555678602864,24.926045644260427,67.69112061300468,-40.93306610034322,26.433273364518517,66.8283276878678,-41.36465192448541,25.035974979992858,-0.10342061237144407,0.06650397745344705,-0.03930775446993984,-0.10143883503284457,0.36323763931505226,-0.14943745439742528,-0.09306298037550789,0.09616507609240747,-0.04266682237816603,-130.295538426258,-65.25058786793753,-61.26592267912155,-125.82977615494516,-64.33733292282497,-65.15915475405663,-121.93985154952941,-64.72778133919864,-72.03559354847866,1.1577704051405968,-0.30368124552684683,0.90030156114532,0.3766811736773848,-1.3666941351303692,0.7564315614718636,0.8633433858682589,0.14498503820889969,1.4338475603395349
125.0,66.5719205522528,-41.53807668141374,24.88675187894436,66.03477725823117,-40.92745223570927,25.015091282961205,66.62635663127618,-41.215464594204626,24.996694882498865,-0.10337917475516178,0.06645400113675137,-0.03927986289592944,0.15515158914276128,-0.5521951878673761,-1.0867963677882457,-0.10225918555707383,0.10064227875401636,-0.042380847104242704,-128.42316739749847,-64.36189546573308,-62.05559174163046,-126.7715093191083,-62.91848833057696,-63.687695046358,-120.11321854859038,-63.526318716180356,-72.89286725004895,1.1575,-0.30382683432365093,0.8999999999999999,1.94671887965238,-0.21768128343371218,-1.241033786615101,0.8564240834341386,0.16078049781672987,1.4578511995911239
126.0,66.46856173803783,-41.47164767632936,24.847485918468568,68.00142379129021,-42.03745647607797,24.259680628942025,66.75378431647432,-41.25826858501838,24.84631611473989,-0.10333917914149282,0.06640400903201993,-0.03925214821960488,-0.044554958036087555,-0.9822717173286506,-0.28743610781629414,-0.0828644109566039,0.08852966623769119,-0.051500198687251704,-126.63796391746328,-63.463082868772794,-62.754444615633716,-126.65082050530016,-63.78333527509789,-61.64464481899135,-118.49626643153252,-62.521740987757795,-73.42575964478148,1.1572263051115257,-0.30397147890634785,0.8996984388546798,-1.6972258223684156,-0.46124557279786854,-0.05639480520664554,0.8366537404804819,0.17236329212311802,1.4897999185923483
127.0,66.36524219396982,-41.4052686633497,24.80824758250515,65.945667342159,-42.89199567036657,24.440219067328616,66.55816148063467,-41.437506270961656,24.739685077292904,-0.10330064307382969,0.06635403271533491,-0.0392246172791495,-1.1354281012438108,0.4018962578563112,0.37429261900612687,-0.09238573982971407,0.06591937326631325,-0.056155450367348085,-124.93192305265896,-62.55548930546695,-63.370292473585785,-129.15325673965444,-63.54448687990149,-60.746196184034126,-117.35732668989523,-61.584748271148314,-73.7897764029529,1.156949440526798,-0.30411514358605113,0.8993970681818427,3.5582841385740114,0.22778250011587278,2.095155602751043,0.806353515462999,0.1924350531947388,1.5101629414907467
128.0,66.26196045189018,-41.33893961089869,24.76903668391027,65.73056758880259,-41.23366396036535,25.00826586695428,66.3514694737781,-41.35014337036144,24.734017896492382,-0.1032635834553588,0.06630410375279538,-0.03919727686741403,0.7631836361756115,1.1423159506263474,-0.057099298760988404,-0.10203776859349098,0.0677300661356293,-0.051892217538847166,-123.29781455704888,-61.64030712681336,-63.91017074381727,-122.84397961643391,-61.98304520544503,-63.83933842636145,-115.80555423131095,-60.52375532590334,-74.34077437852139,1.1566695276877739,-0.30425779291565075,0.8990960783336647,1.6340645334601616,-1.2452889867799897,-0.46073977058167037,0.7869610929932302,0.202375611464975,1.5407486890874573
129.0,66.1587150270591,-41.27266045584411,24.72985302877032,67.47203461451022,-40.607363769113874,24.32602046980664,66.43951552596204,-41.17746018014165,24.62676032832573,-0.10322801654165659,0.06625425368061855,-0.03917013373023437,-0.15197671996978812,0.18578813844122521,-0.6208663477094643,-0.08598707817253241,0.07659231488724579,-0.05656727141423858,-121.72911379176803,-60.71860133072531,-64.38040815022418,-123.62704633138857,-61.68583049661161,-61.09758677847735,-114.54670252738282,-59.52544317068068,-74.51831457034316,1.156386689373476,-0.3043993916985592,0.8987956594217853,-0.5820722122645229,0.7583248501912495,1.6401476869538723,0.7597249737965636,0.21417123158578774,1.5795968919912684
130.0,66.05550441880686,-41.206431103537454,24.6906964164498,65.42661414886301,-40.8620876834829,23.76653317153535,66.20941672508694,-41.06374358808857,24.44524427719946,-0.10319395793354857,0.06620451398517702,-0.03914319456477067,-0.11884318361008184,0.14636021287250855,-0.0014383933195762921,-0.0981558815834099,0.07972709131021856,-0.06711795464965406,-120.21993438262143,-59.79132647135632,-64.78669401659135,-121.44147267486892,-60.71056361700934,-64.25570394866214,-113.28735143843377,-58.472244139389126,-74.94623309967648,1.156101049646137,-0.3045399049973955,0.8984960011972283,1.5398370229428175,-0.3817970297054445,2.2820303050799615,0.733432688071023,0.22623538552659328,1.6061379357012788
131.0,65.952327111192,-41.14025142787376,24.65156663964078,67.23434824729006,-40.31464334336886,24.323143683167487,66.2858725208349,-40.879945906472244,24.3695779131791,-0.10316142257026684,0.06615491608312496,-0.039116466017866,-0.38831337278014644,0.3678385370137427,0.38287621060094246,-0.0834116599861201,0.08851481884760459,-0.06783978290302382,-118.76496447847819,-58.85934126548419,-65.13414197264623,-118.51977686384454,-58.542966634180694,-65.85683918771709,-111.97980580827311,-57.25780031441377,-75.39915318771097,1.1558127337967814,-0.3046792981426058,0.8981972929305508,0.7879896133112921,-1.7313329817382295,0.8594018386260613,0.7150582874985968,0.23808776479071067,1.6347610417379979
132.0,65.84918157366633,-41.074121271371205,24.612463484414068,64.64998740330272,-40.12641060945541,24.532285592737235,65.9610905156063,-40.68803722821352,24.337582427863605,-0.10313042472289169,0.06610549130155619,-0.039089954684385475,-0.3109052835812065,-0.9047482315289237,-0.0846597344815585,-0.10379298791966188,0.09724540318204603,-0.06481308804146133,-117.35940760894758,-57.92342119158555,-65.42734906367498,-119.47155499099452,-56.95181350043954,-63.799828020920884,-110.99314665828265,-55.9894137206143,-75.52659476472368,1.1555218682902701,-0.3048175367410172,0.8978997232922966,1.9064655239279773,2.1266928880084612,1.1709776227815332,0.6941007145485025,0.2569178312949041,1.6686544226369107
133.0,65.74606626174622,-41.008040445270645,24.57338673027201,66.61253768012764,-42.124139806426705,24.15382421420437,65.97471826388042,-40.829188642566606,24.254276382090012,-0.10310097798810602,0.06605627085822618,-0.03906366710559972,0.49833140209506155,-0.3913558522820111,-0.15649763628491797,-0.09387797318221344,0.07711516012752552,-0.06637463461659526,-115.99892856873585,-56.98426935177487,-65.67044983653736,-113.84149461645623,-56.85935993515227,-68.24346211631654,-109.57840801474558,-54.77375604879631,-76.07606157101675,1.155228580709827,-0.3049545866843241,0.8976034802338271,0.8566867673959533,-2.7281856652848533,0.5556762573302327,0.6751827381452483,0.2602996617530443,1.6983158421819768
134.0,65.64297961769012,-40.94200872965475,24.53433615020287,65.64665020749284,-40.909122314019434,24.2192903201674,65.84442965775422,-40.77649060242421,24.192781876398406,-0.10307309528222675,0.06600728584183102,-0.039037609767579085,-0.31831132815131014,0.2503898161359537,0.1209108285087872,-0.09695248943808078,0.07505337689977305,-0.06596255620714574,-114.67960439024796,-56.04252583777453,-65.86716534076682,-116.3038357379685,-55.19903701012333,-64.24209056005061,-108.64804519095138,-53.503314684549665,-76.08771154282542,1.1549329997010787,-0.30509041415750376,0.8973087508686073,0.5652677904128375,1.4163714427299658,0.5157667558381057,0.6512721101903176,0.274823688190418,1.738195300664585
135.0,65.53992007118177,-40.87602587358698,24.49531151073685,65.97591502382502,-41.6233601741548,24.395645871221944,65.78299347537933,-40.8447729194234,24.168615047575738,-0.10304678883552754,0.0659585671923395,-0.03901178909958247,-0.06277861263772166,0.22956895129524213,0.3675763332492643,-0.09395349011900858,0.0629501014202327,-0.062433322220538864,-113.39788024113666,-55.09877581276725,-66.02084720831715,-113.57236616744215,-55.32858569377329,-66.87787191020104,-107.57626172619653,-52.32016991899035,-76.35873240605376,1.154635254915624,-0.30522498564715955,0.8970157213540216,1.4709421971949734,-1.2832237793103611,1.5209222553127648,0.62333535776073,0.2810651034464752,1.7707226073280906
136.0,65.43688604001906,-40.81009159527007,24.456312572003704,65.5210929822174,-40.44998441142895,24.954442986665928,65.66292847534282,-40.73023034128564,24.23806489049679,-0.10302207018688136,0.065910145681503,-0.03898621147247283,-0.7146442786517611,-0.09736266379205816,0.45803349594945786,-0.09615834774452056,0.06730657356868716,-0.05129709902786096,-112.15052995393101,-54.15355649317486,-66.13451710510884,-112.90930706007919,-53.42471232778115,-65.8839625726557,-106.63698130024135,-51.028818421268454,-76.43484594475291,1.154335476954167,-0.30535826794979004,0.896724576773792,1.2249939292072611,0.13154420019703728,0.00987200497708147,0.5979401877999717,0.29019444294726454,1.8098356818831518
137.0,65.333875930808,-40.74420558222398,24.417339087791905,64.5466264665215,-41.81808550173891,25.31171286312086,65.40816359793236,-40.84252219176904,24.36166828900394,-0.10299895017870142,0.06586205189339367,-0.038960883197146856,-0.02879251708500874,-0.37616182782196006,0.2548771009046238,-0.10955109360571633,0.05214127075633199,-0.03652848944150517,-110.93462082851654,-53.20736318901128,-66.21090191390137,-111.5150328419899,-53.46530084118707,-66.09469668242781,-105.69446571019283,-49.83160941696476,-76.50818879623068,1.154033797309229,-0.30549022817998134,0.8964355010210755,0.5434063838834866,-1.6080650302580048,1.3550138355342083,0.5665136272809254,0.29363465362568136,1.8502552568944812
138.0,65.23088813966166,-40.678367491483286,24.37839080560941,65.46350794804738,-41.20230806707287,25.464197188475175,65.32424957396842,-40.85442517046308,24.502234405372075,-0.10297743895219469,0.06581431620506706,-0.03893581052297712,0.33113341519355544,1.0155082903848758,-0.4624912296939172,-0.10738629774861327,0.046733370094567565,-0.02157460920757356,-109.74748232288529,-52.26065453883283,-66.25246503339375,-112.25976257345148,-51.60834205101409,-64.47201292562671,-105.00644904291053,-48.53732881188945,-76.35809794671042,1.1537303483074728,-0.30562083377852134,0.8961486766823133,2.9579589351948825,1.0183985221906446,0.18494106012747122,0.5345015007035924,0.30399539088316224,1.8945808546281317
139.0,65.12792105290362,-40.61257694981384,24.33946746674595,65.20889329690861,-39.78706892096916,24.386730403733026,65.21562414607759,-40.64901076440751,24.466056152057497,-0.10295754594289974,0.0657669687674094,-0.03891099963627376,0.5019943235729372,0.9421065514173215,-0.6689516430368325,-0.10749092997982014,0.060132407271799956,-0.0228077418823622,-108.58667824800007,-51.31385705548513,-66.26143417804643,-108.01063544733726,-51.78527028881277,-66.11720641809656,-104.00379728768766,-47.324548363738614,-76.36931813502606,1.1534252630516597,-0.30575005252043286,0.8958642849219057,1.5494124451350257,-0.5779405482342054,0.9442851494829738,0.5024064631356661,0.2979812321124758,1.9431269390519008
140.0,65.02497304777586,-40.54683355394847,24.300568806336862,66.46749659519325,-39.31809496423823,24.12629390240151,65.31947982960219,-40.391303690408066,24.393970003177373,-0.10293927987653717,0.0657200394860844,-0.03888645665874968,0.19662443095499071,-0.12115239258145394,0.41650311998403566,-0.0896448079497349,0.07681562520470057,-0.0269688138302305,-107.44998209854963,-50.367369081677026,-66.23982604720624,-106.79638303507495,-50.711377193552366,-65.68739817881671,-103.06022717463516,-46.070593517278624,-76.2787882166146,1.1531186753622662,-0.30587785252292476,0.8955825053677837,-0.4903053169567117,1.2828367106632632,2.6046873832751514,0.46995443516585594,0.2901560963791805,1.9955079147597352
141.0,64.92204249315054,-40.481136870841674,24.261694553428452,65.6021421588186,-40.02937370613207,25.219736643701097,65.28771936209347,-40.27015999577465,24.499579978251557,-0.10292264876520107,0.06567355800262575,-0.038862187646014235,-1.1619076336769325,-0.30857772585304133,0.4187238347190174,-0.08475705041240565,0.08055869032066587,-0.015773852121756957,-106.33535517595162,-49.42156423966417,-66.18946820755826,-104.99545773933247,-48.55701673777702,-68.69387552642492,-102.14551051184887,-44.65558559722433,-76.43018756534225,1.1528107197187858,-0.30600420225325886,0.8953035159979534,2.702708662366107,-1.625788447334681,0.19672075927523042,0.44286780119708885,0.28419782143298794,2.033721699749608
142.0,64.81912775024546,-40.415486437943215,24.222844431044834,64.14368132783939,-39.93525041594431,24.963741571839545,65.03827091856168,-40.15005617722693,24.558423945544106,-0.10290765990386319,0.06562755367573203,-0.038838198586084616,-1.0585163129859794,-0.5743945081120927,-1.231590505938442,-0.09866360254594744,0.08389788356507862,-0.00947311851253853,-105.24092718869925,-48.47679444672597,-66.11201850420731,-104.00143608480694,-47.95949211575725,-66.40380063354549,-101.27854951049419,-43.283712897521674,-76.2833028253873,1.1525015312007414,-0.3061290705365298,0.8950274930280805,-1.4553957932948483,-0.3739824800561959,-0.8443298435162924,0.41240519991252944,0.2732452286078826,2.086716019225009
143.0,64.71622717334282,-40.34988176349021,24.184018156256283,63.485109532846636,-41.178162722356255,22.756555631824213,64.71346970961774,-40.239046848542294,24.270278721887266,-0.10289431986713282,0.06558205556272867,-0.03881449539790438,0.14053649928030865,0.07660383409186267,0.11656190243835063,-0.11775867699517271,0.06929916254982686,-0.033004209512447556,-104.16497904518698,-47.533392557401385,-66.0089822856792,-106.10878229987073,-48.67769880990185,-65.53093860370593,-100.7504762771897,-42.09415634886153,-76.06053764706462,1.152191245428436,-0.3062524265633571,0.8947546108001887,2.3342236722318863,0.22935425444310573,2.771079476732527,0.364516209096891,0.2657457496016281,2.132599117556873
144.0,64.61333911051119,-40.28432232681776,24.145215440249025,64.4247543264,-39.782042747760585,25.196865376716246,64.56913159002124,-40.109469377058666,24.386466614065903,-0.10288263450638624,0.06553709240119687,-0.038791083929883285,0.5386093588886283,1.0496930127841715,0.19190466791093996,-0.12000304688738889,0.07438906694526087,-0.020406418572502066,-103.10592758370323,-46.59167468435105,-65.88172769859871,-102.78191427797606,-46.05146571250116,-66.87922399258404,-100.05760389812605,-40.68643077759236,-75.9155090452425,1.1518799985034645,-0.30637423989748697,0.8944850416725421,1.1625440423521511,-1.3516107518500209,0.031973417732438135,0.3298813375434899,0.25316542733881997,2.1805816592747878
145.0,64.51046190433004,-40.218807578687816,24.106435988396516,64.56232825062389,-39.07877669678791,23.140364967646093,64.46672823368779,-39.88639929279172,24.175495597740863,-0.10287260894720873,0.06549269259083346,-0.038767969958446,-0.6047640706659188,-0.2050887915515709,-0.4301700310632999,-0.11851692785229419,0.08694370188738657,-0.036497705818000395,-102.06231201231266,-45.651942242004374,-65.73149927979156,-102.97101854599596,-45.71905833804426,-64.99658204611151,-99.50388784215754,-39.3480062448787,-75.56266260711931,1.1515679269490147,-0.30649448048330186,0.8942189559107794,-0.22375917353646183,-0.04602978618939396,2.127223556341459,0.28816267330271966,0.2386067247843716,2.235713286806471
146.0,64.40759389261677,-40.15333694163609,24.067679500332133,63.21522618506817,-40.19222033086373,24.336525314589647,64.17206078416528,-39.86052057099044,24.169708408688837,-0.10286424758713508,0.06544888417550254,-0.03874515918661636,-0.1402405825669888,-1.2281712917884064,0.41309833735911994,-0.13339108955967785,0.08178737092766673,-0.03390450774987515,-101.03278185730666,-44.71448375062334,-65.55943004762595,-102.77059007410082,-43.63500566326991,-65.59981824517551,-99.081831339041,-37.87657374869772,-75.2557090957571,1.1512551676499847,-0.30661311865323654,0.8939565215803708,2.751915153895625,0.44565437969487076,1.1785556479762382,0.24858027110719538,0.2282081719283288,2.284630216436933
147.0,64.30473340915577,-40.08790981033681,24.028945670023283,64.28184708548991,-41.535119280364725,23.966561642364333,64.07647762648114,-40.051806798844744,24.109491011572967,-0.10285755409374531,0.06540569482555014,-0.03872265724261581,0.03676197450385743,0.3192327815298803,-0.04483617823747643,-0.13019858528996237,0.05872901817438636,-0.03612636986933856,-100.01608624252934,-43.779576432887644,-65.3665522708034,-99.39732342383762,-42.564185188279666,-66.50898706974243,-98.43832648989934,-36.37809235684094,-75.01703212552226,1.1509418577929396,-0.3067301251350978,0.8936979044404644,1.5866312363164088,-1.506653990892986,-1.5775525403038582,0.2146350884013273,0.20510141093132286,2.336779054409565
148.0,64.20187878442928,-40.02252555198499,23.9902341858469,63.28875013407588,-39.553754767803966,24.246852958114694,63.844049931668714,-39.92477416707701,24.10033768563726,-0.1028525314030233,0.06536315182029284,-0.03870046967846541,-0.4203672947846684,0.6091144657664067,-0.3782331885101229,-0.138830818063694,0.06449657982662989,-0.033848764254471586,-99.01106434314865,-42.84748763042651,-65.15380707157328,-99.45010256900939,-43.873950349213814,-64.11501356642711,-97.89165362570773,-35.12263689033895,-74.53217930727875,1.150628134805938,-0.30684547105928694,0.8934432678391887,-0.7381163883651758,0.2993696766454941,2.4570374852251313,0.1663585710185138,0.17268743980767073,2.3989831331629263
149.0,64.09902834634973,-39.957183506696225,23.951544730666352,63.44111249592058,-40.31689034883191,23.210095265344087,63.664157216474024,-39.93126931933625,23.933341374698013,-0.1028491817180921,0.06532128203079424,-0.038678601968607396,0.3317774594129972,0.1652357021157158,-0.511992104319944,-0.14229808737499536,0.05850203327092091,-0.045091751908510586,-98.01663687640189,-41.91847606375575,-64.92205300140817,-99.54200844491362,-41.49992075250399,-65.06809045506367,-97.52268358271867,-33.690257528255884,-74.12876270869569,1.1503141362982503,-0.3069591279659232,0.8931927726104788,3.6420190908960492,0.0675392180226224,0.08348517152658509,0.12102215371885444,0.14692090893862644,2.450968806271297
150.0,63.9961804209931,-39.8918829879234,23.912876981909687,63.95230505290188,-39.223283363572534,23.222868749474806,63.588782579933,-39.7717889681145,23.78479973118003,-0.10284750650822616,0.0652801119029256,-0.03865705950857645,0.40252669913759576,0.0595433665404137,0.05456218186073514,-0.13664706675740124,0.06702864912170484,-0.05382706760260529,-97.0317985086509,-40.99279295571367,-64.67207371039787,-95.83099363723835,-41.42623165276232,-65.17229034069571,-96.89038307696163,-32.32560039247775,-73.70418351740328,1.15,-0.3070710678118655,0.8929465769724902,-0.6237354037452993,1.1933850569332445,1.9882606699980276,0.07924443551969579,0.10257188323814759,2.510681996719618
151.0,63.893333333333274,-39.826623282890374,23.8742306116492,64.24616589419577,-40.197803615751084,23.319219629065557,63.57558714838956,-39.781416077602294,23.66695548409685,-0.10284750650821906,0.06523966744061838,-0.03863584761365324,-0.1183704484467043,-0.6313949575815982,0.11259101173227393,-0.12622280250951032,0.0605558317913952,-0.05923268247480709,-96.05561107290524,-40.07068303563115,-64.40458481682019,-95.2760694186017,-39.56261465361769,-66.98716414737356,-96.37693863050035,-30.84990831994274,-73.42985943622888,1.1496858637017495,-0.30718126297763193,0.8927048364276646,2.017000361030337,-2.6792378689551057,0.45955497215567476,0.03887588982959264,0.0607659043669531,2.5567341203274463
152.0,63.79048540797666,-39.761403653042166,23.83560528668238,63.71556415600847,-40.48607327873573,23.448050772939354,63.490751681477555,-39.83983151247697,23.582897840877568,-0.1028491817180921,0.06519997418945067,-0.038614971517551666,-0.6985227245554384,0.9384439371405406,0.25123276296437425,-0.12272805315249315,0.05050989016016289,-0.06132890380307648,-95.08719750400289,-39.152385439039115,-64.12024007034066,-95.4005853632475,-38.85557498341127,-63.59956380913281,-95.97071405941745,-29.404616711533794,-72.7812917278987,1.1493718651940619,-0.30728968627421416,0.8924677036645116,2.4200678359856282,0.4030496587859869,1.1618093437887875,-0.005041962416894666,0.015784462657441746,2.6188235474106123
153.0,63.68763496989709,-39.69622333451147,23.797000668614096,62.84912044508489,-38.32091574147,23.821685154994306,63.28734731162531,-39.56102165863719,23.568229415995514,-0.10285253140303041,0.06516105722053567,-0.038594436371136354,-0.31029583321634036,0.5023888388242952,0.11586800310858614,-0.12954036667409682,0.06978755420306224,-0.057388889874810715,-94.12573641006732,-38.238134515644575,-63.81963689088713,-92.59903651184209,-37.72478058250036,-64.21502524934269,-95.41387029294995,-27.916075827836778,-72.17131840829117,1.1490581422070603,-0.30739631094978614,0.8922353284611666,1.3642175636746618,0.23504495208909054,0.6387454956679838,-0.042626683054749974,-0.04021896272288478,2.6802108431133034
154.0,63.5847803451706,-39.631081538601094,23.758416413940108,63.09497248957579,-39.48129560108714,23.679786779156526,63.14803777685734,-39.48968891860864,23.537107394113356,-0.10285755409374531,0.06512294111467654,-0.038574247241148996,0.239060348475725,-0.4075725103908603,0.21421120808530247,-0.13036527587450772,0.0699180297964331,-0.05517091380305967,-93.1704572088624,-37.32816055653665,-63.50332135526498,-91.03962023720135,-37.093832211703536,-64.53630561838764,-94.8384084953077,-26.451080472755706,-71.56399812190348,1.1487448323500151,-0.30750111069630465,0.8920078575907889,-0.2934260079970985,-1.3947662539204018,0.24068971734704595,-0.08041319286366443,-0.1040683570210232,2.7383868078628635
155.0,63.4819198617096,-39.56597745228212,23.7198521741318,63.32724114203634,-39.136060762251724,24.25010757116491,63.06580259255396,-39.37566114202215,23.601367650144883,-0.10286424758713508,0.06508564994681265,-0.03855440910895602,-0.04363572145341266,-0.2113437030358014,-0.09550768572024104,-0.12630116775678274,0.07364265973476058,-0.045086137917752,-92.22063576641715,-36.422690450070995,-63.171792694850964,-92.37649363509124,-36.811650747504956,-62.80068592474808,-94.5087937777754,-25.057715616867796,-70.77820482599076,1.1484320730509852,-0.30760405965600035,0.8917854347288556,1.3467801565989177,0.15438462423638244,0.7012886973994003,-0.12823995401626512,-0.16693103977847368,2.797115060780029
156.0,63.37905184999633,-39.50091023870747,23.681307595722195,63.00770104666896,-39.90398300715874,23.488771407716044,62.95010474054205,-39.39560873615167,23.54578539898699,-0.10287260894720518,0.0650492072708424,-0.03853492686931759,-0.8312056567680308,-0.6802260095138486,0.17474336821971015,-0.1254058230735101,0.06573989250423966,-0.04597243041442907,-91.27559048293526,-35.521948274582854,-62.82550736007891,-90.9008383427754,-36.11507872103843,-63.01750091125908,-94.14947693660349,-23.6738116936411,-70.00388784039261,1.1481200014965354,-0.30770513242775793,0.8915682003624137,1.5054483640981997,-0.6807805847184026,0.310483873157587,-0.17447528600466608,-0.23783252076926933,2.852517809807033
157.0,63.27617464381519,-39.435879037740435,23.642782320393163,61.66482982850028,-40.49651278127942,24.59959430760433,62.644368618919714,-39.511252459759234,23.670801142231408,-0.10288263450638269,0.06501363610474797,-0.03851580532918497,0.6585314668827529,0.17938740648565243,0.25954722574340927,-0.14063292541805006,0.05042384795496945,-0.03153417771390366,-90.33467877768541,-34.626155834965,-62.46488270076989,-89.88764641358891,-35.799920374705,-62.1791446401457,-93.79344059825361,-22.340996016995692,-69.12979300467761,1.1478087545715638,-0.30780430407338333,0.891356291701345,0.012022967410347802,-0.8812998008908507,1.5065296899958456,-0.22146469556345397,-0.31701800011336334,2.9093403739558283
158.0,63.173286580983564,-39.37088296649797,23.604275985063826,64.32476398043447,-39.54520819418744,24.007865859202862,62.786859519950525,-39.4739475020543,23.696574767057967,-0.10289431986713637,0.06497895891603989,-0.03849704920651398,0.8117156418805536,1.672904113644865,-0.12505182380999535,-0.11672593077428209,0.049316087993988525,-0.026695103074495373,-89.39729393040028,-33.73553314918602,-62.09030030554189,-90.49031346757015,-34.29044093732183,-61.10878260983768,-93.60419761461432,-20.93758659187515,-68.15838532796742,1.1474984687992584,-0.307901550123757,0.8911498425917018,2.0735918975991874,-0.4041130147775085,-0.027837109468028896,-0.2694458579773218,-0.393580498915637,2.963883070411867
159.0,63.070386004080916,-39.305921119908355,23.565788221980135,63.28826111226139,-37.15070455398969,24.34949065998434,62.766236780337536,-39.0710933178606,23.775541979646114,-0.1029076599038703,0.0649451976075639,-0.03847866312909787,-0.72341751664759,-0.1823313427578519,-0.8025298122887659,-0.1086109709520752,0.07916886823585526,-0.01777297014672831,-88.46286224180935,-32.850298889996445,-61.7021090384496,-88.69228396381043,-34.32115846581422,-60.619845149373255,-93.32195391259233,-19.620862579288787,-67.13141374197777,1.147189280281214,-0.307996846584871,0.8909489834311667,0.9442031855896569,0.2785471849746648,1.4755236381969103,-0.31564756689364754,-0.483442915658332,3.018985910152515
160.0,62.967471261175824,-39.240992571282845,23.52731865880563,62.87792894713929,-39.90987087970314,22.40280623462533,62.69187737361822,-39.134641895379865,23.54710657867891,-0.10292264876520107,0.06491237350369516,-0.03846065163342338,-0.1406479303019097,-1.277418670305142,-0.9281006689947127,-0.10571876660133682,0.06711779767060487,-0.035561319747804895,-87.53084048038825,-31.970670786352425,-61.300627806560136,-87.59492815995263,-32.83739930369165,-60.89662732372833,-93.04461915281205,-18.233571962138004,-66.12878803713369,1.1468813246377336,-0.3080901699437495,0.8907538410866904,1.1543613757331912,0.7612284696012913,2.1544370731069717,-0.356615256648992,-0.5765739339999181,3.0673767586077036
161.0,62.864540706550514,-39.176096372900965,23.48886691871329,63.00696525165757,-39.705541894599975,22.493289321994915,62.65158339381492,-39.16671972322171,23.35323222269859,-0.10293927987652651,0.06488050733684148,-0.03844301916355697,-0.2844686323431418,0.020777860281953053,1.1143127652019906,-0.10019429327400362,0.05874171248712041,-0.04892928300514836,-86.60071358629872,-31.096865988464927,-60.88614808828108,-86.04414137604772,-30.64404799468653,-61.64974188858501,-92.72388570661646,-16.718672330930374,-65.19201379224253,1.1465747369483401,-0.30818149717425025,0.8905645388143605,0.797191743130894,-1.8837033725718395,2.2258739824437996,-0.3880587526309789,-0.6716153296107983,3.107103999129388
162.0,62.76159270142277,-39.11123155660916,23.450432620478516,62.308991682453005,-39.868315159139236,24.631431765029312,62.51370243470337,-39.22619120071753,23.510637895561963,-0.10295754594288908,0.06484961923435151,-0.03842577007005055,0.13440409643589035,0.3267819556230407,0.9773434769006446,-0.10337655783159808,0.04875978290108407,-0.03150634567544201,-85.6719926069048,-30.229101399840516,-60.45893624885111,-86.39792744338591,-28.546856558202414,-59.31951214949534,-92.49764079985574,-15.098687094623322,-64.02361086169206,1.146269651692527,-0.3082708057427457,0.8903811961815494,1.5116488201338916,1.3920394677593109,-1.1994258179145387,-0.4168196929061072,-0.7633335963430585,3.1519106014082254
163.0,62.658625614664736,-39.04639713443226,23.412015378573187,63.27577344452935,-39.05197798335389,24.447976275796204,62.544881077746055,-39.15792658273999,23.629762392912173,-0.10297743895219114,0.06481972870581743,-0.03840890860885793,0.1504019782093593,0.14191205950596242,-0.09581505383987654,-0.09201470776431607,0.05040677246585577,-0.018787067320940765,-84.74421284123223,-29.36759397920792,-60.019235666417444,-84.05890297851474,-29.626387953039526,-61.02103362668502,-92.13087635771579,-13.724488703277352,-63.01070131792108,1.1459662026907709,-0.3083580736136827,0.8902039289913937,1.4200274297034219,-2.1050774064462203,1.8754300967953597,-0.4460061527138631,-0.8747927414402329,3.183590812888578
164.0,62.55563782351839,-38.98159209919753,23.3736148032608,62.609795638871724,-39.58449104012731,24.43980165734956,62.47726490097038,-39.18167676910393,23.739836850803506,-0.10299895017869787,0.06479085463073986,-0.03839243894028854,-0.22295434982137508,-0.2954548749227044,-0.6229914248810591,-0.08995449419283337,0.04414495395423562,-0.007905991603396759,-83.81693217335108,-28.512561014811087,-59.56726868950215,-83.89809806581543,-27.98185525525405,-58.407567306572076,-91.79797433025085,-12.281284784417377,-61.72091257585973,1.1456645230458329,-0.3084432792550202,0.8900328492096502,2.224370896314377,0.4895864469399532,0.08303487831762088,-0.47104106963629655,-0.9858386403363182,3.222509954911927
165.0,62.45262771430734,-38.91681542517078,23.33523050069261,62.8298647448866,-39.6428877331993,23.201993426034086,62.45611640969138,-39.21610187485901,23.649538995804598,-0.10302207018687426,0.06476301524660144,-0.038376365127994916,-0.43656736654820705,-0.11776742012602526,-0.24730765053629966,-0.08414451075290985,0.03751049291227403,-0.014863166001564117,-82.88972957695242,-27.664220373187067,-59.10323844435417,-81.42214556226165,-27.836961617058503,-58.94501553769673,-91.30514463858928,-10.943565962235922,-60.45863162149387,1.1453647450843758,-0.30852640164354095,0.8898680648939757,-0.4365183725193857,-0.49896988433807127,0.24679415901291893,-0.48896627898365813,-1.1105833114036285,3.25390543720028
166.0,62.34959368314464,-38.852066068704325,23.29686207300481,61.73666090577531,-39.82002588037936,23.94518635627696,62.273197112923405,-39.278318218106,23.682952360727175,-0.10304678883552398,0.06473622813734536,-0.038360691137945935,0.37663052003939157,-0.06172626868509212,0.225297079033016,-0.09248506022136191,0.02908955226663487,-0.010786692535181438,-81.9622037753961,-26.822790724228255,-58.62733050865463,-82.137063909908,-27.664045186628268,-58.34711838308178,-90.964074559343,-9.707059820607528,-59.139298187528276,1.1450670002989212,-0.30860742027003946,0.8897096801256761,0.27706181018461745,-0.5455469517447583,4.470340596306621,-0.512819608923075,-1.2376743833582213,3.277186312030894
167.0,62.24653413663629,-38.78734296889609,23.25850911841672,63.58312578496538,-39.766340270569486,23.652587584100118,62.398751906883014,-39.32962643740759,23.66912177144289,-0.1030730952822303,0.06471051022229446,-0.038345420837462285,-0.024331605790205657,0.3781965317421694,-0.5698454359571414,-0.0740737605035144,0.02230075911434739,-0.011043719378133844,-81.03397204326784,-25.988491744046836,-58.139714466251654,-82.40441196755586,-23.30750205839615,-57.082517907497454,-90.70039931075615,-8.131812250734683,-57.730181358631256,1.1447714192901728,-0.30868631514438194,0.8895577949439656,1.9615543989698283,-0.580871053915792,-1.6780991242438859,-0.5250294969558104,-1.3488009822693325,3.2964653825383823
168.0,62.14344749258018,-38.722645048259736,23.220171231329886,61.6879976941949,-39.06363281689502,22.805495484362677,62.22569044413408,-39.26943760379583,23.52552303319816,-0.10310097798811313,0.06468587774543622,-0.03833055799426077,-1.0737935715405946,0.5711670983628245,-0.5262023315798245,-0.0824322886325418,0.025500030632502373,-0.022236673944280992,-80.10466913702798,-25.161544296911252,-57.640545356017434,-80.58923966486324,-25.052965896101373,-56.724806133646176,-90.29650789919307,-6.887924552844296,-56.26434068707011,1.1444781317097297,-0.3087630668004387,0.8894125052827805,0.10225535161659328,-0.13009157918474312,1.3229138287976712,-0.5373346941070123,-1.4811675964223434,3.3115332035128224
169.0,62.040332180660066,-38.65797121340522,23.181848002428197,61.43553864188419,-38.62400607384384,22.60018292094047,62.033225676497636,-39.14755390933855,23.36287662318956,-0.10313042472289169,0.06466234626516254,-0.03831610627552706,0.21925436349269134,0.2175728922756086,0.08538995080483325,-0.09172343844204378,0.03363867358494304,-0.03409288135045829,-79.17394634368783,-24.342170597303124,-57.12996502651729,-80.64313332069067,-23.76896114559914,-56.34699007467862,-89.95507778353962,-5.640173883833707,-54.78099719052444,1.1441872662032184,-0.308837656300887,0.8892739029101847,2.2267768324321744,0.00140173967721129,0.8792225099764408,-0.54758591920849,-1.6123885308405992,3.317453506431465
170.0,61.937186643134396,-38.59332035572941,23.14353901877883,62.12650642118028,-38.628487032343806,22.976275385972343,61.97026570790998,-39.03844343149803,23.273977610993075,-0.10316142257026328,0.06463993064445717,-0.038302069247011516,-0.11841193489688706,-0.15421260483514843,0.516917400535867,-0.08929464914385231,0.040011517731323214,-0.03872071466639588,-78.24147063763738,-23.530594352947737,-56.608103406933544,-78.48442503953045,-22.904083300244018,-56.175051284318116,-89.44500119081317,-4.444467405321143,-53.262617592854234,1.1438989503538628,-0.30891006524188375,0.8891420753704077,1.7657794762570975,0.7060001601671614,0.3180755845716525,-0.5461678323002527,-1.7507903110923393,3.3175693594879747
171.0,61.83400933551954,-38.528691352116304,23.105243863934174,61.19871477209042,-38.932431283514134,23.634017722012203,61.77489746732991,-38.98817048558397,23.297254116038104,-0.10319395793355213,0.06461864504152004,-0.038288450372135685,-0.02253283128796113,-0.2599423523307749,0.08010967293133753,-0.09825151022511872,0.04087799340621769,-0.03348566533072884,-77.3069239367877,-22.727040889497268,-56.07507970357542,-76.45954451325639,-22.440450307872744,-56.84715705364379,-88.80141676424849,-3.359046508363424,-51.785377887492615,1.1436133106265238,-0.3089802757576062,0.8890171059285489,0.09780484253704771,-2.0387900366759086,0.4649097431104752,-0.5353717157111605,-1.8968663643997496,3.30610573565837
172.0,61.73079872726729,-38.46408306564637,23.06696211803456,62.08144075860436,-39.148371737005355,23.13649473183502,61.739581307395184,-38.978555227426504,23.2439806074586,-0.10322801654166014,0.06459850290079316,-0.03827525301115031,0.47740475835302476,-0.3178233797927703,-0.11248611471718739,-0.09293724508127502,0.03823816597271523,-0.035156552124297115,-76.37000245010043,-21.931737257389727,-55.53100353031338,-77.22569045381954,-22.451829669168802,-54.58463142784734,-88.25754350230433,-2.4031756250018317,-50.07634247864554,1.143330472312226,-0.3090482705246602,0.8888990735179864,0.8279578882936904,0.6006400140591537,2.301878252323471,-0.5290739960955904,-2.0444345533378527,3.295049280392674
173.0,61.62755330243622,-38.39949434631472,23.028693357911873,62.15352428879647,-39.568078043099675,23.409045492577828,61.72545111341923,-39.037918011693655,23.23995342320633,-0.1032635834553588,0.06457951694446962,-0.03826248042031288,-0.5105029147549374,0.6064333866315685,-0.340169492110423,-0.08628277247016423,0.029996735274825683,-0.032527986240912604,-75.43041610937145,-21.144912321270006,-54.97597598038382,-76.37459687718068,-20.073633481025652,-54.6480867500933,-87.67539388723316,-1.3475085402850209,-48.40315554975703,1.1430505594732019,-0.3091140327663545,0.8887880526905205,2.820673408314689,0.31529591764831216,-0.4583333603753281,-0.5122258402811765,-2.1848955440825955,3.2722521851088304
174.0,61.524271560356574,-38.33492403175743,22.990437157193934,61.060434929094484,-37.93550496374222,22.456155747614172,61.5491899374101,-38.841187672021306,23.090622007458176,-0.10330064307382969,0.0645616991645035,-0.0382501357510705,-0.9979948714865365,0.07921369429787362,-0.21159647175256424,-0.09388055482013806,0.04407573186527247,-0.04239087555903863,-74.48788807882778,-20.366796832235345,-54.410090646206726,-73.397501098913,-20.433868182121238,-55.09987315050109,-86.85207941607655,-0.5110170606870009,-46.73213878444547,1.1427736948884741,-0.30917754625683985,0.8886841135692856,-0.007210406219919841,-0.5251241324374598,1.9122668047805655,-0.4818296409614689,-2.33769814542512,3.2404839111036012
175.0,61.42095201628856,-38.27037094798571,22.952193086409732,60.157534545823395,-39.40965065450393,22.9858525490727,61.253538229286264,-38.89234621295568,23.038532840453065,-0.10333917914149637,0.06454506081498224,-0.03823822204928007,0.21948201209206886,-0.4516752919791678,0.4524098433126813,-0.11091812435915115,0.036034143567072886,-0.043209799930617944,-73.54215433669573,-19.59762348305929,-53.83343459313106,-73.77633396274054,-18.7478510584556,-53.991701914773,-86.09509308414812,0.3492166809714594,-44.97797463989014,1.1424999999999998,-0.3092387953251129,0.8885873218044581,2.2248643457037143,-0.3735231963230254,-0.7815592874404547,-0.4496080848991216,-2.481900112062905,3.201421327545121
176.0,61.31759320207358,-38.20583391012747,22.913960713095374,61.49939895327862,-38.838855547700554,23.360975434239535,61.19809018931062,-38.8535980219176,23.05217273670885,-0.10337917475516534,0.06452961240503541,-0.03822674225446754,-0.053202461316718797,0.6110415361375843,-0.47891214350281075,-0.10623422676256823,0.03626331791515199,-0.03840940782209005,-72.5929633234186,-18.83762694645169,-53.24608929236096,-71.59454664943404,-19.605107709989184,-53.86043570657684,-85.17653986395383,0.9380334383682193,-43.17572442437762,1.142229594859403,-0.30929776485888255,0.8884977385317914,0.5298406535486723,-0.6854143497481245,2.7189568076360966,-0.40830626552437005,-2.636952293513124,3.15496754283678
177.0,61.21419366677823,-38.14131172317564,22.875739601900797,60.05112962318996,-38.18756758222876,22.028028262067078,60.93004934724263,-38.7194218497283,22.860506465177192,-0.10342061237144051,0.06451536369221245,-0.03821569919910495,-0.422466125704716,0.39761571743949986,-0.562867737620568,-0.11989718806798876,0.04453108581033863,-0.051350427536898405,-71.64007565164526,-18.087043896328318,-52.648131517709466,-71.56749548995643,-17.241854055084165,-52.269616092120636,-84.26852941295574,1.6198933022677777,-41.25790142639905,1.141962598075315,-0.30935444030829873,0.8884154203340007,0.8146254199773718,0.25266200362770047,-0.1596701938309068,-0.3614873140032544,-2.7785588469898785,3.1041791433105224
178.0,61.1107519773307,-38.07680318274304,22.837529314697164,60.65446670186919,-38.043624112821554,22.2352399589984,60.78594700941893,-38.57674477077236,22.719926607537012,-0.10346347381441134,0.06450232367630804,-0.038205095607903417,0.3434741074992864,0.4398327364279204,0.18373841997585316,-0.12194107251535734,0.05281853996726072,-0.05888496652039182,-70.68326387349123,-17.346113011989676,-52.03963421026965,-70.66244360912034,-17.31114961425431,-52.57409250004608,-83.33314919755546,2.1091769506924827,-39.39669579548464,1.1416991267613497,-0.3094088076895423,0.8883404192050238,1.4668115793107754,-0.9151686608894786,1.7581016607143185,-0.3096707190458485,-2.92226057965777,3.03979263069669
179.0,61.007266719149406,-38.012307075823024,22.79932941068499,60.73807783818853,-37.30790210937292,22.395505102018785,60.67552224352799,-38.334865245435964,22.61975742729945,-0.10350774028363219,0.06449050059368133,-0.03819493409713459,0.4171271366699223,-0.3474964334972306,0.44838120602259757,-0.12096863482179493,0.06878286208466769,-0.06237100825902955,-69.72231230089342,-16.615074965046748,-51.42066731457683,-69.63122215001877,-15.968294642814397,-51.052601676163775,-82.30895608802768,2.563261889847599,-37.41523202102748,1.1414392964847335,-0.3094608535882755,0.8882727825171816,2.2176291052362105,-1.2242618238562588,-0.9667459893754653,-0.2496603143287336,-3.0589186466835026,2.9731139112354157
180.0,60.903736496763436,-37.94782218155568,22.761139446502895,61.488720975209034,-38.738616979816015,23.132002371043594,60.69979299968365,-38.339549557936124,22.64672466174451,-0.10355339236237171,0.06447990191203701,-0.03818521717400003,0.5355900653483303,-1.1527981563575658,-0.11518640225556354,-0.1087046110351156,0.06257928900036358,-0.05482728113232211,-68.75701687514423,-15.894172388878406,-50.791298589354966,-67.64900565185013,-17.314482458818706,-50.230165846969086,-81.15078852840978,2.6876911775983467,-35.34888581729198,1.1411832212156128,-0.30951056516295156,0.8882125529912557,0.3126356631651024,0.03991941419901949,1.490819387809991,-0.18147542392724544,-3.2045123370845983,2.902030942346002
181.0,60.80015993442466,-37.88334727199895,22.72295897633699,61.80925796888519,-39.61349842208805,22.165132297507657,60.78048293858144,-38.4847665824751,22.5255462073823,-0.10360041002611808,0.06447053432573213,-0.03817594723600948,-0.19411740473572792,0.3888020483408532,-0.09370635382640025,-0.09271212270386589,0.04503295453228218,-0.060429978591249066,-67.78718508190782,-15.183649830363565,-50.15159439548908,-67.4951015937133,-15.921188849026482,-49.67511765935081,-80.03276273342964,2.79522353267764,-33.310574345390904,1.1409310132770643,-0.30955793014798333,0.8881597686695055,0.03807606190387001,-0.11963955088430053,1.9475367406276753,-0.10932959734416468,-3.3382994320898898,2.820144790300885
182.0,60.6965356767112,-37.818881112904215,22.684787552030876,61.10048616573758,-37.96101288313431,22.944589663390794,60.75193761104738,-38.36530466380062,22.53966221715267,-0.10364877265136485,0.06446240375153778,-0.038167126570378684,-0.8195926052321667,0.9598444044116015,0.18625918045706058,-0.08729387427290339,0.051317741190466296,-0.05413531040023192,-66.81263590819454,-14.483753683598128,-49.50162046344131,-67.68631514400302,-14.16629498822905,-48.79183304957921,-78.96809124255137,2.922756028565748,-31.289536725629873,1.1406827832958253,-0.3096029368567695,0.8881144628916401,3.2228280783001892,-0.5327372316142218,0.29794949030627615,-0.03487834582517588,-3.4575098227787366,2.7291017874379593
183.0,60.59286238912193,-37.754422464495875,22.646624723196233,60.17007275842086,-37.69380961326485,22.53765065842178,60.58775046232827,-38.21756504154559,22.493630831401674,-0.10369845902466679,0.06445551532489091,-0.03815875735347163,0.10305001804307778,0.2245686955953623,-0.04989888130710973,-0.09378674745625613,0.05945961120915727,-0.053451014466499226,-65.83319983789976,-13.794732105285103,-48.84144264192493,-64.61651171947823,-14.109189089869524,-48.1652157578033,-77.65058771288618,2.8382475385662542,-29.24540014481927,1.1404386401537696,-0.309645574184578,0.8880766642737599,0.14282258475320714,0.3868419756831412,0.8690732413187985,0.05643759843550893,-3.57645416339643,2.6355000436499467
184.0,60.489138758661866,-37.68997008225443,22.608470037323933,61.306586201823734,-37.511875491943584,22.844791900776574,60.62030595217502,-38.05763302458871,22.5030867592524,-0.10374944735194092,0.06444987339667918,-0.03815084165027294,-0.03651157014426687,-0.13651873064420883,-0.13505917499991327,-0.08311840057653767,0.06794350780017498,-0.048139148093790475,-64.84871888261141,-13.116834911473347,-48.17112762926443,-64.4795533693424,-13.158216225073176,-48.14032407393046,-76.38934336260537,2.6782174705018553,-27.315811206265135,1.1401986909401483,-0.3096858316112864,0.8880463966902818,-0.5847390113348221,-0.14067458050090056,-0.07134840083107723,0.150122369914901,-3.684011233880668,2.5287127173435366
185.0,60.38536349441805,-37.625522717702516,22.570323039895687,60.097049618132324,-37.966847074553264,22.267532308421952,60.468757238471625,-37.986138094936685,22.425809273206152,-0.10380171526802329,0.06444548153046625,-0.038143381413863864,-0.37446718701655257,-0.17194638191205058,-0.05488311322644002,-0.08889666074597158,0.06824339009639342,-0.05059959127899232,-63.859046644451055,-12.450313455318952,-47.49074368850381,-65.08705009843055,-13.282698240810985,-48.04081606325676,-75.26934451797612,2.352394695449318,-25.497276670548565,1.139963040904617,-0.3097236992039768,0.8880236792588606,2.845967023511958,-1.8955675311073088,0.7765879711532109,0.24085771807565823,-3.785038036975985,2.408245419806397
186.0,60.28153532812582,-37.5610791191935,22.532183274496205,60.55765182779063,-37.855768255767686,22.735025674323694,60.40750261897702,-37.90823561381394,22.43115196536963,-0.10385523984647449,0.06444234250023939,-0.03813637848494267,0.766691977822294,0.5399981671267042,-0.0008492490068192637,-0.0865625649532414,0.06905900438193696,-0.04587582116261795,-62.86404840774801,-11.795420485550995,-46.80036134696775,-62.72586565846741,-13.419006519685974,-45.94031431846076,-73.95904915958778,1.820106372624767,-23.53533483975718,1.1397317934110696,-0.30975916761938754,0.8880085263283128,-0.46749135628365907,1.5582454823474858,2.294849538506652,0.34208102769100057,-3.8828368892762817,2.294223140455614
187.0,60.1776530147251,-37.49663803270204,22.4940502829258,61.63043357377691,-36.886850740299856,22.265833810408314,60.52453316604804,-37.691114030707396,22.366705883202513,-0.10390999760964803,0.06444045828867573,-0.0381298345913752,0.17845662531532724,0.0689586460182241,-0.8528946218173683,-0.0693711490992769,0.0815614183288387,-0.047443895230894796,-61.8636012563531,-11.152409985342967,-46.10005408064056,-63.1202875196731,-10.666388017681063,-46.29086698332589,-72.73414827146316,1.4315577676003963,-21.79321208896113,1.1395050498922994,-0.3097922281062177,0.8880009474695542,2.3042776163559004,-2.3748093232968666,-0.38756289631787666,0.4451699934764216,-3.9551100971255124,2.165413459821971
188.0,60.073715332906524,-37.43219820261615,22.455923605313455,60.91456507842128,-37.71785096373124,21.029236430688957,60.526587570071236,-37.626390266056404,22.11869565157042,-0.103965964538979,0.06443983008589171,-0.03812375134777568,-1.1831864528859768,-0.8952309884742498,-0.0470452345034893,-0.06333997066637602,0.08013964573789555,-0.06437972995092418,-60.857594213381816,-10.521536991320321,-45.38989898339565,-61.20236682180872,-12.118139806224791,-44.33350215178838,-71.3969673972736,0.7077121025211781,-19.947759744733037,1.139282909805508,-0.3098228725072869,0.8880009474695542,1.5309904589091128,1.107497929174891,1.4587293132808914,0.5536756182383188,-4.030728810015671,2.041262854585366
189.0,59.969721085647144,-37.367758372530254,22.41780278023025,59.26406066800496,-38.677312717248356,22.171743341401335,60.276804371103474,-37.72210216042391,22.07257291447187,-0.10402311608552495,0.06444045828867573,-0.03811813025509281,-0.5180015561265634,0.7940198981425688,0.7896500378746136,-0.07908324920373139,0.0652907300528115,-0.06283810826614619,-59.84592840014199,-9.903057392476068,-44.66997742078953,-59.62311348055629,-10.302847557305576,-44.58104807669243,-69.96635005699854,0.0026432013351853243,-18.292979875994355,1.1390654705886787,-0.3098510932615478,0.8880085263283128,0.7692415552981647,-0.5873649813409549,2.5913507952070343,0.6721207465241315,-4.087152573000907,1.9094127796855436
190.0,59.865669100735474,-37.3033172860388,22.37968734480327,59.87856196616816,-36.1298111674461,22.608536506438185,60.14809994793725,-37.419401522722715,22.102833320857957,-0.1040814271807271,0.06444234250023229,-0.03811297270024028,0.1720635965572619,1.0095114682735051,-0.6889806114385433,-0.08327326441725937,0.08533763836741393,-0.054976863527265774,-58.82851721094728,-9.297227708818463,-43.9403756678259,-59.153868459709194,-8.371567282758793,-42.731579127053465,-68.51828157483982,-0.6452002613318785,-16.635543764177363,1.138852827617839,-0.30987688340595143,0.8880236792588606,1.7364256765533888,0.05722551746192116,-1.566230944214735,0.7895137655062932,-4.1232620800854605,1.779410327841157
191.0,59.76155823128569,-37.23887368752979,22.34157683482977,59.60818786111948,-36.658289780701345,20.79378211852425,59.993830899637736,-37.22899810837938,21.852879625833662,-0.10414087224740243,0.0644454815304627,-0.03810827995576993,-0.028122209625745853,-0.25250475990544885,-0.6700380467961722,-0.08926815310707266,0.09420939944451004,-0.07144072008325072,-57.80528650045387,-8.704304849637897,-43.20118552979816,-57.27861983892871,-9.67276428850885,-43.616071438964326,-67.01178096593097,-1.6014989099734973,-15.218859641438454,1.1386450741652236,-0.30990023657716564,0.8880463966902818,1.2341715512603564,0.37151157218509595,1.102063962229972,0.9155196971728672,-4.158969498783704,1.639042567923713
192.0,59.65738735624067,-37.17442632297787,22.30347078489173,59.822317546916665,-36.634820687257,21.26846041284584,59.89177569880123,-37.05705633079741,21.701683728503227,-0.10420142521099152,0.06444987339668629,-0.03810405317955201,0.372797674994537,-0.10736833739449025,0.590442535107929,-0.09034789226364609,0.10077312659908867,-0.07817525252853168,-56.77617478008148,-8.124545851356181,-42.45250494503407,-56.091686181246246,-8.547778321246081,-43.31747754924961,-65.45391789368584,-2.581511621193944,-13.952970041941196,1.138442301358363,-0.3099211470131448,0.8880766642737599,0.8083723534013723,-0.6833615246399917,1.8468568362718487,1.0450701183224151,-4.177908684153988,1.4956423266512053
193.0,59.55315538086371,-37.10997394073642,22.265368728470666,60.353783211108556,-36.873026455490326,21.974667188740106,59.887305097309685,-36.943338886177045,21.678104771464433,-0.10426305951096637,0.06445551532489802,-0.038100293414478514,0.0347454982882347,0.5893951976959997,0.5430580818789394,-0.08309640814713468,0.10186614566951373,-0.07356513772396873,-55.74113341999837,-7.558207595007671,-41.69443856809546,-55.5078985389434,-7.4043235486314645,-41.69856863816236,-63.89074291308858,-3.556431530820154,-12.717656065397488,1.1382445981401124,-0.30993960955455185,0.8881144628916401,0.48034387230398967,-0.1407059593310968,-0.07285996792185338,1.1710906210813286,-4.180028636531854,1.3552982105570444
194.0,59.448861237218736,-37.045515292328076,22.227270198062772,59.891808543493134,-35.456030291865,22.35457657660372,59.817828250227194,-36.62607149155534,21.72115140235729,-0.10432574811247619,0.06446240375153778,-0.038097001588210944,-0.4177624580297845,-0.21478765371059438,-0.1901917610356083,-0.08194637150943698,0.12005464138718577,-0.06371843226411317,-54.70012685306634,-7.005546503499318,-40.927098331729994,-55.037280741304315,-7.544361051209469,-41.623797668234346,-62.37324716707278,-4.643681207811506,-11.669227311297995,1.138052051229637,-0.30995561964603086,0.8881597686695055,1.3798222901637567,1.2674986526004246,1.7611574582831713,1.2954264418720554,-4.172116168112144,1.208862292055247
195.0,59.344503884638755,-36.98104913323334,22.189174725294244,59.51825829504899,-37.302601762911515,21.59428366666889,59.702046917352426,-36.629865650433736,21.647614851093444,-0.10438946351822764,0.06447053432573213,-0.038094178512958266,-0.03524558086494167,-1.0299013049739116,-0.07669918475664517,-0.08480339788646343,0.10959684049593192,-0.06454747488225439,-53.65313277705891,-6.466818218907482,-40.150603985634625,-53.65690962995937,-5.374570886804662,-41.62720939987172,-60.748990540424295,-5.622289927758665,-10.836385232901657,1.1378647450843757,-0.3099691733373313,0.8882125529912557,1.4393217254731014,-2.5468131050985217,-0.541186392481846,1.4236664324983028,-4.141045214941812,1.0624257982369931
196.0,59.24008231018228,-36.91657422367661,22.151081841036856,59.82131738176325,-37.51583290181282,22.20117820709043,59.64897184196713,-36.675053838368214,21.67916797215635,-0.10445417778054278,0.06447990191203701,-0.03809182488527618,-0.35851148935345023,0.3928991557623611,0.3761354412778335,-0.08212425623455302,0.09652678245095216,-0.0564327342003089,-52.60014235138899,-5.942277260187803,-39.36508360987013,-52.407795817507186,-7.338623761472463,-39.90737330385913,-59.123529630544375,-6.897803319278359,-10.002906232231078,1.1376827618629943,-0.30998026728428274,0.8882727825171816,1.6109016759767343,0.18573656783886688,1.0810453132172435,1.5470574799524301,-4.113453322240912,0.9207518145835151
197.0,59.13559552907767,-36.85208932940927,22.11299107552369,58.80123531634209,-36.51680345138679,22.346554549224557,59.44781424789785,-36.568930597025215,21.73527082816819,-0.10451986251361234,0.06449050059367778,-0.03808994128588594,-0.03199841781383128,0.18561410006262236,-0.1575943516653524,-0.09217543915943764,0.09733710807493007,-0.04693022151472237,-51.54116038451406,-5.432176661806023,-38.57067410057205,-50.860021936949934,-6.3757595019397675,-39.37825327758424,-57.40943543393928,-8.151461518530565,-9.327592927484604,1.1375061813893483,-0.30998889874961977,0.8883404192050238,-0.17979120542486976,-0.6615346619727347,1.9224566635116458,1.6715802282840577,-4.069859224384487,0.782525676044335
198.0,59.031042585155056,-36.78759322248926,22.074901958465084,59.75732054613559,-37.14460470168758,21.885989503759724,59.418090156321576,-36.57622970529004,21.719070009619593,-0.1045864889059338,0.06450232367630448,-0.038088528179535786,-0.27997368306195014,-0.25864325636157304,-0.022815092464270492,-0.08690204323622622,0.08850161904194181,-0.04433542869446335,-50.47620550813289,-4.936767593937367,-37.767521625431,-51.21599312241347,-5.296821802297871,-37.64606508651482,-55.790606493187134,-9.301706881944325,-8.697533252693704,1.1373350811174696,-0.30999506560365736,0.8884154203340007,1.28911957296767,0.1555974043044461,0.6546724147447031,1.7835145663685656,-4.008727919659895,0.6483966505677162
199.0,58.9264225512658,-36.72308468205666,22.03681401916462,58.24128795021819,-37.03408996410994,22.300924364296016,59.16173621232627,-36.572673535253664,21.772091249584555,-0.10465402773296972,0.0645153636922089,-0.038087585914887256,-0.2028469923973617,-0.07973676017079967,0.3607307134747728,-0.10121057295135273,0.08132881970586968,-0.03611462514939312,-49.40531033425193,-4.456298965030335,-36.95578204627369,-49.952680447259176,-4.69226417599445,-37.34947603224015,-54.1085962997433,-10.434115116479825,-8.258400782376814,1.1371695360975924,-0.30999876632481665,0.8884977385317914,0.8245957646841586,-0.7044819684140791,2.783021109068265,1.894759126388646,-3.9345750616942636,0.5165327360894921
200.0,58.82173452968912,-36.65856249510484,21.99872678663531,59.351626561340865,-37.304078222029176,22.60745093070927,59.10578446786255,-36.617704213578854,21.871468830686755,-0.10472244936996233,0.06452961240503186,-0.03808711472443349,0.7123181017355762,0.36473446955996636,0.4867362471051919,-0.09738891447843977,0.07065901532913141,-0.024673654286071794,-48.32852159118443,-3.991017007686899,-36.13562130596517,-49.28582022117506,-3.028471190049121,-35.00459477857313,-52.405923368056925,-11.410034991735852,-7.809547326634302,1.1370096189432333,-0.31000000000000005,0.8885873218044581,0.8295452597466002,-0.6893474686739763,-0.14703542190180527,1.9955493867993783,-3.8432401506016673,0.39731247163424205
201.0,58.71697765252588,-36.594025457246595,21.960639789715753,59.66592415368934,-36.304621024990006,23.2743968585064,59.11062461520209,-36.50935437266003,22.06875111952421,-0.10479172380491875,0.06454506081497513,-0.03808711472443704,-0.640563959317042,-0.048326221881850984,-0.965001273877915,-0.08875668573258576,0.07384163113646051,-0.005931679758755491,-47.24590023455734,-3.5411648489739025,-35.30721577677567,-48.48071194331687,-3.592552769253263,-34.58124886951122,-50.70977467074313,-12.449270153227486,-7.535058816240648,1.136855399799342,-0.30999876632481665,0.8886841135692856,1.2752573263759164,-0.6904536584226191,1.3230213192334248,2.0915007224862645,-3.746865680768296,0.27814615660971326
202.0,58.61215108207928,-36.52947237347489,21.922552557186435,58.07049864270678,-37.40073066579288,20.67744838295344,58.87395407510173,-36.58557970865191,21.847429290436686,-0.1048618206517844,0.0645616991645035,-0.038087585914887256,-0.05571956221229968,0.1488874627601291,-0.7144207551288702,-0.1012465413849537,0.061169966500088296,-0.02411923822349068,-46.15752152944269,-3.106982066446123,-34.47075256731838,-47.286894102679085,-3.0741818111977417,-33.17947555131242,-48.96397481677875,-13.434678680887679,-7.337528862247634,1.1367069463115318,-0.30999506560365736,0.8887880526905205,1.8966697893225035,-0.7768669764077053,-0.25469583210508345,2.181278987339556,-3.6410575803233445,0.16772930568095668
203.0,58.50725401122231,-36.46490205891759,21.88446461788598,59.55448502926474,-36.00684609946975,21.84555534824866,58.89425415523739,-36.44394169011892,21.82676863293883,-0.10493270916375863,0.06457951694447672,-0.03808852817953401,0.2638825297344276,0.10628749654904013,1.4404767518028532,-0.09098313661929303,0.06796469413945667,-0.02382719543811491,-45.06347509980512,-2.6887042313320606,-33.626429785165264,-45.41337576949817,-3.7946743477457825,-32.79248565389805,-47.1197426821234,-14.495470667586561,-7.313956982960905,1.1365643235964087,-0.30998889874961977,0.8888990735179864,1.4085649814325063,1.213391675103841,1.6125429251429146,2.2705616349462936,-3.5332906820960805,0.06134758688580823
204.0,58.40228566375176,-36.400313339585935,21.846375500827367,58.598263702175636,-37.1881556726948,23.558401886559146,58.771397567613825,-36.502250232019136,22.075871124030716,-0.10500435824679855,0.06459850290078961,-0.03808994128588594,-0.5833924535766855,-0.126141298711417,0.2353830118973157,-0.09367453293161086,0.057302173730979754,-0.000780994643902154,-43.963864941570925,-2.286562440503036,-32.774456752295286,-44.01893525704805,-1.7979055286983006,-32.50002119404134,-45.1771450453245,-15.323485863725198,-7.478165336121516,1.1364275942130095,-0.30998026728428274,0.8890171059285489,2.0356034594806935,-1.5651376340215446,0.43957511549382794,2.357460047762687,-3.4071320443899453,-0.03668819111070459
205.0,58.29724529472871,-36.33570505311601,21.808284735314206,58.38770012211137,-36.25912869689258,22.31632137204329,58.63263180938179,-36.41605784883678,22.11259548444895,-0.10507673647325433,0.06461864504152004,-0.03809182488527618,-0.03471252457734053,0.5368992200936482,-1.170771077157024,-0.0974820389803032,0.05974166492912763,0.0023859600198047775,-42.85880939577334,-1.9007828390157167,-31.915054170619694,-42.0370540529096,-2.642103554760397,-31.10974448466954,-43.14206982739405,-16.218049819553823,-7.699643625075116,1.136296818135361,-0.3099691733373313,0.8891420753704077,1.1850854806032083,1.0733130895745846,0.954533750458537,2.4391573499507064,-3.2829604051914756,-0.12528745142664316
206.0,58.19213219080525,-36.271076049502895,21.770191851056815,58.528838653020955,-36.1143572325075,21.216859732245098,58.53416855132062,-36.31869768854697,21.97534624077364,-0.10514981209564311,0.06463993064445717,-0.03809417851295649,0.014636699210626603,0.6850603262990056,0.17878451927674277,-0.09756489318443275,0.06291817316713202,-0.00940484582184795,-41.74844107842684,-1.531586135182803,-31.04845423496879,-40.85207764059679,-1.2057762373093688,-31.104647407787137,-41.05280062338212,-16.90596861913292,-8.114661792512333,1.1361720527261725,-0.30995561964603086,0.8892739029101847,-1.015266790314265,-1.1070707029949034,0.911764589595402,2.516939683830275,-3.14443384615404,-0.2079607669189244
207.0,58.086945670537425,-36.206425191827094,21.732096378288293,58.41697352053262,-34.88900804429457,22.673890410596776,58.43355166838298,-36.043281131060475,22.07600955571431,-0.10522355306058273,0.06466234626515543,-0.03809700158820739,0.2840385351553536,-0.19262254898345788,-0.10779262927285238,-0.09782260340118665,0.08086155080308352,-0.00011068304229309468,-40.632906764018706,-1.1791871102861222,-30.174900691112082,-41.900020886801,-1.4338420310356754,-29.68834261707101,-39.19523440150863,-17.50126693903055,-8.525768708111201,1.136053352711676,-0.30993960955455185,0.8894125052827805,1.9040271669356215,0.9335414816680886,0.9826425852482848,2.57367884511063,-3.000259890018888,-0.2884644230243358
208.0,57.98168508468409,-36.141751356972584,21.6939978478804,59.09691572333166,-36.49960233047442,21.001274473699393,58.45407433226804,-36.04593790714689,21.908821966720417,-0.10529792702283913,0.06468587774542911,-0.038100293414478514,-0.3143372740553154,-0.5745189767197907,-0.12603027810388845,-0.0878295211989554,0.07380925775294433,-0.014218668038689222,-39.512367219791244,-0.8437941251956657,-29.29464883662177,-39.99763259271693,-0.08479517811178569,-29.557983727066155,-37.21059431399671,-17.90450793781552,-9.100964697266402,1.1359407701576216,-0.3099211470131448,0.8895577949439656,2.4069611190605675,-1.4372788906316525,0.2822535241176329,2.6301709047759187,-2.846488029842521,-0.3590886746083631
209.0,57.87634981649175,-36.077053436336236,21.655895791459336,57.78829897242199,-36.03804599773415,22.421829854389,58.27638885523831,-35.98237712934634,21.97657368921753,-0.10537290135953725,0.0647105102222909,-0.038104053179555564,-1.2553508410835121,0.7789786087844206,0.2529548694083008,-0.09541696405634628,0.07294387542747803,-0.007297082836705274,-38.38699698831613,-0.5256086262971109,-28.407965462674813,-37.601422615351815,-1.0280299892587796,-28.437458402369543,-35.10439986859052,-18.35697943997126,-9.726611977646392,1.1358343544464378,-0.30990023657716564,0.8897096801256761,0.1435510799269639,0.330008400738241,1.0445969317135997,2.6833208842289795,-2.69957669338347,-0.42007279194283825
210.0,57.77093928196501,-36.012330336528,21.61778974152129,56.58621404116464,-34.941645112905576,21.507184212515995,57.93302739301343,-35.758966683113535,21.89743293011169,-0.10544844318446067,0.06473622813734536,-0.03810827995577171,-0.21083139563117825,-0.3090040225047552,-1.0002751465736228,-0.1163534138916924,0.08564928262478229,-0.013363567615783788,-37.25698411623529,-0.22482465325415402,-27.515128735224874,-37.46420678899384,-0.12993823212611819,-27.81010912955954,-33.106344841214806,-18.608265060602616,-10.401375311821868,1.1357341522555726,-0.30987688340595143,0.8898680648939757,0.9464181747156541,0.07710406902010301,1.1122538289737716,2.724189268155556,-2.543861583637993,-0.47503422281420016
211.0,57.665452930122825,-35.947580980061545,21.579679231547793,57.366636181159635,-36.65605404274366,20.421279561241754,57.74670448753317,-35.826108085038804,21.656642557107205,-0.10552451936246499,0.06476301524659789,-0.038112972700236725,0.774947805424393,-0.44491830804867405,-0.43429652310695843,-0.12226164239230199,0.07274762710905441,-0.03256750211485574,-36.122529827459005,0.05837164876117806,-26.616428014355368,-36.51429833791553,0.6008577917319454,-26.968097187616504,-31.1379225044248,-18.695277004830153,-11.101341154846303,1.1356402075370189,-0.3098510932615478,0.8900328492096502,-0.2617059225794307,-1.0405081287749833,2.142223697188255,2.7564099866266987,-2.3839101467382187,-0.520901370188835
212.0,57.55989024324008,-35.88280430603481,21.541563796120816,58.136109652013424,-35.831481729002924,20.638591166302078,57.703994088395845,-35.76550633910683,21.470857243127167,-0.10560109652402971,0.06479085463074341,-0.038118130255089255,-0.4094702922647002,0.3015027412202578,1.1252392387492183,-0.11554433014682058,0.07172202809859701,-0.045505224289342325,-34.98384813956652,0.32380250964938606,-25.71216361104868,-36.74244692321595,1.0439867650183563,-24.627891609516134,-29.367627289718417,-18.637789181000134,-11.634227171530354,1.135552561498035,-0.3098228725072869,0.8902039289913937,1.7396814955693443,0.013425140157876197,-0.7177204894835874,2.768757031241622,-2.2226716257707357,-0.55490257780328
213.0,57.454250737074766,-35.81799927080006,21.503442971037614,56.547695596630234,-36.05304856030315,22.67175803874019,57.42663881728606,-35.74964081235754,21.619136620754386,-0.10567814107987417,0.06481972870582808,-0.03812375134777746,-0.4846448184438046,-0.4869415934014505,0.32735249113151177,-0.12920765671105278,0.06700550142784598,-0.029142039678038602,-33.841165422649546,0.5712990049892972,-24.80264648107097,-35.01137541142742,0.6342598471577439,-25.21735170454237,-27.535824450502815,-18.540609662488595,-12.341777151669762,1.1354712525830704,-0.3097922281062177,0.8903811961815494,2.3961870837161023,-0.24781821754598277,1.209852547857307,2.7818446128575713,-2.0643808132242074,-0.5883174224289502
214.0,57.348533961080335,-35.75316484862315,21.46531629342526,57.166820015125815,-36.805364915805825,21.2932961485651,57.277124431930744,-35.85719135933349,21.543865481316413,-0.10575561923571186,0.06484961923435506,-0.038129834591376977,0.2520687015748706,-0.7615360610436497,-0.6412905717238999,-0.13092235822175827,0.052265977147785754,-0.033037183914782775,-32.694719900358145,0.8007015138424879,-23.888197856168105,-32.59777913854878,1.1014352079155008,-24.074115493345037,-25.603909427338916,-18.33142903119751,-13.028390124740412,1.1353963164569025,-0.30975916761938754,0.8905645388143605,0.6917564436403356,-0.9111970250429009,-0.1397532763528795,2.7934901003668027,-1.9098283554688344,-0.6086566893363717
215.0,57.24273949860334,-35.68830003233135,21.42718330185486,57.051832999779975,-37.576120682390446,21.38917689529239,57.13153007025861,-36.08030143997589,21.49191458216446,-0.1058334970070689,0.06488050733683792,-0.03813637848494089,-0.0958036096028465,0.8346527686128731,0.6950083271760104,-0.13216126316416146,0.02901320460245267,-0.03463425928119778,-31.54476109346408,1.0118601609144917,-22.969148813294865,-31.901647104007623,0.25623654014697195,-23.706064740000585,-23.771133563773187,-18.11851361134565,-13.733471405857932,1.1353277859889928,-0.3097236992039768,0.8907538410866904,0.903985027091192,-0.010715363560862699,1.255397819689438,2.795730155289479,-1.7607900027279368,-0.6280995837564924
216.0,57.1368669670662,-35.623403833949475,21.38904353645538,56.97521279592012,-35.13605937858008,22.683312802917122,56.995613158505975,-35.90899330350995,21.647897354802563,-0.10591174023416983,0.06491237350369516,-0.038143381413863864,0.3838392695192283,0.914711656839053,-0.40642424619221273,-0.13247839037953643,0.04102859806667498,-0.0185385444901058,-30.391549206819903,1.2046352402456109,-22.045839783147102,-30.986743073038795,0.9020077456483028,-22.629395774748023,-22.02211213216142,-17.75834882340236,-14.364961056903757,1.1352656912390695,-0.3096858316112864,0.8909489834311667,1.793434579101409,1.0179481370696457,1.801573653975368,2.7893906011032934,-1.6118924097317924,-0.6378602598374167
217.0,57.030916018135,-35.55847528532396,21.350896539027133,57.81951153881843,-35.74669736871234,20.576328402907965,57.011827159555445,-35.849110702655544,21.46563922371988,-0.10599031459695141,0.0649451976075639,-0.03815084165027294,0.8755127021135358,-0.15800057817206437,-0.6804102227116129,-0.11992279500619135,0.04262063130990731,-0.03236303721762471,-29.23535446117851,1.3788976176460537,-21.11861999982746,-29.160259563589456,2.6856876778285086,-21.580019530478612,-20.258648869775357,-17.15104805137243,-14.924897683144941,1.1352100594439423,-0.30964557418457805,0.8911498425917018,1.054957607620343,-1.4703990108177045,1.213970882496334,2.7811058675129696,-1.460445246531478,-0.633143397093889
218.0,56.924886337872294,-35.49351343873435,21.312741853154833,58.72623820014719,-35.45206053492421,21.322492357493896,57.17709686718277,-35.751385245529505,21.416052103931747,-0.10606918563011192,0.06497895891603278,-0.03815875735347163,-0.5088107264603288,0.22841966687897397,0.2985991665327319,-0.09584112120859443,0.04727368644888755,-0.033817439889839714,-28.076456371917388,1.5345291091643096,-20.18784689404229,-28.033172379443084,1.975672368344722,-19.80891750376982,-18.584473534794917,-16.563301285456998,-15.334389205323369,1.135160915005555,-0.3096029368567695,0.891356291701345,0.9467655232906041,-0.1868500936224467,0.9576613033469492,2.7621314918900586,-1.3201412182871393,-0.6208384338707448
219.0,56.81877764687478,-35.42851736749189,21.27457902432019,56.801890085897774,-35.28985803495439,21.17352673597343,57.03782145380724,-35.639705616728364,21.349785861555578,-0.10614831873819952,0.06501363610474442,-0.03816712657037691,-1.207605952283732,-0.14711344523446357,-0.05450602331550769,-0.09950871571383194,0.05271212848376437,-0.03655741891938155,-26.915142977295737,1.6714228329804748,-19.253885432792163,-27.05184625439951,2.2528302771959705,-18.872763406232384,-17.002861174772093,-15.890689030531219,-15.666683355666704,1.1351182794802828,-0.30955793014798333,0.8915682003624137,0.09599847014244392,-0.6516412144658076,1.042737875056321,2.7361534631109925,-1.183855041425158,-0.6025232546211012
220.0,56.712589700395895,-35.36348616652486,21.23640760001408,56.31102629557973,-35.746287425393135,21.21348031086288,56.84078556668285,-35.611759665321046,21.297720131781656,-0.10622767921081788,0.06504920727084595,-0.0381759472360077,-0.2879825686191353,-0.25377648293491006,0.049600776629537435,-0.10774391652249243,0.05062087085230089,-0.03786694171434305,-25.75171001943509,1.78948353225091,-18.31710740906866,-26.908808114395924,2.1451821179173103,-17.646972718736997,-15.60981988856392,-15.181717122788513,-15.876167227180012,1.1350821715694759,-0.30951056516295156,0.8917854347288556,1.702493787615499,-0.715636729399343,0.5368723436895322,2.6978902207605477,-1.0529325012475614,-0.5797575735114479
221.0,56.60632228845314,-35.2984189529502,21.198227129848174,56.225924948659504,-35.79741100082421,21.272728289232504,56.654197833172624,-35.59787314485012,21.261854942246398,-0.106307232237846,0.06508564994681265,-0.038185217173998254,0.005232444072937881,0.7828838253848929,-0.9545610055359539,-0.11440149364714702,0.047519019874866286,-0.03769791362785697,-24.58646008175908,1.8886278665941318,-17.37789068560135,-25.17927691042472,1.737942032283328,-16.849980700059035,-14.214285512815898,-14.474450366635264,-16.039872550675817,1.1350526071112574,-0.3094608535882755,0.8920078575907889,1.2786797186396235,-0.026170879876191423,2.5009571729602142,2.658072418746654,-0.9317437977709608,-0.5534532314912233
222.0,56.4999752359202,-35.23331486663123,21.160037165666083,56.321491183725605,-34.18051977462335,19.304358299790973,56.5058554109376,-35.33737954042104,20.925676897356887,-0.10638694292469353,0.06512294111467654,-0.03819493409713104,0.4658391251449885,0.7507487824258519,-0.8011320951321483,-0.11726746790345925,0.06550260789016586,-0.06290159566624476,-23.419701687134953,1.9687846700999394,-16.436618397196913,-23.810754003215337,2.7511724244857945,-14.561586777746045,-12.88772680752243,-13.642697505515663,-15.975314263584595,1.135029599073576,-0.3094088076895423,0.8922353284611666,1.2670253288138063,-1.5212817883546885,-1.4093250695690709,2.6126598441170774,-0.8157767145156203,-0.512659094027526
223.0,56.393548402603756,-35.16817307072085,21.121837261653912,57.15760319894948,-34.29591343597251,19.670464098968207,56.50815035917763,-35.12013930077547,20.677401075242088,-0.10646677630761658,0.06516105722054277,-0.03820509560790164,-0.13716540813843991,-0.5912407918819262,0.3970052441784162,-0.10717160957116606,0.07831534355821802,-0.07855460761639647,-22.2517483614316,2.0298951739635482,-15.49367811667289,-22.565169878025532,0.7978783723088175,-15.25834724656181,-11.584953683191756,-12.972670987730918,-16.02710764505237,1.135013157548517,-0.30935444030829873,0.8924677036645116,2.040367074982821,0.4535984278893147,2.2134563713681508,2.565602272533327,-0.7130477494302785,-0.4831164662239262
224.0,56.28704168330497,-35.10299275219015,21.08362697445028,56.047160367448726,-35.3630013583872,20.098368788147805,56.34596894281608,-35.09175891728363,20.521034850594713,-0.10654669736905831,0.06519997418945067,-0.03821569919910495,-0.7608099361987257,-0.7596313890977591,1.3007655373420146,-0.11181664129732324,0.07409883222531041,-0.0851250257083879,-21.08291766762506,2.0719131920883207,-14.549460989798044,-20.47778515876598,2.031905477163087,-13.365174695392795,-10.263989565856422,-12.160909471069957,-15.893655567498385,1.1350032897478772,-0.30929776485888255,0.8927048364276646,-0.579564670217639,0.5948584505075267,-0.5968704549680616,2.5195590495498124,-0.614671552288939,-0.43987529740929465
225.0,56.18045500786564,-35.037773122341946,21.045405863255702,55.63598332655203,-35.81517621416803,22.271995173652236,56.14115215963734,-35.14165366590902,20.721374643504024,-0.10662667105299661,0.06523966744061482,-0.038226742254463986,0.3408014244767372,0.640288253787098,0.7069875733119044,-0.11966957943292494,0.06362880605186758,-0.06102035753106319,-19.913530215945208,2.094805268267347,-13.604360845008019,-21.086961646519878,2.3762819151483585,-14.13484198641394,-9.182001330067926,-11.291299433168897,-15.825086320692217,1.135,-0.3092387953251129,0.8929465769724902,3.277184025507132,1.190108937488837,1.3882548382933162,2.464262165678597,-0.514034988306584,-0.4036002226594654
226.0,56.07378834119898,-34.97251341730892,21.00717348994135,56.7287632164022,-34.082424850813005,21.512343934771614,56.13144682487296,-34.923234247215646,20.792817120950613,-0.10670666228033454,0.06528011190292915,-0.038238222049276516,-0.22963894154955966,0.2703995646180495,-0.4802517808177722,-0.1103841913352237,0.0766993356280013,-0.04983518697861013,-18.74390865585606,2.0985507838358326,-12.658773283955734,-17.75893849543657,3.9601277120510825,-13.220106403821953,-7.919520084341518,-10.253884021813274,-15.686553144012132,1.1350032897478772,-0.30917754625683985,0.8931927726104788,-0.45550986589516745,-1.5926193968006757,0.7156030299192069,2.421128502109648,-0.4171177105361754,-0.3575705829702957
227.0,55.96704168330497,-34.90721289853609,20.96892941915715,55.17670544345291,-35.27437708493193,21.31149161201669,55.88978645278823,-34.91305354509933,20.831370805564774,-0.10678663596427995,0.06532128203080134,-0.03825013575107228,-0.8620188066780727,-0.13017355065681713,-0.3749492475215508,-0.12146916072611445,0.07108249781179574,-0.042371624811374485,-17.5743766558874,2.083142024985475,-11.713094759181002,-18.14665733276391,2.6655825364398695,-12.046513794973782,-6.880923639704267,-9.370744124259392,-15.426327858320631,1.135013157548517,-0.3091140327663545,0.8934432678391887,1.7123540190862991,-0.5003040956650937,-0.4261736278625033,2.3634972784917223,-0.3327846423352683,-0.3133929096916822
228.0,55.86021506927042,-34.841870853247315,20.930673218439207,55.004725603046055,-34.34277195212664,20.762445439728513,55.64959810335476,-34.76435821776956,20.784870745835935,-0.10686655702572168,0.06536315182028929,-0.03826248042031821,0.15711428025795016,0.4977812338894303,-0.054051417829976245,-0.13149381687789213,0.07763613027303287,-0.04272023012904217,-16.405257877492538,2.0485842092399,-10.767721645333769,-16.444939190763876,2.061218867382546,-12.304883095080461,-5.8130380499312455,-8.548929669460264,-15.220566278057392,1.135029599073576,-0.3090482705246602,0.8936979044404644,1.2290219246788718,-1.1571830612711793,1.8435529585926544,2.3087634382732114,-0.2570669162048902,-0.27481908415355166
229.0,55.75330856925353,-34.77648659489551,20.892404458316513,55.49093400396881,-34.27881461715307,21.20338877635674,55.51387999495732,-34.623302795951794,20.81386139587074,-0.10694639040864473,0.06540569482555014,-0.03827525301115209,0.194460184666859,0.22162167544269806,-0.33253352831576954,-0.13185051633338377,0.0829912594484221,-0.036664958661883136,-15.236874949181152,1.9948954709060385,-9.8230493104618,-15.151741992422282,1.44960293983367,-10.214991969842739,-4.783897986554805,-7.8152853531055415,-14.816029568591366,1.1350526071112574,-0.3089802757576062,0.8939565215803708,2.3287688636982846,-0.8272219794785323,1.875631815640599,2.250457106323297,-0.19470275414572819,-0.2293925165796398
230.0,55.64632228845313,-34.711059463596214,20.854122712416903,55.39364597237977,-33.899528601241244,20.097378383096974,55.38383554950469,-34.440686001932846,20.67150192924902,-0.10702610109549227,0.0654488841755061,-0.03828845037213391,0.23973864397735767,0.024198335593219156,-0.3021218631521432,-0.1316980115886797,0.09140364618118887,-0.045589809909313224,-14.069548447175947,1.9221068056344899,-8.879471193870128,-12.777785113899876,1.099454968694961,-8.194808609863069,-3.672636575956588,-7.1372290534511915,-14.235200818716434,1.1350821715694759,-0.30891006524188375,0.8942189559107794,-0.33805059538970694,0.2693386888975409,0.9686765405133483,2.1963284894289106,-0.1448879721341887,-0.17684996704027117
231.0,55.53925636706254,-34.6455888265445,20.815827557572245,55.970411291923526,-34.23041794596663,20.599145050052453,55.36381093427714,-34.33080194730975,20.621750517274666,-0.10710565412251682,0.0654926925908299,-0.03830206924701329,0.13337906169890346,-0.7781624903215132,0.6634795521353674,-0.1222683026089366,0.09296413309313302,-0.04594121586311725,-12.903595888761735,1.8302619745367907,-7.937377896981863,-13.095183750824548,1.5788247113827802,-7.3107776735623204,-2.769622928028771,-6.439196740342212,-13.572605462729502,1.1351182794802828,-0.308837656300887,0.8944850416725421,1.5374697069101988,0.3775319623854269,1.2032092084092763,2.133252757358553,-0.09598652439478006,-0.12362435462525855
232.0,55.432110980208094,-34.580074078414555,20.777518573922876,55.66040409577758,-35.45585358188427,21.42433748736771,55.30666499210656,-34.42720845018648,20.707733966492498,-0.10718501459513519,0.06553709240119332,-0.038316106275530615,-0.38747822478067206,-0.3250014050694041,0.4371783765272763,-0.11676936618345339,0.07697366405850353,-0.03480148841236017,-11.73933074433827,1.719417368617667,-6.997156293472985,-11.521486956469246,2.204170387658247,-6.215145474876466,-1.8574104414128227,-5.69995448852078,-12.827711932572116,1.135160915005555,-0.3087630668004387,0.8947546108001887,0.7569052350870662,-0.971143873954515,-0.9219924748008628,2.0734759513099745,-0.0505027067263264,-0.06745156534215452
233.0,55.32488633787227,-34.51451464174211,20.739195345021184,55.19545484236218,-34.88042075610544,21.473501803107006,55.190759943430734,-34.43266529070936,20.79740075364984,-0.10726414770322279,0.06558205556272512,-0.038330557994258996,-0.4679309971779304,0.010510353570335695,-0.9065602254500416,-0.11669638315590519,0.07001322679605836,-0.024291378985427554,-10.577061473956906,1.5896418345793633,-6.059188664728448,-10.785051198738653,1.0730168373430804,-6.932148406099121,-0.9996983976250998,-5.09786517514982,-12.203587957991024,1.1352100594439423,-0.30868631514438194,0.8950274930280805,0.4016227989695372,2.11583351455949,3.204032574261731,2.012435772173855,-0.012358412550437153,-0.02389016881875219
234.0,55.21758268480165,-34.448909967289104,20.700857457934358,54.72454210142172,-35.4348328747436,19.611217036467625,55.01972181634579,-34.52934905373176,20.592464512049734,-0.1073430187363762,0.06562755367573558,-0.03834542083746051,0.16947621198964313,-0.19956966251629993,0.20867931381415694,-0.12128500360983532,0.0559373219430894,-0.03954504314043749,-9.41709059382169,1.4410164633390297,-5.123851866368513,-10.267113879008708,3.73908016984177,-4.166376996084198,-0.26204460057447154,-4.2678263268793755,-11.297536507742464,1.1352656912390695,-0.30860742027003946,0.8953035159979534,0.9908936860317765,-3.603264668367175,-0.2672280531167247,1.9489720517547822,0.0308914448517391,0.03700737695156443
235.0,55.11020030039952,-34.38325953439064,20.662504503346263,55.53440726634147,-35.27956008113804,21.89086043073532,54.99731412816508,-34.59874740449073,20.760935438453174,-0.10742159309916133,0.06567355800262575,-0.03836069113794771,-0.5895765941684985,1.1523947406313866,0.580315633116335,-0.11293579655088942,0.04535396944489239,-0.021980160904792153,-8.259713777871216,1.2736343428674997,-4.1915165312378795,-9.26410085375936,0.1427342943084295,-3.818416274508344,0.4785702659572346,-3.848847155503372,-10.439754959810292,1.1353277859889928,-0.30852640164354095,0.8955825053677837,2.5648334119771645,1.3451885138253827,0.5534607609088511,1.8839513534213752,0.05018228316185075,0.08390262242654226
236.0,55.002739498603326,-34.31756285128385,20.624136075658463,53.54538891308472,-33.130043393480825,20.771848302700295,54.67619935357897,-34.332098514459524,20.744069310763173,-0.10749983632626225,0.0657200394860844,-0.03837636512799847,-0.3534529084518745,0.32314863247665215,-0.5128566887993014,-0.13051444323433228,0.06404012718541706,-0.02154833160166733,-7.105218999135771,1.087600277202398,-3.2625463138349655,-6.693786130728838,1.5516126854850965,-3.4570377517796214,1.3523153026481092,-3.295852435389027,-9.590128132490673,1.1353963164569025,-0.3084432792550202,0.8958642849219057,0.6011530513791694,-0.5397657969231259,1.1332214402539955,1.8311388458395974,0.07357879841848804,0.1312866749138456
237.0,54.895200627746995,-34.25181945541847,20.585751773090266,54.82750144943772,-34.63326281618473,20.865147053136717,54.58950025219122,-34.32483843626662,20.744695725212853,-0.10757771409761219,0.0657669687674165,-0.038392438940292095,0.6079254328129942,-0.1418371014283153,-0.07226887542949534,-0.12681467286892603,0.05924561609055058,-0.019675894577474637,-5.953885715095462,0.8830304737095421,-2.337297180697317,-6.064729826086411,1.1410875019690994,-2.270540465787637,2.1566624472306177,-2.8277433866315818,-8.668490144537335,1.1354712525830704,-0.3083580736136827,0.8961486766823133,-0.5123845430906848,-0.7323512498454261,0.07637926556603045,1.7760674271072132,0.09020528533600725,0.1782748148771043
238.0,54.7875840704081,-34.18602891374902,20.54735119777788,54.76123977871071,-33.413717596337456,20.627310551841305,54.50910320388057,-34.13314777538474,20.70982850983596,-0.10765519225345344,0.06581431620506706,-0.03840890860885615,-0.021199986587159714,0.12927172231334794,-0.19803751693445548,-0.12289516557911428,0.0704292844384929,-0.020958650711202245,-4.805984100751172,0.6600522008618234,-1.4161167507574384,-6.574986648661119,0.4215965392338866,-2.1139960127212722,2.7801261345876593,-2.472906018464177,-7.788981397247504,1.135552561498035,-0.3082708057427457,0.8964355010210755,2.9841993623449774,2.2085172304415304,2.114657947461761,1.7131290170499431,0.10178605920143624,0.2178750405121207
239.0,54.67989024324009,-34.120190823008336,20.508933955872553,54.7851014762634,-34.37471937155804,20.469072019267806,54.44822587586665,-34.11122673423258,20.654696855931032,-0.10773223680929789,0.06586205189339367,-0.03842577007005055,0.01317052815161901,-0.9188525442422062,-0.5502703448387631,-0.11765837527051146,0.06633324516491826,-0.023844221362591428,-3.6617743325811563,0.4188034189702816,-0.49934368915184274,-3.5361792999892705,2.807821867644618,-0.20177887909314662,3.5917963847780427,-1.8931025391616991,-6.7574565292423685,1.1356402075370189,-0.3081814971742503,0.896724576773792,0.739250849713914,-1.9602654666376238,0.8915307860087651,1.6651322009065976,0.12043151225201203,0.2684967362332928
240.0,54.572119596789506,-34.05430480996223,20.470499657637777,54.78758083501395,-35.25142268482187,19.52676986216378,54.4016215116219,-34.23247825371622,20.459195696847512,-0.10780881397085906,0.0659101456815101,-0.03844301916355697,0.09972800242543656,0.2529773233011383,-0.0829062185846201,-0.11165856987684698,0.05049357522285527,-0.038338944544715245,-2.5215059259856396,0.15943238643934904,0.4126928425874657,-2.7645417897150844,0.8994791525805166,0.7966032488200129,4.372876587256249,-1.560985880038597,-5.699011280223695,1.1357341522555726,-0.30809016994374955,0.8970157213540216,1.7091452897248793,-0.61631484092356,2.1497768783061844,1.6161804804176474,0.12448938072993944,0.31344630884263114
241.0,54.46427261529837,-33.988370531645316,20.43204791754544,54.98455748111427,-33.86876472495576,20.303259582098566,54.39795481931608,-34.133286900209725,20.402573367554442,-0.10788489014886693,0.0659585671923395,-0.038460651633421605,-0.20916363268819893,0.7861711014987414,0.24448835799530144,-0.10253972858739918,0.054605618844147615,-0.039882794762936644,-1.3854171282461074,-0.117902755775456,1.3196736775938158,-1.031437859162671,0.3546584171789429,2.9656544480518976,5.216829019893618,-1.3231235571787565,-4.489867186478271,1.1358343544464378,-0.3079968465848709,0.8973087508686074,-0.109755999367216,-0.33149128859768123,-1.4887948782853495,1.5726806976363337,0.12055032183945971,0.3629635246219352
242.0,54.35634981649177,-33.92238767557755,20.393578354370934,54.36925356963755,-33.679080481824386,20.01574657815438,54.30689510607921,-34.01655346697112,20.30874955933799,-0.1079604319737939,0.06600728584182747,-0.03847866312909787,-0.6405095187725536,0.0747502217812368,-0.3165149675709227,-0.10157035533140478,0.05985169560349225,-0.0444375775089917,-0.253734368438524,-0.41303441875288466,2.2212900741823676,-1.145722410440414,-0.00507742147844137,1.4834217590873884,5.926714178497178,-1.149217863361734,-3.5200824172226475,1.1359407701576216,-0.307901550123757,0.8976034802338271,2.4417052430488804,-1.4760719973300174,1.2938443413807565,1.5245095299733211,0.11807515049543496,0.3955404620779018
243.0,54.24835175135078,-33.85635595996166,20.355090591287244,53.703538443569165,-33.719264281393286,19.67022964695672,54.12730967521775,-33.91978624886529,20.171947209089932,-0.10803540631049557,0.06605627085822974,-0.038497049206515754,0.028401181616679594,-0.651501587501599,0.5106233119657357,-0.10815795347252385,0.06296884476681147,-0.05223686503216247,0.873328234836434,-0.7257860164342154,3.1172440845868796,1.2794453535083892,-1.4826090733129385,2.77551802091102,6.785646089569325,-1.15033451433867,-2.4971068027770946,1.136053352711676,-0.30780430407338333,0.8978997232922966,0.5701455788815598,1.2756867241085397,1.9345535472888526,1.4869917436378897,0.10521815615628094,0.42703472496433964
244.0,54.14027900387078,-33.790275133861094,20.316584255957903,54.42605593287091,-34.982083656827584,21.036993202085853,54.082415031864144,-34.031767837066006,20.262324621146853,-0.10810978027275198,0.06610549130155619,-0.03851580532918497,0.3297059924626211,0.08717005902722619,0.6478565112170074,-0.1028159953790545,0.048196018628087756,-0.040194506035955466,1.9955693076142298,-1.055972429877307,4.007248861227862,1.8197366150745575,-0.25958811908534474,4.744043463959971,7.570428355316913,-1.050189052533255,-1.3403336474185836,1.1361720527261725,-0.30770513242775793,0.8981972929305508,0.29765057755668445,-1.0328216878197833,-0.3621729424571611,1.4476728380313408,0.09696598358099386,0.46602791389287596
245.0,54.03213219080528,-33.72414497735855,20.278058980628874,54.36295042849441,-33.544924163338834,20.965942669390735,54.039200479119735,-33.91537320589297,20.33777414878056,-0.10818352123768804,0.0661549160831214,-0.03853492686931581,0.33184406982415027,1.017088700322713,-1.0430453808993665,-0.09778324561831436,0.05395471398505017,-0.030429516179087044,3.112800596872421,-1.403400482131237,4.891028900350447,2.122734835688648,-1.2793436092073818,4.3465279342591,8.274529873973187,-1.0786644333348698,-0.31891198382138713,1.136296818135361,-0.30760405965600035,0.8984960011972283,1.1154087858778503,-0.5052763929537492,1.2314982950828703,1.406416538636906,0.08463286896672938,0.4936468673507547
246.0,53.923911961395405,-33.65796530169485,20.23951440221927,55.08974407251921,-32.94790625618216,18.95090244028712,54.119953004202046,-33.71939045118978,20.09645218979936,-0.10825659686007327,0.06620451398517702,-0.038554409108954246,-0.7215176540621329,-0.24209239521816883,-0.37336438591609244,-0.08270767332411538,0.0659475711432949,-0.048237288007034355,4.22484728975774,-1.7678694209637658,5.768320223365186,3.205323158597325,-1.8413250566042274,5.553634096235828,8.984312187167351,-1.1818840999914073,0.742553083248625,1.1364275942130095,-0.30750111069630465,0.8987956594217853,4.091588235211301,-0.17549892977625037,-0.07259695126995139,1.3681379444023996,0.0686354317871058,0.52129458972138
247.0,53.81561899708513,-33.591735949388195,20.200950162410965,52.91991512037014,-34.02910895377517,20.21921389755855,53.86352875169327,-33.711849450127694,20.074800919344845,-0.10832897508652906,0.0662542536806221,-0.03857424724114722,-0.5100643734842372,-0.5427856036794374,0.6711001012919056,-0.09737631276775183,0.06101571650004818,-0.0459923629253267,5.3315482770010085,-2.1491714067365058,6.638870496688502,7.299884823943049,-2.009405315098064,5.465244521707187,10.019789312245376,-1.2971556880934823,1.7079021545911859,1.1365643235964087,-0.30739631094978614,0.8990960783336647,-1.07584839997093,0.7678331048099001,3.6535826094466106,1.3504079651106613,0.05592787240051748,0.5433554457699282
248.0,53.707254011222346,-33.52545679433361,20.162365907736977,54.069615325550735,-34.03347746354103,20.29310264287093,53.81333324015892,-33.71032515271028,20.06989960019986,-0.10840062416957608,0.06630410375279894,-0.0385944363711328,0.07506728786425754,0.07095937489910398,-0.5400576878418022,-0.09339236278898291,0.055992257135321195,-0.042522632468938934,6.432756362238527,-2.547092002807294,7.502439091301707,6.104085336159539,-1.6730977362000834,9.18533226324281,10.799844283305118,-1.4079734188207982,2.9809572565775198,1.1367069463115318,-0.30728968627421416,0.8993970681818426,-0.031052034200828773,-2.4761251611953305,1.0309346176294223,1.319579057463566,0.03944986095456485,0.581006188564392
249.0,53.59881774874598,-33.4591277418826,20.1237612896687,53.07004969609866,-33.887190203976964,19.139098521874946,53.61889924098438,-33.69053631572177,19.889272142920507,-0.10847151268155031,0.06635403271533136,-0.03861497151754811,-0.612783805984563,-0.15272524464667114,-0.4455389776265921,-0.10192432525273384,0.05293523794203157,-0.054184213016280854,7.52833841937286,-2.9614106659434927,8.358797083627968,6.033564962134231,-4.244377427816151,9.949660490438399,11.472873963004362,-1.8068003436835076,4.216941976736544,1.136855399799342,-0.30718126297763193,0.8996984388546798,2.7550090859295118,0.07311541699187862,-0.33840539373199247,1.2865808685446396,0.008871887953455915,0.6108595062686673
250.0,53.490310985859246,-33.392748728902944,20.08513596470188,52.84404771358161,-34.338927952834375,19.402024687617747,53.412351760912735,-33.74663966322118,19.767757552265522,-0.10854160952840886,0.06640400903202348,-0.038635847613651464,0.5246170456079966,-0.051854371011973655,1.375029258976312,-0.11075871137003754,0.04372801257073031,-0.0598695945602969,8.61817550047525,-3.391901234351414,9.20772719965897,8.812450638853495,-4.128165764590161,9.622696337127485,12.330690594297254,-2.173554475376338,5.315440626914359,1.1370096189432333,-0.30707106781186555,0.8999999999999999,-1.1346275761161817,0.7778446308298819,0.7153213278531753,1.2658908332469387,-0.014335541927853863,0.6335310647690042
251.0,53.38173452968916,-33.32631972381855,20.046489594441397,54.11928378731465,-33.99089894600091,21.88915703982757,53.42872327162106,-33.747686388974394,20.047020113682052,-0.10861088396336527,0.06645400113675848,-0.03865705950857645,0.387182017483763,0.60423625639568,0.002473355970066038,-0.10002382700373473,0.0399472307032785,-0.031233252864440217,9.702162897057415,-3.83833241106351,10.049023704549008,7.623462648149014,-3.4605553125520343,10.443638333296427,12.943179157169919,-2.471105743478159,6.399535290989027,1.1371695360975924,-0.3069591279659232,0.90030156114532,3.766078114632636,-1.676582623870919,0.7449970138688421,1.2326494619054904,-0.033625985955788536,0.6547393439724667
252.0,53.273089217932515,-33.25984072662943,20.007821845684727,53.618411748549136,-33.130455440043015,19.40697139955788,53.37374237813281,-33.61798614541379,19.921131459674648,-0.10867930560035788,0.0665039774534435,-0.03867860196860562,-0.23234547661995464,0.19732034936140153,-0.9173088895358159,-0.0962203987165594,0.04752598104917799,-0.03922596120163953,10.780210157821115,-4.30046824057234,10.882492240129809,11.35500741396383,-5.2367082304503745,10.90325830604174,13.859335637831789,-2.9378246093095766,7.4312000198320645,1.1373350811174696,-0.30684547105928694,0.9006029318181571,-0.17836196363735393,0.8174294149283999,-0.01682686974156174,1.21975363321417,-0.05675881513929857,0.6720097531014431
253.0,53.164375918488446,-33.19331176891166,19.969132390504186,53.65459283407474,-33.59625824727811,20.054539260755938,53.336146957390966,-33.574471113563966,19.90874568085914,-0.10874684442739735,0.06655390641597947,-0.038700469678463634,0.6146214786583712,-0.03175970178085308,0.663970417584947,-0.09127010169632976,0.047187296233322934,-0.03695957442455962,11.85224106622913,-4.778068576757565,11.707949612986743,11.164539176918407,-4.43172703398148,11.046874289795914,14.635525952883288,-3.3041998512213135,8.37820854312526,1.1375061813893483,-0.3067301251350978,0.9009039216663352,1.4418161607200324,-1.0940486065053883,2.3120702213814073,1.1991367846093703,-0.07280623210487548,0.6849933194837755
254.0,53.05559552907772,-33.12673291379747,19.9304209063278,54.84765470586588,-33.19397484360472,20.734912234727773,53.494068260980406,-33.47546270466163,20.005980382219754,-0.10881347081971882,0.06660375648815631,-0.03872265724261936,-0.6000336774069268,0.25583102399744106,0.538354130103933,-0.07022836294147772,0.051563074416830605,-0.025628200895725387,12.918193581432739,-5.270889540315919,12.525223535873721,12.420816870012247,-5.9753284259654,13.094878661384133,15.446343076952756,-3.8209030314048094,9.443810466646122,1.1376827618629943,-0.30661311865323654,0.9012043405782145,2.2072128654747867,-0.09263391221942016,0.23166180792854923,1.1835473159070184,-0.09640742080545306,0.702965371682528
255.0,52.94674897684901,-33.06010425593535,19.891687076018947,52.45452547926089,-33.084596199283226,21.131247520963804,53.273136029656136,-33.37114653113592,20.159287288888088,-0.10887915555278482,0.06665349618360139,-0.03874515918661636,-1.2243472141725817,0.7346314563861522,-0.19327764597718655,-0.08295380756192816,0.05601754959700331,-0.010518908570348238,13.97801974623866,-5.778683964070759,13.334152325336664,14.606464717820067,-6.119522945436857,13.299607016704792,16.380796676863707,-4.325071300786366,10.429327831207761,1.1378647450843757,-0.30649448048330186,0.9015039988027715,-0.664548045984349,0.09968705765451179,0.9232653016360387,1.1755205237745758,-0.11463420118789458,0.7175303021339329
256.0,52.83783721797215,-32.993425921430266,19.852930587954567,52.398960277520715,-31.724711930832417,20.3483569427734,53.067167227695485,-33.06785936784063,20.179799352172,-0.10894386981510706,0.06670309408565345,-0.038767969958444226,-0.05969549258404072,0.30029177442902366,-0.31815413506151735,-0.09334120183059909,0.07689701214301556,-0.007898651253216139,15.031685565910449,-6.301201824708141,14.134584558457867,13.842265206135824,-6.249758711097058,14.224438336836641,17.12063662322478,-4.82281953079914,11.410250543262377,1.138052051229637,-0.30637423989748697,0.901802707069449,4.243638856342099,-1.4828689970756173,2.1099054045469736,1.1576203332212989,-0.13328112467052403,0.7305256558614406
257.0,52.728861237218794,-32.92669806776404,19.81415113610206,52.335134494092806,-32.48401265042518,20.49493925084077,52.874525651624374,-32.91214450239839,20.22212502252888,-0.10900758522086562,0.06675251886721867,-0.03879108392988506,0.3280643717808722,-1.117183128393366,-0.5410022728780053,-0.10172613200357881,0.08355239689209494,-0.003657706212405635,16.079170861668285,-6.8381906596536055,14.926378691637433,17.87996342972046,-8.252500613288225,15.86137406467362,18.196036209858228,-5.498054984895401,12.468108357675803,1.1382445981401124,-0.3062524265633571,0.9021002767077032,0.23209713804532112,1.1621955243190518,0.8189344234689061,1.16138321236217,-0.15543955799269413,0.7488797015224197
258.0,52.61982204753042,-32.85992088369583,19.775348420094797,53.05508902108246,-33.95907818761915,19.26635239701739,52.816688395149704,-33.00435408988087,20.07043753495386,-0.10907027382237189,0.06680173931055222,-0.03881449539790793,0.0011615752975941973,-0.18059266954389486,-0.16197331862452558,-0.09802015244917014,0.06871104329884845,-0.016157350747890015,17.120469102792473,-7.389395967971295,15.709402644287676,17.95583017478237,-7.398593587369172,17.00881767047005,19.156188179999365,-6.0501647197662844,13.538571973773426,1.138442301358363,-0.3061290705365298,0.9023965197661727,0.4953164656220797,-0.5166064699077347,-0.47607958191531513,1.1569074685440452,-0.17076522464900826,0.7683987305172731
259.0,52.51072068957405,-32.79309458914294,19.736522145306242,52.337457644687994,-32.84519798951297,20.170992613591718,52.659399639370115,-32.92158112847542,20.07242601414107,-0.10913190812233609,0.06685072432694739,-0.038838198586084616,-0.26457004457171607,0.1490588507400723,0.3487290608047058,-0.10302479723703248,0.06989843259444634,-0.014625115667203939,18.155587221243984,-7.954561594327413,16.483533350240332,18.532729020668206,-7.740186988427135,16.389543407654415,20.061810922480504,-6.607240513271259,14.436814763499902,1.1386450741652236,-0.30600420225325886,0.9026912491313925,1.8813613290426567,-0.1638407851420891,0.2529228705993876,1.1500287236694386,-0.1834301112773142,0.7777805158038029
260.0,52.40155823128575,-32.72621943504193,19.697672022922628,52.52594893193903,-33.660960486139004,19.9638105186268,52.55164438287602,-32.977504917469204,20.043187772372246,-0.10919246108592873,0.06689944297643535,-0.03886218764601246,0.1911440722064377,0.288877799937314,0.1221758321553672,-0.10342423752978015,0.05927399587609875,-0.01585904900238194,19.184545412697844,-8.533430095217339,17.248656279555973,20.388711477547737,-7.9789209743704115,16.575166848051225,21.055137443404636,-7.151437728360949,15.259857204795368,1.138852827617839,-0.30587785252292476,0.9029842786459782,-1.108169896279488,-0.6014961934545685,1.2222627640831172,1.1478496087752112,-0.19158682579760183,0.7844922834922864
261.0,52.29233576740219,-32.65929570319007,19.658797770014218,52.71974578910087,-32.26744238963834,20.415344277902452,52.490435513328215,-32.81704976987932,20.087655325273168,-0.10925190615261116,0.06694786448727541,-0.03888645665874968,0.12042549761286381,0.6950314177657617,-0.19651370352136155,-0.09985956906339381,0.06781773902339944,-0.010765066745002043,20.207376927847665,-9.125743086803078,18.004664933281223,19.139504873993072,-8.95829873136228,17.532445960320906,21.803832612238562,-7.763518513750779,16.090173272536603,1.1390654705886787,-0.30575005252043286,0.9032754232262078,2.479613943960278,0.44826383737668457,0.6872043222004742,1.1346167820367385,-0.20660016441506862,0.7885670587208478
262.0,52.183054418980525,-32.59232370606738,19.61989910960513,52.766799927164755,-32.27089765060748,19.570783111584078,52.44906925510701,-32.67486313662777,19.9982034017322,-0.10931021724780976,0.06699595827538829,-0.03891099963627731,-0.9043515548277448,0.021435678195928176,-0.34449356307330525,-0.09492039002454919,0.07409745337406656,-0.017409390140676148,21.224127857781614,-9.73124157384934,18.751460313531243,21.4943435115776,-8.776540167982658,18.342155008876116,22.70454079224106,-8.311205618437445,16.915277428977024,1.139282909805508,-0.30562083377852134,0.9035644989789243,1.0265807225337766,-0.7372862438264901,2.2387470486591177,1.1284624078397942,-0.21399768016972393,0.7955129698225141
263.0,52.07371533290657,-32.52530378663929,19.580975770741663,50.91104267944538,-32.224571033246484,19.726357151755842,52.12978236392507,-32.54227693293421,19.941235517161257,-0.10936736879435571,0.0670436939637078,-0.038935810522980674,-0.3061875298680903,-0.5405313353033527,-0.39274760065534764,-0.11386591223178599,0.07903624732207327,-0.020749712028513143,22.234856917161395,-10.349666259376532,19.488950371076896,22.218104923443953,-10.294379293324463,20.170696763119157,23.57909284590346,-8.980593681763542,17.84198514474831,1.1395050498922994,-0.30549022817998134,0.9038513233176865,-0.7614252994579046,-0.2667936833004381,0.7124067183564239,1.12384812981128,-0.22801023239669718,0.8070218353353592
264.0,51.964319681391814,-32.45823631813997,19.542027488559167,52.154424867428574,-33.351960321214186,18.785287910273382,52.037451006065425,-32.60141410426593,19.74399125308535,-0.10942333572368668,0.0670910414013619,-0.03896088319714863,0.8405164896734263,-0.09711963914487143,0.12687367037618102,-0.11204753303535579,0.06736887470605683,-0.035652923684536826,23.239635228856113,-10.980757834770959,20.2170494324001,21.351899301231704,-10.80651171913033,20.742879123754864,24.25730643625913,-9.660023121254728,18.727331920202825,1.1397317934110696,-0.30535826794979,0.9041357150780941,3.374643498049247,-1.9623626444124573,-0.7275086210012622,1.109925044909466,-0.24456724818194248,0.8138380316453625
265.0,51.8548686614592,-32.39112170383657,19.503054004347366,52.59207565879223,-32.41881031153623,19.980104492508204,52.029054131053115,-32.51612911526042,19.750591092056986,-0.10947809348686022,0.067137970682694,-0.03898621147247461,-0.1946192548595782,0.5244146210433129,0.6677829097620176,-0.10329526461185909,0.06888171258326563,-0.03208509760938658,24.238546113597476,-11.624257250202689,20.93567760794247,25.021869488448935,-12.323788095826856,19.271874284860683,25.23106638791078,-10.444940657243283,19.362801603775356,1.139963040904617,-0.30522498564715955,0.9044174946322161,0.7928472978567739,0.015301425850015418,1.458941699677803,1.1139832295964933,-0.2560849966737512,0.8109142358197612
266.0,51.74536349441809,-32.32396037677458,19.464055065614218,51.76518635770942,-32.30313107912756,20.120853729797417,51.90079390383158,-32.42484096052043,19.78106088786259,-0.10953161806531497,0.06718445216615265,-0.03901178909958247,-0.6587507716079131,0.11467102794532735,-0.43933338422676727,-0.10540330770690534,0.07077371404193088,-0.026802958269282355,25.231684888140176,-12.279905965300998,21.64476018301799,25.5176926729114,-12.932769711555059,20.630591999246196,26.154108910164688,-11.229449966573618,20.059406274488907,1.1401986909401483,-0.30509041415750376,0.9046964840020464,0.4711666172115914,0.6014710270647913,1.1695495330168886,1.1152353097169712,-0.2683716040196788,0.8116680596079295
267.0,51.63580542532857,-32.25675279950426,19.4250304261482,51.27457411557641,-32.18946825564557,19.10143772405467,51.714416810100644,-32.32847626777244,19.652760904038743,-0.10958388598139379,0.06723045649304282,-0.03903760976757731,-0.2715689972283677,-0.0513944355444913,-0.28969012178737685,-0.11224073955795516,0.0729346179775877,-0.035373373824604155,26.219158675323946,-12.947446180126565,22.34422699259046,25.687433251202837,-12.895746419361705,21.979331869506332,26.993228587358114,-11.947180546672799,20.81291709984737,1.1404386401537696,-0.3049545866843241,0.9049725069719193,0.6700461702274554,1.5817439455915825,1.815611242225141,1.110551099392586,-0.27872352947382856,0.8156770458316499
268.0,51.526195722455306,-32.18949946378849,19.385979846079064,51.22204836325268,-32.40591995021654,19.541473486222664,51.543075829322405,-32.27892167092664,19.60558481700523,-0.10963487430866792,0.06727595460604618,-0.03906366710559617,-0.09658123701480292,0.4731483266274328,-0.1903798718356562,-0.11723116783809556,0.07096040744583257,-0.0363699957091169,27.201086229361206,-13.626621046556123,23.03401178083269,25.83926498827087,-12.260307355391102,24.359074742753574,27.748088173546254,-12.543238244591906,21.73254112892014,1.1406827832958253,-0.3048175367410172,0.9052453891998111,2.254883430039947,-3.129784111762016,0.6873047842243263,1.0986197575649856,-0.28558541357732325,0.8291153367667986
269.0,51.416535676711234,-32.12220089029217,19.34690309193701,51.0814116415468,-31.243171602390706,18.720677980383357,51.37229404106871,-32.05796088044174,19.437288810588385,-0.10968456068197341,0.06732091776757798,-0.03908995468438192,-0.023015956537136617,0.021625290585642887,0.3896054847676247,-0.1217529857701911,0.08362644971729974,-0.047509836784688335,28.177597779605215,-14.317174860261682,23.714051546088786,28.29440214942874,-15.359906548262346,23.522939432206115,28.669899420342748,-13.417430225571804,22.467117899750576,1.1409310132770643,-0.3046792981426058,0.9055149583274578,1.403251139516462,1.3084256428105152,0.7626295362506923,1.1026594006584032,-0.2989348924355278,0.8333380205169615
270.0,51.30682660109136,-32.05485762825334,19.3077999367103,51.17601645017841,-32.36266936904526,20.320684455757913,51.238954364681184,-32.03471068872638,19.534511224259752,-0.10973292330721662,0.06736531757794317,-0.03911646601786778,0.12662326605405028,-0.011003737558766602,-0.24595004080398297,-0.12273136669277394,0.07852827449566488,-0.0352886359771981,29.14883489600173,-15.018853233521414,24.38428587155303,29.350388054141654,-14.581214188768758,24.867474938454762,29.60206265271206,-14.137757237704463,23.2567257717215,1.1411832212156128,-0.3045399049973955,0.9057810440892204,0.4192428879727973,-0.4065216731426478,0.987766439819792,1.1025259930146902,-0.3040163111397231,0.842867106452512
271.0,51.1970698300968,-31.987470255136284,19.268670159901273,51.3346581736549,-31.26517907750824,18.22877789877539,51.15018414137604,-31.848748877813527,19.30170058142283,-0.10977994097095589,0.06740912599327054,-0.03914319456477422,0.04909272753975813,0.5326857748574341,-0.5167860578421823,-0.11986368549743331,0.08759996942112938,-0.051967407309259306,30.114950379390294,-15.731403249143154,25.044656241660615,29.592792502792147,-15.421113395989941,25.550695417371763,30.45527296011335,-14.887972593426136,24.03138454511815,1.1414392964847335,-0.3043993916985592,0.9060434784196291,2.94040024009745,-0.6908212754440656,0.8567822120620561,1.099452066841021,-0.31126746375925696,0.8502265579649674
272.0,51.08726671914945,-31.920039376266796,19.22951354758075,51.274201905257925,-31.29729781933039,19.28711234007355,51.06823785103569,-31.689031799515238,19.25554468872427,-0.10982559304969541,0.06745231534322471,-0.03917013373023437,0.19429836644412646,-0.47474423100592666,0.9740476008976593,-0.11666193814083857,0.09368954286772622,-0.05147668263090159,31.076108179805846,-16.454573595814374,25.695105343854358,32.42521907165868,-16.454488564629134,25.944219747523483,31.509934152660637,-15.682831202006978,24.762399409629396,1.1416991267613497,-0.30425779291565075,0.9063020955595354,0.3488504445188891,0.4924172197112756,0.3126568753247656,1.1068320258444848,-0.3141854137622443,0.8595825287997414
273.0,50.97741864399741,-31.852565624449834,19.190329892440804,51.723254906543154,-32.21466753952009,20.17687310057071,51.071552472863026,-31.691631669151896,19.35531458623301,-0.10986985951892336,0.06749485834848556,-0.03919727686741581,0.6012768906935761,-0.3708694162735995,-0.22392255560408536,-0.10653110947657929,0.08555885850302318,-0.038705411393783876,32.03248334593836,-17.18811468521581,26.3355763550511,32.619257318744296,-16.207381970465725,26.494796111204597,32.47259575631404,-16.38397023121033,25.46923912854638,1.141962598075315,-0.30411514358605113,0.9065567321608111,0.5617716672846053,0.2045669852511506,1.077506471989747,1.1068008430249798,-0.3139276830787304,0.866798657375829
274.0,50.8675270001116,-31.785049659569825,19.15111899384592,52.47675568664508,-32.03903665187759,18.839267228865378,51.20005780364628,-31.67338773393795,19.2423945790321,-0.1099127209618942,0.06753672813797706,-0.0392246172791495,0.025853714756429724,0.8014379366788553,-0.7154972308477454,-0.08668461690535205,0.07987478192531247,-0.04497209677556731,32.98426200894259,-17.93177875124751,26.966012211775386,32.881504291430446,-16.61825395072825,27.554876213342204,33.35533325380878,-17.066703519268767,26.20987686978455,1.142229594859403,-0.30397147890634785,0.906807227389521,0.6628867702800726,-1.6493540056017442,1.5732396031606226,1.102452217807445,-0.3144611875458355,0.8746936203391731
275.0,50.75759320207362,-31.71749216817388,19.111880657882505,51.774962336056014,-30.611791666162382,18.74587863887522,51.21623356119771,-31.440880129694907,19.127218838708362,-0.10995415857816582,0.0675778982658457,-0.039252148219601324,-1.061633887828453,0.09594678131854906,-0.35388394459132755,-0.07799908007849518,0.09276310754369525,-0.050900097083143525,33.931641403855565,-18.685319931719356,27.586354862558746,33.41158141731862,-18.859434901935536,27.99097829116422,34.194048304798955,-17.92620855542087,26.914160943918827,1.1424999999999998,-0.30382683432365093,0.9070534230275096,1.9914003341250606,-0.34957470499201837,0.5969060549665842,1.101714063444689,-0.3231406294217488,0.8787635865808541
276.0,50.64761868295527,-31.649893863038134,19.072614697406717,50.35348791098817,-31.84714308924049,18.131499339682723,51.01622624361877,-31.425702950181677,18.929423228634345,-0.10999415419183478,0.06761834272816003,-0.039279862895927664,-0.9402069024524984,-0.8366811766408127,-0.12500800117872934,-0.0883014637280442,0.08621174664584406,-0.06330396392224757,34.874829931975704,-19.448494332849805,28.1965445008165,35.30026752959686,-19.484848960515663,28.30381119257671,35.137847493568515,-18.77585257998645,27.56907204635555,1.1427736948884741,-0.30368124552684683,0.9072951635723352,2.241841543016945,-0.4790250294449601,0.418628986383842,1.105064096730821,-0.327267104879551,0.8834611972548897
277.0,50.53760489368995,-31.58225548271756,19.03332093209065,49.89454853115102,-32.28515401944401,18.49586263651776,50.76726091771864,-31.486517846059925,18.808553726552045,-0.11003269025950146,0.06765803597932596,-0.03930775446994339,0.024892985138674106,0.24825780546828646,0.9739250968769806,-0.10186793088325649,0.07379680722027639,-0.06816480177440859,35.81404726769493,-20.221060076900528,28.79651877600818,37.52320864115348,-20.118805974177796,28.359669995030306,36.21471492387348,-19.61610809756852,28.153616686728654,1.1430505594732019,-0.3035347484377926,0.9075322963354883,-0.05725697713981464,-0.8662491552042478,2.1207521606621653,1.1134808869000812,-0.3261016773710068,0.8883049170668316
278.0,50.427553302436266,-31.514577791079482,18.99399918846683,50.40327388126552,-31.350627478303917,20.079349533436684,50.62464009755492,-31.403067061148704,18.9485634236069,-0.11006974987797236,0.06769695294823741,-0.03933581605981473,-0.13796548286708088,0.7636590607782647,0.1544972362477015,-0.10530910755129391,0.07461198973544021,-0.05058653331541335,36.749524513452165,-21.002777333247483,29.38621198045764,37.016949725862894,-22.09251113411387,29.606340583471606,37.128923949957205,-20.58680937083359,28.799539805688084,1.143330472312226,-0.30338737920245296,0.9077646715388332,1.6301956616436992,-0.8988000016108488,-0.23597706087652146,1.1186416545916595,-0.335307251848904,0.8920614160438908
279.0,50.31746539393401,-31.446861576821085,18.95464929997102,49.618617565416855,-30.757835897887478,18.804857109013163,50.37929284060659,-31.2397382266436,18.883499120241087,-0.11010531679167457,0.0677350690541001,-0.03936404074176991,-0.11527790458465148,0.22194673492462869,-0.9749919207735012,-0.1171339381546854,0.08210324597943955,-0.05180903717666777,37.68150440669915,-21.793408333153405,29.965554208753794,38.95144422665516,-22.65568790463986,28.807041241136698,38.14908435236491,-21.530462073988446,29.283182966899258,1.1436133106265238,-0.30323917418198154,0.9079921424092109,-0.7348971980188097,0.5088504658358949,1.329765979406403,1.1270192994621016,-0.33823757841109797,0.8906809162038565
280.0,50.20734266885292,-31.379107652971282,18.91527110698329,50.17271807209622,-30.90673400845466,18.12936569188968,50.2482531161922,-31.118626227301508,18.722496409103545,-0.11013937539978613,0.06777236022196576,-0.03939242155179379,0.373127950023207,-0.21848220637026827,0.20786161632998734,-0.11830814366679693,0.08539714769514309,-0.06102935823281441,38.610241583043916,-22.59271736846156,30.5344704861632,37.64332466428771,-23.080475433697583,30.28192011652029,38.92961060996373,-22.427955254194636,29.8549091880981,1.1438989503538628,-0.30309016994374954,0.9082145652711442,1.455947242086273,-0.21180055324843736,1.555438163879107,1.123406681467943,-0.3461949367508146,0.8887356698366262
281.0,50.097186643134435,-31.311316856377154,18.875864456867433,50.36487346546327,-31.194800310628015,19.220580341673138,50.166470409466406,-31.05834931826435,18.74839502197672,-0.11017191076307142,0.06780880289793423,-0.03942095148734204,0.008349412983015725,0.6909770296084368,0.13032276157150235,-0.11522393335409424,0.08327599308030101,-0.053689154599370806,39.53600290006858,-23.400470774375037,31.09287986196053,38.620952283087625,-24.20753661156152,31.474713565007484,39.727488893470394,-23.360763357205883,30.477850806868744,1.1441872662032184,-0.3029404032523231,0.9084317996375861,2.618876125774914,-0.034704800014506466,1.5375038206975622,1.1214875763248868,-0.35520649694115475,0.8908394167128462
282.0,49.986998847326774,-31.243490047175413,18.836429204008606,50.18941689806225,-29.524779949237786,18.390011215032686,50.07272848100211,-30.7495893977701,18.647333557738357,-0.11020290861044302,0.06784437406402688,-0.03944962350907666,-0.4298952540254959,-0.208513083059211,-0.40622455761801746,-0.11340999143943176,0.10231587083459698,-0.05768927556058314,40.45906782670965,-24.216436896421957,31.64069446301173,40.705514762196145,-25.215559066488826,32.7531053286249,40.65852939498171,-24.314275037638808,31.15900452277767,1.1444781317097297,-0.3027899110603923,0.9086437082986548,0.9192485815588827,-0.3830588817356465,-1.4321069771649206,1.125101566586141,-0.3613947149433229,0.9007558534662538
283.0,49.87678082591355,-31.1756281082491,18.79696520984928,49.50508295741228,-31.611826476746437,18.408131226437103,49.88869635651086,-30.797237107359482,18.56142359430584,-0.11023235534522513,0.0678790512527403,-0.03947843054260858,-0.4345268752702438,-0.37532021182843067,0.6809070507418014,-0.11937332902839252,0.08965293617838424,-0.060072232312251506,41.37972890355301,-25.040386041630846,32.177818502321955,42.24026156284379,-24.554106131605717,31.29061603799878,41.6503314233982,-25.11308585605413,31.606670806996778,1.1447714192901728,-0.3026387304996538,0.908850157408298,1.069342469959146,-0.531351995374801,3.0147440062899262,1.1255633555702453,-0.3562995211943191,0.9011755986864769
284.0,49.766534136636324,-31.107731944669933,18.75747234292339,49.32036314752176,-30.275420372894647,19.75182531651629,49.69952112487171,-30.640393634328387,18.69576842482452,-0.11026023805110796,0.06791281256121451,-0.03950736548023848,-0.124172506612787,-0.005312453776596726,0.31990507096109155,-0.12526740630462496,0.09532650955717563,-0.04365564265947949,42.298292279936476,-25.872090413855126,32.70414723657702,42.406457526220855,-26.97708955779268,33.368229583234985,42.55521002246728,-26.087585575515263,32.21817083606268,1.1450670002989212,-0.3024868988716486,0.9090510165688331,0.6360725057525983,-0.359218878810883,-1.2121861709738184,1.1284216615218696,-0.36250855970343987,0.907505863175729
285.0,49.65626034981133,-31.03980248312667,18.717950478888802,49.2567379441867,-31.62245138429963,19.047941368359286,49.524888048827016,-30.712573119214532,18.713654112821366,-0.11028654449781072,0.06794563666508147,-0.03953642118269762,-0.08047911543886954,-0.12668401300813237,-0.4656898506811924,-0.1294358467247011,0.08118229230013992,-0.03845908862579862,43.21507833438051,-26.71132403308731,33.21956586595205,43.61150703973578,-26.412896860851234,32.10181377895912,43.490163846080925,-26.912491332483707,32.62164408948027,1.1453647450843758,-0.3023344536385591,0.9092461589133094,0.6063578024887282,0.3848816664320118,0.9122562499682195,1.1269745342778446,-0.3590292422118366,0.9049156060670696
286.0,49.5459610476407,-30.97184067133977,18.678399500557994,49.15940491664402,-30.528788398910912,18.820445615153904,49.358752821229935,-30.61543874521,18.69777781623729,-0.1103112631464569,0.06797750283193515,-0.039565590480926005,-0.44106050058317336,0.9009287738839369,0.42399615036726424,-0.1325347448744819,0.08252928713503363,-0.03655219617117263,44.130422385594514,-27.55786263849341,33.723948368622345,43.754618686036856,-26.7646371565731,33.136813287658185,44.33905804867677,-27.689294893906293,33.08145871056008,1.1456645230458329,-0.30218143241396545,0.9094354611856393,1.840085687193738,-0.7863340437826761,3.1453664109017185,1.1204530277334175,-0.35636997578438395,0.9036891789418059
287.0,49.43563782351842,-30.9038474774628,18.63881929792695,48.37461694302036,-29.820593836531756,19.895933669093814,49.09381564570291,-30.422162400570773,18.853191483471328,-0.11033438315463329,0.06800839093442157,-0.03959486617783803,-0.13153235932582774,-0.2892132912576013,-0.01056503672207576,-0.14371481488172494,0.09188077600038753,-0.020342585960139305,45.04467550214336,-28.411483574772706,34.21715626147868,44.68248609158835,-29.52193310243935,35.07113610248981,45.19319987018962,-28.67965587363931,33.686279907992876,1.1459662026907709,-0.30202787295356515,0.9096188038184504,0.8541807029982964,1.1007994211246408,-0.5658257138696098,1.1216887318214428,-0.3636614764076212,0.9101311727820672
288.0,49.325292281331436,-30.835823889470927,18.599209768202318,48.896340197992366,-31.107214981426115,18.799315541709753,48.941742412564885,-30.45107510508148,18.827635309080815,-0.11035589438114002,0.06803828146295565,-0.039624241050093545,0.5372144223633519,-0.2430980435670751,0.03539016193469635,-0.1444206002724818,0.08168096651141697,-0.020782821712256733,45.95820541982303,-29.27196566130848,34.69903727750061,45.32753115314031,-28.343488908445785,35.503473367910765,46.02091841216264,-29.454264534414587,34.264664444479415,1.146269651692527,-0.3018738131458573,0.9097960710086062,1.3206270836964018,-0.7719242559074719,0.7745886418531983,1.1135619418930167,-0.36192245695862774,0.9161648464781507
289.0,49.21492603475614,-30.76777091453689,18.559570815826763,49.44904578774706,-30.306789923665907,19.966713992963207,48.89864840180362,-30.359660767044424,18.98718160689384,-0.11037578739044207,0.068067155538035,-0.039653707849881314,0.04216872465617527,-0.07564133407282903,-0.6224683244086826,-0.1358645763479402,0.08250285304723672,-0.0055558189246124965,46.87139757689953,-30.139089043416472,35.169423949065646,46.6576119940532,-29.43688302099547,35.483989602794786,46.89356904179577,-30.26957361934859,34.774077739959395,1.1465747369483401,-0.30171929100279415,0.9099671507903496,-0.29939206633022575,-1.9470931222432943,0.8977358698717269,1.108694191394153,-0.35945645517524993,0.9203598787880258
290.0,49.10454070655055,-30.699689578394857,18.519902352502555,48.98067764730472,-31.258497649571773,17.554378892892387,48.79666080202099,-30.429731414900306,18.759725005252548,-0.1103940534568082,0.06809499492217874,-0.03968325930670602,-0.48327944393194144,-0.17398994101914234,-0.1151595956437017,-0.13300400220464648,0.06961953653302992,-0.024293135703523552,47.784656278634365,-31.01263502482043,35.628132085142624,46.82986828719266,-31.42501769265356,34.55288405067007,47.6870406033246,-31.213735306237115,35.124245989067774,1.1468813246377336,-0.3015643446504023,0.9101319351060241,2.2854855852469647,0.09030384203154916,2.311467246088154,1.1063261517288858,-0.36255090700100123,0.9129218291679846
291.0,48.99413792784252,-30.631580924692532,18.48020429721335,48.48248689988318,-30.65476980570419,19.736394801675804,48.6354894639906,-30.405923731197557,18.89105628104747,-0.11041068456813363,0.06812178203143127,-0.03971288812919305,-0.2296431096078777,0.4258516006935036,0.4373008280504269,-0.13538245390600304,0.06575118064802248,-0.011152200096725587,48.69840600397669,-31.892385880282504,36.07495912881408,48.08768278566658,-33.06709763707255,36.47921632483351,48.53331086795097,-32.23462746545841,35.623034849875495,1.147189280281214,-0.3014090123193759,0.9102903198743237,1.5396248840823803,0.3636785801732497,-0.8125075811991328,1.1081701797827606,-0.36885181313887505,0.9160681856841034
292.0,48.883719337414284,-30.563446014331994,18.44047657624417,48.52139142808896,-30.406794448184765,18.42898054899324,48.50341619858669,-30.35053057009214,18.809796880135043,-0.11042567342946441,0.06814749994648217,-0.039742587006875496,0.5613374862570382,0.9641682895080788,-0.8536419097602135,-0.1351030258098704,0.06487654879230821,-0.017072056773588966,49.61309286897021,-32.77812464708937,36.50968237986416,49.793535129923335,-32.21558752981212,36.17109946656211,49.471977788363915,-33.06727566674364,36.02372425916291,1.1474984687992584,-0.3012533323356431,0.9104422050560342,1.4101434143839757,0.07628403054183337,1.1403018244763041,1.1054917769606654,-0.36395695964353003,0.91893159647893
293.0,48.773286580983594,-30.495285924799568,18.4007191231996,49.605161872397254,-28.726433226688034,18.029110982155377,48.56061185319056,-30.043234636156342,18.674002190549004,-0.11043901346619478,0.06817213242334574,-0.039772348611993635,-0.10057886368491253,0.35530265632390723,0.20463768638267865,-0.11886531250860974,0.08534645771814527,-0.027097003745828845,50.52918626333751,-33.6696348938365,36.93205706522357,50.69929267110401,-33.043471148919174,37.10657226248559,50.404181004252564,-33.90325388274135,36.47404005912887,1.1478087545715636,-0.3010973431109105,0.9105874947172193,0.5512826817579523,-1.692897346436006,0.4030695643613299,1.1024690169117772,-0.35968665054242993,0.9248565288064116
294.0,48.662841310481895,-30.427101749485303,18.360931879020182,48.320233700719136,-29.69618913553695,18.8382559217586,48.42285436835291,-29.917200598275084,18.676655384898883,-0.11045069882694492,0.06819566390361942,-0.03980216560131922,0.11995921947383792,-0.61185582028806,0.020249673145322333,-0.12046056879043597,0.08878211967999138,-0.024584895049635673,51.44718067890314,-34.56670046466015,37.341814237843955,51.96503992442402,-34.415971328576695,35.82009437316242,51.368733673303545,-34.80224932006943,36.73497094755341,1.1481200014965354,-0.3009410831331852,0.9107260970898151,1.6735477832526704,-0.2641095070973337,1.0903491753583254,1.1031814115420093,-0.3550300826469337,0.9218011214105671
295.0,48.552385183329704,-30.35889459699233,18.321114791996962,49.84508031134493,-29.950144867264154,18.06961032844602,48.54224252204476,-29.84734385234515,18.561512671042642,-0.11046072438612597,0.06821807952431946,-0.039832030617956704,0.26757227123756167,0.09080802575416058,0.008674711431911675,-0.10020772678984788,0.0871840598679767,-0.032231603263157715,52.367597751039376,-35.469105196731434,37.738658482034594,53.323222552787435,-35.44289526850338,36.370954379415224,52.3781606591953,-35.7148976122806,37.01478682710147,1.1484320730509852,-0.3007845909572785,0.9108579246295921,0.7905139983147974,0.647344683656383,1.5306144843013356,1.1055739205511401,-0.35017522419540503,0.922081847864843
296.0,48.44191986170964,-30.290665590436664,18.28126781778427,48.85537824319426,-29.51457308402863,18.855605344622422,48.50629924378511,-29.721977272678025,18.58001623679662,-0.11046908574619252,0.06823936512725481,-0.03986193629316048,-0.5792707388662492,0.2372006416193706,0.4951437521382953,-0.09478123250266998,0.09040819436689444,-0.02794752223348698,53.29098853722127,-36.37663260844394,38.12226540038448,53.07623781236487,-36.280796312095156,38.14188998841419,53.25850799818876,-36.62127030610925,37.44210334824774,1.1487448323500151,-0.3006279051952932,0.9109828940714509,2.6061594930443186,0.1775232976275266,0.47258969291946623,1.1031362984631665,-0.3499314277829785,0.9259881014773642
297.0,48.33144701183732,-30.22241586673782,18.24139091941064,48.68653883361243,-29.475743584025413,19.059897832722612,48.45427679110457,-29.607342156347954,18.631023294317075,-0.11047577923957874,0.06825950726798702,-0.0398918752481503,0.16655067688124703,-0.09273828527965478,-0.38555196677812553,-0.09117067830453579,0.0924539172609034,-0.02128059229352246,54.21793606011652,-37.28906555528662,38.49227885405007,55.37232647952862,-36.56040942261393,38.66417573475615,54.288490085166416,-37.4676174988791,37.86878355074354,1.1490581422070603,-0.3004710645070965,0.9111009264820135,0.13107862240155735,0.7252481572558125,1.2336106818884238,1.1024117432224227,-0.34334434167669603,0.93676618917467
298.0,48.220968303230485,-30.15414657590069,18.201484067287968,49.18847959695675,-29.70004965458794,18.08450141106617,48.49143080756709,-29.543676154597886,18.52808096992899,-0.11048080193030074,0.06827849322430701,-0.03992184009594091,-0.23667692256619333,0.11722049014602831,-0.7351027815974582,-0.08033493258534445,0.09002306376986467,-0.028176114356299693,55.14905814648416,-38.20618584988679,38.8483079243427,54.5271684061826,-37.153843952110805,40.291640111118056,55.11481448237461,-38.29700753393389,38.42224535273644,1.1493718651940619,-0.3003141075907813,0.9112119473094793,2.497570480765825,-0.929772048835829,1.1815715248003615,1.094395645945869,-0.3420863997165114,0.9467687163328508
299.0,48.11048540797672,-30.085858880289205,18.16154723921876,48.213184988480045,-29.241302603733356,17.589692269527696,48.380325739292985,-29.420637962570176,18.358389826898495,-0.11048415161524261,0.06829631100427491,-0.03995182344315573,-0.46520414037286173,-0.2964207339666771,0.028600192694929305,-0.08293316487939885,0.09281086338503536,-0.04012565274360072,56.085010597594,-39.1277738421226,39.18992355911849,57.106865273963926,-38.65355906690686,40.158201730097126,56.121982140194646,-39.20601428376588,38.89612950248984,1.1496858637017495,-0.30015707317311824,0.9113158864307143,0.6280681205875311,-1.2395412800429022,1.3077756108009657,1.0946470881900983,-0.3380228587144244,0.9600678024647128
300.0,48.0,-30.01755395389214,18.121580420401656,48.25807131621103,-30.292891122521294,18.14170179645603,48.291279113594264,-29.477870138612086,18.290813191465887,-0.11048582682511565,0.0683129493538015,-0.03998181789184585,0.28562253483577393,-0.2870805151171574,0.2621984588083386,-0.08344938591559663,0.08014121920535305,-0.04244361553868058,57.02649073200612,-40.05360795452606,39.51665486235564,58.01954088475344,-40.42215363911966,39.71125486013081,57.118556269556585,-40.218042643972254,39.269570902159835,1.15,-0.30000000000000004,0.9114126781955417,-0.07569727350776582,-0.49070780441124456,0.4253464479828363,1.0984431708205316,-0.336770114461811,0.9673025335753
301.0,47.88951375432649,-29.949232981581602,18.081583603435067,48.78443005815159,-29.81546363396767,18.114089187144373,48.297476491029826,-29.46267609879717,18.227492372776727,-0.11048582682511565,0.06832839776374655,-0.04001181604133208,-0.7154711342736029,0.46718573018785037,0.17584695933085825,-0.07587960728502943,0.07465707507915068,-0.044206487954447045,57.97424134747866,-40.98346416740843,39.82798497938847,58.1086967777026,-41.042690729545306,39.458619599722844,58.02499645706623,-41.196819887544294,39.566249092065874,1.1503141362982503,-0.29984292682688185,0.9115022614682085,2.478625643787789,-0.2355692841941363,2.409670210055341,1.0979891679283271,-0.3357277777233463,0.9671042236406117
302.0,47.77902834634977,-29.880897158364647,18.041556788318992,46.827129047663824,-29.358519662145593,18.493395715117746,48.00479241538899,-29.383432619329863,18.23150011762816,-0.11048415161524616,0.06834264647656774,-0.0400418104900222,0.19919684962911077,-0.10626440956394845,0.02040801233770395,-0.09418659094201264,0.07504435136923392,-0.04013527494530074,58.9290551556364,-41.91711544722012,40.123346523420395,59.643237293274424,-43.22721795165907,40.86611046522545,59.004573770874075,-42.306159181863116,39.96671088712973,1.150628134805938,-0.2996858924092188,0.9115845796659992,-0.17840263399328793,-0.22744151545055968,0.7205436198051784,1.1042461887411692,-0.33891846914697193,0.9757684299675271
303.0,47.668545451095994,-29.812547688628467,18.001499982455023,49.182823757409814,-30.027992453095568,18.15490521181978,48.108403525800846,-29.42026851270206,18.18569629251541,-0.11048080193030785,0.06835568649246859,-0.04007179383723347,0.45275313671142925,0.3592755863001571,-0.29934469357204385,-0.077484539948619,0.06559717609856883,-0.040613927696608265,59.89177975098929,-42.85433111058076,40.402116480996455,59.30289181991894,-43.963415743534426,41.100951103697945,59.85615728815086,-43.387395487341685,40.334140628165066,1.1509418577929396,-0.2995289354929036,0.911659580794976,1.0685724983848228,1.55674404640701,-1.0038093990848844,1.1052612576158132,-0.34377859696091057,0.9775844019598346
304.0,47.55806674248915,-29.74418578537971,17.961413200644525,47.73263532108668,-28.63996848954528,17.89470632797366,47.98454342258326,-29.243553125928724,18.1061552256244,-0.1104757792395823,0.0683675095750953,-0.04010175868502408,-0.7699573983768744,0.38885367020943384,-0.05149118026267807,-0.08140049558037783,0.07498000516221053,-0.04390093790654337,60.86332318512662,-43.79487611515392,40.66361052490476,59.5934850844265,-42.307602261602035,42.238800607140035,60.65102187184651,-44.18600002175924,40.77036156167167,1.1512551676499847,-0.2993720948047069,0.9117272174828183,2.200926095391062,-0.6789749271279524,1.961125292851869,1.092333895105063,-0.3403726891180779,0.9826129309134967
305.0,47.44759389261683,-29.675812669478276,17.921296465084975,47.642908960656065,-29.2502851126767,18.051922851294425,47.86268312917742,-29.181277268188207,18.06064801074023,-0.11046908574619252,0.06837810825673785,-0.0401316976400139,-0.35400514013764095,-0.41579904214606955,0.3689928511463396,-0.08481692358655701,0.0739072661131096,-0.044036572040844005,61.84466022763395,-44.738510267056256,40.907076652270334,61.44172658687066,-44.348828548668095,42.753053007585315,61.553557458438114,-45.12032382540781,41.20320589871365,1.1515679269490147,-0.2992154090427216,0.9117874470087441,0.47360949783943523,-0.5227107559862689,1.6418239088920754,1.0877146893118752,-0.3391002981014727,0.992501351949706
306.0,47.33712857099677,-29.607429568866234,17.881149805364497,47.0246250408114,-29.471566573837418,18.632692030266337,47.66075626153315,-29.16399335477991,18.11239638379671,-0.11046072438612953,0.06838747584303917,-0.040161603315217675,-0.567398613199618,-0.09783691660634197,-0.35051708164865225,-0.09470569501361191,0.06912598646314644,-0.0359484849373808,62.83683940775149,-45.68498733274036,41.13168805316126,61.589555944798356,-46.04120242932996,43.21221453856669,62.378219219638105,-46.14495543157028,41.6281349510283,1.1518799985034645,-0.2990589168668149,0.9118402313304943,2.2831438399596378,-2.157617251997938,0.740171860407302,1.0846307061128257,-0.34249848793370025,0.9986275422162895
307.0,47.22667244384457,-29.539037717792198,17.84097325845454,46.50811173425683,-29.445958945889384,17.35088868799712,47.401567844045076,-29.14945322598255,17.963641798279966,-0.11045069882695202,0.06839560641723885,-0.040191468331858715,0.46406738638942713,-0.5326513077714896,-0.6115852273278346,-0.10859462698550489,0.064516753029129,-0.04547383953627799,63.84099094529133,-46.634054041221795,41.336535100548566,65.58346797454469,-47.66409227305092,40.868204398577774,63.542362016916115,-47.24197005900998,41.74706177994659,1.152191245428436,-0.29890265688908957,0.9118855371083597,-0.2493739627690642,-0.5682221633152874,0.9218516352196704,1.0925107880301517,-0.3381735383436655,1.003847079423064
308.0,47.116227173342864,-29.470638356031756,17.80076686870078,47.952759813590255,-30.536869189380397,17.40952157561067,47.39555334016311,-29.31067527633667,17.839086314963232,-0.11043901346619833,0.06840249484388394,-0.0402212853211843,0.38086549760025434,0.5697965191244965,0.18180840853198,-0.09993275460146339,0.04545535353111689,-0.05215149877105084,64.85833569620397,-47.58544896006659,41.520616335613305,65.48555888276468,-48.73849866126966,40.665028837519486,64.58967859357944,-48.340341518506186,41.81496598725985,1.1525015312007414,-0.298746667664357,0.91192333572624,2.5827317037129536,0.0030469813803249736,-0.6196919418871857,1.0971762369126483,-0.3364384421614467,1.0011113616101701
309.0,47.005794416912174,-29.40223272810443,17.76053068781217,47.26984272945734,-28.30636590764039,17.71450550506108,47.29161278111938,-29.11614238253546,17.775673890779025,-0.11042567342946441,0.06840813677209567,-0.04025104692630066,-0.7230118278957782,1.2599285277506223,-0.3514332655269303,-0.1002711738738218,0.05804347089809364,-0.05310237205823267,65.89019525781536,-48.53890122564038,41.682828302789865,68.3393445680678,-48.1672909628232,40.30289472874104,65.85266460075871,-49.26381336501675,41.80833005039694,1.1528107197187858,-0.2985909876806242,0.911953603309718,-0.23967840213909686,0.4357355641095516,-0.1820776268275118,1.0986605214458451,-0.3240715258830155,1.0056431298239095
310.0,46.895375826483935,-29.333822082487565,17.72026477484818,46.5067361577987,-28.017012133879152,16.706655044556808,47.08490278043264,-28.896236257279938,17.564622209761446,-0.11041068456813008,0.06841252863831393,-0.04028074580398133,-1.0120169256577398,-0.32551582407503865,-0.1929871329518491,-0.10925887545446811,0.07171116414477692,-0.06643962216050045,66.93800340158022,-49.49412910464705,41.8219540661313,67.72648953980573,-47.83543261820291,40.8050372941565,66.92488909864379,-50.05303344791517,41.84451692102728,1.1531186753622662,-0.29843565534959776,0.9119763207411392,2.0599504710860175,0.6122514442786852,2.6589773146136126,1.0898718168325527,-0.31156748911624965,1.0044386077655403
311.0,46.784973047775914,-29.265407670827802,17.67996919620421,45.24580887814186,-28.957397555790468,17.328531239157382,46.70669832327835,-28.845183399393463,17.471806095111507,-0.11039405345680464,0.06841566766854079,-0.04031037462647191,-0.27350570510993677,-0.34206455008089165,0.5518247403391339,-0.13196865817313583,0.06996677539707362,-0.06866685493201424,68.00331902771852,-50.45083835983851,41.93665021208938,67.98422310737402,-50.06778064518223,43.1946669928912,67.90330673021866,-50.99133355237549,42.12626166629557,1.1534252630516597,-0.29828070899720593,0.911991473671687,0.9456076626195995,-1.5651274832836433,1.0599762011388354,1.0850679774244627,-0.30870084116718943,1.0123035991028981
312.0,46.674587719570326,-29.196990747150483,17.639644025595235,45.959724747578825,-28.701141234040936,17.810304525235075,46.47911196010656,-28.76369977497198,17.46644314068931,-0.11037578739044207,0.0684175518801009,-0.04033992608329662,0.46177877666873,-0.5336940451733785,0.4407391173381665,-0.14004262351159932,0.07093925889092768,-0.0633214693832502,69.08784086685192,-51.40872038781548,42.02543211307517,70.26193932279003,-51.616052034690895,41.47703739309974,69.02730262299768,-52.00155500726869,42.180057510124016,1.1537303483074728,-0.2981261868541428,0.9119990525304457,-0.9834823338440879,-1.2086162295576386,0.03480086959273626,1.0862755542086668,-0.3035640518595869,1.0149858395226377
313.0,46.56422147299503,-29.1285725670676,17.599289344037615,46.16936643147932,-30.024785646137225,18.210009473833715,46.3126848283474,-28.899856723455766,17.528572310269116,-0.11035589438114002,0.06841818008288136,-0.04036939288308261,0.47464600390014056,-0.21421812879467694,0.5206233059136807,-0.1422705331342593,0.05345204143372033,-0.05272840912636584,70.19342418932149,-52.36745009089205,42.08665719062511,70.71315996106452,-52.05258914357449,39.6522686917416,70.09746578390785,-52.952231661791004,42.01347785519796,1.154033797309229,-0.29797212704643494,0.9119990525304457,1.8059523075060913,0.6092857319783646,1.2382896863927983,1.0838469311153724,-0.2958635338189219,1.0036025068868837
314.0,46.453875930808046,-29.06015438698472,17.55890523982907,46.909016755379106,-29.12957749163029,18.851551137062437,46.28524829106392,-28.890430889619974,17.68973157081825,-0.11033438315463329,0.0684175518801009,-0.040398767755339904,-0.28743653061093255,-0.017409718408744723,-0.5879266571118258,-0.13257394292442906,0.04973446555031423,-0.03466772014299306,71.3220998238386,-53.32668343785309,42.11850587605327,71.24070081455234,-53.02470058945237,41.262850699895075,71.12262880997355,-53.8939526681035,42.01465982648175,1.154335476954167,-0.29781856758603464,0.911991473671687,3.128372803012742,0.6850397245300148,1.896616196122726,1.0799020529735681,-0.29114748833627185,0.9998231532878262
315.0,46.34355270668576,-28.9917374633074,17.518491808526935,45.59449337025745,-30.059605082954715,17.034156159610063,46.065891328105025,-29.030205882033602,17.55852841373198,-0.1103112631464569,0.06841566766854079,-0.04042804345225015,-0.35383678115641004,0.18829602725426753,-0.7711836123186497,-0.13990190687979995,0.03373227437731659,-0.04281917882759883,72.47609583404558,-54.286054659843266,42.11895991956622,72.67555789317011,-54.615934128865256,43.36105807999178,72.20436479906753,-54.90137798961686,42.2163672578462,1.154635254915624,-0.297665546361441,0.9119763207411392,0.22560705445920495,-1.802607627925061,1.29002205047832,1.0792002515518748,-0.29022770383675095,1.010199536798726
316.0,46.23325340451513,-28.92332305164764,17.47804915292457,46.201343193066286,-28.752985437121755,17.309183912425137,45.96879996627268,-28.958617357409576,17.483599772367075,-0.11028654449780717,0.06841252863831038,-0.040457212750476756,0.3874625124963522,0.16430753999531333,0.7070282231335998,-0.13628698162261368,0.03692885865363226,-0.04553050396938659,73.65786225489092,-55.24517301727976,42.085777645513495,74.89493339128396,-56.35834431453359,40.94186251762343,73.42264305287961,-55.996410815904795,42.11972680894626,1.1549329997010787,-0.2975131011283515,0.911953603309718,0.8412978242584427,0.8672357358571122,0.31384300116354324,1.0845003633805599,-0.2877327217519796,1.0111028211093196
317.0,46.12297961769015,-28.854912406030778,17.43757738302598,46.36941839525016,-29.730990002964088,18.448212605877263,45.915988192245855,-29.04751440726346,17.595121000663454,-0.11026023805110441,0.06840813677209212,-0.0404862684529359,-0.123058044764079,0.37429287056499483,0.16390022302897655,-0.12923832956848985,0.026304110611576944,-0.03226904530252976,74.87009935064026,-56.203619061215434,42.01646569155261,74.35265272923203,-56.43100716497243,42.60306654153229,74.48640178576126,-56.982558249310166,42.175688136746544,1.155228580709827,-0.2973612695003463,0.91192333572624,1.019581325705725,0.49857994566900654,1.156731734888198,1.081298521100827,-0.2861513561479266,1.013361059122468
318.0,46.01273292841292,-28.786506778103455,17.397076616018698,45.95522710353813,-28.004399695991765,17.63698435848309,45.8129438111427,-28.863121973643867,17.57437766849032,-0.11023235534522513,0.06840249484387861,-0.0405152033905658,-0.07358811742140503,0.7058598413918045,-0.38913481881014533,-0.12702651082645294,0.03965309906931516,-0.03129581332306401,76.11578992257944,-57.160940297550816,41.90824670329194,74.15361439635335,-57.40907637468438,44.05739612205945,75.43635842115052,-57.970480817111365,42.35220520909768,1.1555218682902701,-0.29721008893960776,0.9118855371083597,1.868420661802878,-1.1357617578686225,1.281979931947898,1.0754437680666682,-0.28801716457027554,1.0170127169133536
319.0,45.9025149069997,-28.71810741634302,17.35654697624485,46.22224216040735,-28.31927032018048,17.669942968256972,45.76930224699586,-28.74507875563256,17.562805548655763,-0.11020290861044302,0.06839560641723885,-0.04054401042410127,0.14350296978059518,0.14254545090774506,-0.09171547226078225,-0.11998548041006445,0.04627236590096038,-0.029630343339498735,77.39823626596421,-58.11664614439263,41.75802238449956,77.28596471460656,-58.93164517352547,42.57007324622122,76.64282225157808,-59.01727632430738,42.317836909517325,1.1558127337967814,-0.297059596747677,0.9118402313304943,1.0105764106947865,0.09648133850798965,-0.33763980318798775,1.0762067520619136,-0.286843175614836,1.0226140163953985
320.0,45.79232711119204,-28.649715565268977,17.315988595170495,46.24223304309932,-27.719308794176275,17.453553413961526,45.74150024675146,-28.546519294995175,17.520796031198692,-0.11017191076306787,0.06838747584304272,-0.040572682445835895,-0.021884222310912804,-0.162438565238757,0.30677034695541927,-0.11220150124379125,0.05913149825949578,-0.030675641621291664,78.72110245014001,-59.070202051080216,41.562331228616706,78.25899088847395,-58.581235298838145,42.61399667771612,77.85727215979152,-59.91996206448935,42.25410093726674,1.1561010496461368,-0.29690983005625055,0.9117874470087441,0.4731012371369133,-1.262169519490636,0.9306564718491696,1.0700417686707215,-0.2810182446279575,1.02807292723467
321.0,45.68217108547356,-28.581332464656935,17.27540161135318,46.17847371578552,-28.644147450657993,18.28348366216781,45.714681559212444,-28.511759956888028,17.61346830630697,-0.11013937539978258,0.06837810825673785,-0.04060121238138237,-0.5718296470741677,0.23350387422917152,-0.12343890450241801,-0.1049917708035711,0.057073511443180625,-0.02026013536896959,80.08846266850173,-60.021022621279094,41.31730018458556,80.52278278025209,-59.72852841302759,40.52849666545245,79.21069736401081,-60.851721132127686,41.94008673488046,1.156386689373476,-0.29676082581801855,0.9117272174828183,0.77679906390206,-0.05499566172392542,1.2689996204032514,1.0672110534790975,-0.2727487208737495,1.0274952215966155
322.0,45.57204836039247,-28.5129593487555,17.23478617040773,45.09857374895098,-27.25230104571793,17.20667560495669,45.53022417555242,-28.267745936240132,17.533112136234685,-0.11010531679167457,0.0683675095750953,-0.040629593191406244,-0.8590279176889695,0.14461154779440122,-0.7830386987149307,-0.11170185241253425,0.07285878041292522,-0.025334648516722666,81.50485646824379,-60.968463551342296,41.018589446742375,81.03768780941991,-60.989939738801986,40.829839197191674,80.50221599809461,-61.813883236605236,41.65851658199419,1.1566695276877739,-0.29661262079754713,0.911659580794976,1.0066483096764982,0.28503697069424894,1.8255257217535823,1.0642233408152317,-0.2676108118376971,1.025824252593141
323.0,45.461960451890214,-28.444597445506744,17.194142424970366,44.46041788040758,-28.35492435506919,16.71740626473795,45.26956132241885,-28.21976889135459,17.384894759003696,-0.11006974987797236,0.06835568649246682,-0.0406578178733632,0.4208927979888273,-0.7903918577821543,-0.18276673677301503,-0.12428012917227498,0.07075776501821644,-0.035710874262244105,82.97535171061917,-61.91181215813233,40.66132951777176,80.98424035114415,-62.748576064241384,42.03188110253611,81.6861063563708,-62.85601556763769,41.49323641070356,1.156949440526798,-0.2964652515622075,0.9115845796659992,1.6157394488555832,-0.6430923207996803,0.025105228779257215,1.062342686451724,-0.2686750141642649,1.0250169072630448
324.0,45.35190886063653,-28.376247975770568,17.153470534661004,45.94035934492864,-28.83308476128224,16.84114213141066,45.268895730288314,-28.25536726944934,17.27019624559806,-0.11003269025950146,0.06834264647656596,-0.04068587946323632,-0.2706006603491211,-0.13480111047938692,-0.6506755636671624,-0.11384210948314766,0.06177704525466649,-0.04238059573924193,84.50561610968695,-62.85027622704192,40.24004969647968,83.8340816075948,-62.85841628656194,40.64441737245964,83.09671111599195,-63.79703281137306,41.14214129201327,1.1572263051115257,-0.29631875447315326,0.9115022614682085,2.186779310275741,-0.3271218613322205,0.5732457021449211,1.0590170713864693,-0.2632100048692625,1.0268695568079014
325.0,45.24189507137121,-28.307912152553612,17.112770666043893,43.91921655970934,-28.624526576027964,15.416055137403625,44.96291222458747,-28.26058992417842,16.94613272786701,-0.10999415419183478,0.06832839776374477,-0.04071377103724849,-0.9585853845578924,0.5628919201700846,0.39048048611571495,-0.1300665416964854,0.05611958615372105,-0.0661659203151749,86.10199811817583,-63.78297086069638,39.74859722150398,86.57025618135157,-63.4569855842901,40.0287145521557,84.69753860760859,-64.70073343087901,40.706678461679836,1.1575,-0.29617316567634916,0.9114126781955417,-0.755125182146053,0.09462685223549104,1.668688793426532,1.0561659391404858,-0.2548981543966337,1.0348570052432622
326.0,45.13192055225286,-28.239591180243078,17.072042992586507,44.02318857581285,-27.70730092094207,17.62210310364209,44.706964487133966,-28.127173072096863,16.995350225482493,-0.10995415857816582,0.06831294935379972,-0.040741485713573056,0.7002952438775054,-0.11182148900424949,0.7909173039568689,-0.14069595819754765,0.06264657240452119,-0.05642293686855674,87.77161772194773,-64.70890295201546,39.180046509246786,85.3756929276276,-65.11491115559778,40.51634202301041,86.04392210445444,-65.68497749854731,40.32234933003742,1.1577704051405968,-0.29602852109365224,0.9113158864307143,1.578049198477367,-0.6704496221925977,0.45167233370279,1.0522003253822128,-0.25338053192948523,1.032205668417547
327.0,45.02198675421488,-28.171286253846013,17.031287694616747,45.31980704746435,-28.848169554036463,16.997889745317362,44.683424703978936,-28.186363168406963,16.948094458876152,-0.10991272096189064,0.06829631100427314,-0.04076901665402666,0.4431923785764127,-0.6032764598636202,0.21039033343668478,-0.13080328302307545,0.052358676034602175,-0.05564886040489385,89.52246729161914,-65.62695284337207,38.52659833724724,88.35939957247133,-65.60257137336588,38.969914618394085,87.62846915012088,-66.61081411471332,39.74337466377528,1.1580374019246849,-0.29588485641394896,0.9112119473094793,1.6270320700975247,0.5246981331942312,0.5768630436415002,1.0485809228303553,-0.24741776964113438,1.0323439904686746
328.0,44.912095110329076,-28.102998558234532,16.990504959278454,44.90957333296568,-28.91385384066931,18.04288377051546,44.608118412359666,-28.255251335777736,17.071309628040584,-0.10986985951891981,0.06827849322430524,-0.04079635706576212,0.048296795557828176,0.3293826824791477,-0.01468733876798467,-0.12611711339591652,0.0421205845528333,-0.04054556991009617,91.36352190426597,-66.53585266998508,37.77946955986467,88.78256411625674,-66.16618614987323,40.288901264083634,89.14680172984875,-67.49315694598143,39.302152892306864,1.1583008732386502,-0.29574220708434934,0.9111009264820135,1.166322947326533,-1.5047457487530058,1.940643365265629,1.0412683430696568,-0.24302097704875406,1.0371907644083012
329.0,44.80224703517704,-28.034729267397402,16.949694980485223,45.41640063858001,-28.189404189078168,16.968515067781393,44.62727675589136,-28.209441871095123,17.02108591503595,-0.10982559304969897,0.06825950726798702,-0.04082350020294356,-0.03563072158635805,-0.24092005546312478,-0.653524989703655,-0.11385004419801684,0.042432073835137155,-0.04136279295353852,93.30485731733579,-67.43416082743266,36.92877517395243,93.61137292740919,-68.07603042940548,36.31466586706407,91.09148065694477,-68.48486539306198,38.40286459905389,1.1585607035152663,-0.2956006083014409,0.9109828940714509,0.5622013397675245,0.17304597313619405,-0.18681259163532088,1.043554636834311,-0.2370620361718257,1.039899675092877
330.0,44.69244392422968,-27.966479543698558,16.908857958872566,44.83831188979296,-29.39569395159556,16.73583379110815,44.56393813726521,-28.35803909744562,16.94180450153672,-0.109779940970963,0.06823936512725481,-0.04085043936840549,-0.6555512294716763,-0.20499017749558313,-0.14864558552657492,-0.10958485607967254,0.02630154708435055,-0.044564643782028436,95.35777180175421,-68.32023196310443,35.96340652735432,93.71686497765171,-67.9006577834239,36.807283197792174,92.94233661644381,-69.34552390106816,37.54831053089237,1.158816778784387,-0.29546009500260456,0.9108579246295921,1.5772644621290781,-0.11249035030912301,2.7422410312240095,1.038007690613366,-0.22913036838827042,1.0408651623227638
331.0,44.58268715323511,-27.898250537142893,16.867994101748412,44.105298179636655,-28.599384544069334,16.671223896728243,44.40008404401843,-28.37334988639118,16.862100094038105,-0.10973292330721662,0.06821807952431946,-0.04087716791531015,0.44652337830847344,1.0071202849162741,-0.15427773045708015,-0.1141673540578267,0.0227877986759077,-0.04753184775595235,97.53490497117616,-69.19218189168072,34.870912533101716,96.2176746173062,-70.62287046513705,35.820358102152944,94.94462925335002,-70.39611624233314,36.59085233589612,1.1590689867229356,-0.29532070185739434,0.9107260970898151,3.7005743600362906,-0.3503529840290962,-0.514845214958889,1.0409750383587133,-0.22867637814299094,1.0438977172146187
332.0,44.472978077615245,-27.83004338464992,16.827103623041946,45.73135864640991,-27.381453381763013,16.42727833019399,44.5106463443841,-28.199890202472336,16.754354462798243,-0.1096845606819663,0.06819566390361942,-0.04090367924879246,0.3294138995919198,0.9085370701719402,0.3811032122807614,-0.09519116716476536,0.03551054263791184,-0.05261630361853184,99.85034210450019,-70.04784691197644,33.63739539203365,100.67659983985779,-70.06222877273711,35.01512570823585,97.36423329139063,-71.27027972867963,35.490974504683166,1.1593172167041745,-0.2951824632589829,0.9105874947172193,-1.108385629009372,-0.4076495270975627,1.7627097116597301,1.0401832756295304,-0.22075594426930747,1.0628683517438107
333.0,44.36331803187118,-27.761859209335654,16.786186743250827,44.764125978820495,-26.782310403725454,17.433430321289766,44.4696646654674,-27.94950285697914,16.815497778513926,-0.10963487430866792,0.06817213242334397,-0.04092996682757821,-0.7179545292339391,-0.38255074121705945,0.40336083936115763,-0.09061371438929022,0.05365475409245034,-0.04301043383286711,102.3196856419539,-70.88473721499244,32.24743914338163,101.70983611671332,-71.71256178701273,32.74873310639561,99.7771007506254,-72.22949147921834,34.124224671793286,1.1595613598462302,-0.29504541331567596,0.9104422050560342,0.2671314300631888,0.15148029613674452,-0.7601803177469918,1.0407394041158067,-0.21611057944230122,1.066710519589267
334.0,44.25370832899791,-27.69369911980323,16.74524368938679,44.29544958794203,-28.14655486419713,17.234000008916304,44.36605305423204,-27.934826661368092,16.844240887660003,-0.10958388598139379,0.0681474999464804,-0.04095602416559885,-0.17226797455843723,-0.1083092758489137,-0.14226768259637979,-0.09171125765922677,0.050363402034518105,-0.03695155991477783,104.96006583824365,-71.69998450987612,30.68409905968423,101.09152075490844,-70.99730133897373,33.68320858389403,102.0264765297925,-72.99928226893284,32.840579972542265,1.1598013090598516,-0.2949095858424963,0.9102903198743237,2.217746054579429,-1.2751837289576586,2.6497406235084604,1.030473539645054,-0.20758256119952148,1.0674679457687521
335.0,44.14415025990839,-27.625564209442693,16.70427469491963,44.41959002970362,-26.99892895542328,17.148894956097006,44.29692422203201,-27.74678507916869,16.86040036030249,-0.10953161806531142,0.06812178203142949,-0.040981844833593684,0.23694120282439357,0.1072173301821806,0.17572791837366353,-0.08980439615885367,0.06198895667975442,-0.03246686081053371,107.79004931896071,-72.49028478549397,28.928993139708773,109.27602529288471,-73.2236369249259,27.415585846943898,105.08391623711996,-73.91434751245012,30.839861693032802,1.1600369590953827,-0.29477501435284054,0.9101319351060241,0.9263236893078561,-0.8515509948927891,-1.2237113254232943,1.0337514827282872,-0.19989119019441667,1.0727521128973214
336.0,44.03464509286729,-27.557455555740372,16.663279999719602,44.76933199359082,-27.93212020383277,17.58545584566363,44.29452959393762,-27.72324875981762,16.945709058941897,-0.10947809348686022,0.06809499492217697,-0.041007422460703324,-0.1780381167421332,0.48111867333131464,-0.5045332893807402,-0.08242350955834933,0.058742013438765166,-0.02252188477570518,110.82938723248641,-73.25183844749121,26.962554007010844,111.38664129914605,-71.78022738504151,26.173991753957797,108.32090533513487,-74.561190800062,28.6387832682894,1.1602682065889303,-0.2946417320502101,0.9099671507903496,2.2049789963467634,-0.8246923056815446,2.777149071948517,1.0275505219346301,-0.18228443126122112,1.078499713042674
337.0,43.92519407293467,-27.48937421959834,16.622259849998223,44.063513796219354,-26.036691608760652,16.139828377335526,44.18900374296793,-27.411422676340578,16.801394700303174,-0.10942333572368312,0.06806715553803322,-0.041032750736031076,0.13082054502238805,0.32466825379616004,-0.730116974973102,-0.08437427279613217,0.08011244906295115,-0.03280604932942982,114.09852462824509,-73.98029214171152,24.764519583168244,119.90220776113297,-73.93023708056906,19.572225899553633,112.34032751305394,-75.36118215981246,25.74153203662671,1.1604949501077004,-0.29450977182001875,0.9097960710086062,-1.0237929246991422,0.22262860409175372,0.5070740877197006,1.0337192457770754,-0.16866705191090822,1.0882906959878358
338.0,43.81579842141992,-27.421321244664306,16.58121449824754,45.030973083635594,-27.28278369624045,16.125221895717427,44.24865246549325,-27.323765579426706,16.668561397764986,-0.10936736879435216,0.06803828146295388,-0.041057823410199035,-0.34788727235570605,-0.7704245818239013,0.3486159941618201,-0.07221296153914894,0.08074951962681898,-0.04125235721059618,117.61777276546746,-74.67068961372718,22.314760831413892,119.0757560914105,-74.48120374667101,19.3671358309151,116.13320933637652,-76.09881792184218,22.844659168453568,1.1607170901944919,-0.29437916622147875,0.9096188038184504,2.5160203754614927,0.09241152245633427,0.09014994919615464,1.0327434386624015,-0.15644095154487192,1.0859460122876212
339.0,43.70645933534597,-27.35329765667243,16.540144203177825,43.36773925150794,-27.577540772408454,16.837060365659166,44.05070707488385,-27.295026189106853,16.659920064881828,-0.10931021724780976,0.06800839093442157,-0.0410826342969024,-0.5339051275432212,-0.20205538465600803,0.1783895596768108,-0.08282981617133449,0.07635778086589248,-0.038498680158054445,121.40603363202811,-75.3174430767655,19.594557291002186,121.46750132124207,-74.60563605413525,19.496075359169147,120.06005198510702,-76.73389691030775,19.982476393233117,1.1609345294113211,-0.2942499474795673,0.9094354611856393,2.242591041530962,1.096719182355792,0.47402950119513604,1.0278990155504866,-0.14402981553008518,1.0936394614459872
340.0,43.5971779869243,-27.285304462795462,16.499049229653735,43.96316282854915,-27.686894465552466,16.48200101507105,43.9671442840976,-27.291465713993848,16.59974504458998,-0.1092519061526076,0.06797750283193515,-0.04110717727442825,0.8099027612805578,0.7847391702351949,-0.03685197412918839,-0.08289170859632962,0.07021077155009091,-0.040329031753582247,125.47897483456757,-75.91434156604986,16.588422240997083,121.11435927332228,-75.58053165625489,22.18216458519886,123.7905637051997,-77.37627235263845,17.443766748377914,1.161147172382161,-0.2941221474770753,0.9092461589133094,1.062824779523619,-1.6283345385054606,2.662629249844419,1.0182912625241671,-0.13784824175430935,1.1086943212133928
341.0,43.48795552304075,-27.21734265100856,16.457929848628968,44.98754477406906,-26.008062431938065,16.76335641740079,44.05578659899215,-27.032634200933767,16.591123586036588,-0.10919246108592873,0.06794563666507969,-0.0411314462871637,-0.2788836645394852,0.3107516023949728,0.1821239514598254,-0.06840736429992612,0.08613791944689798,-0.03765164217401931,129.84660458041938,-76.45461778031081,13.286527772870127,134.01381250833003,-76.70462742680861,9.994184971016901,128.9969816011817,-78.03957035548954,13.368653182927236,1.1613549258347762,-0.2939957977467412,0.9090510165688331,-0.6410638537419061,1.253485279578162,0.8999777717554133,1.0217741247242305,-0.12870705280573905,1.1203510896363602
342.0,43.37879306475244,-27.149413189465303,16.416786337079408,43.40539549947018,-27.06539126076252,16.8462489179907,43.89689548810317,-26.96498144271115,16.59899135605716,-0.10913190812233964,0.06791281256121096,-0.041155435347093317,-1.216903931455935,-0.6268090850722086,-0.77787314559016,-0.07604781785049569,0.08457703120969498,-0.03380797999564443,134.51031640993818,-76.93109798850749,9.687660113220804,132.01193793184112,-78.21787475331818,11.388080373361403,133.88227198245295,-78.73310817598723,9.430179864521435,1.1615576986416367,-0.29387092946347027,0.908850157408298,2.052410025314823,-2.0163101702508137,1.3857639676609192,1.0182985913355074,-0.12646548261226023,1.1214718371223606
343.0,43.269691706796074,-27.08151702588614,16.37561897793478,42.55373691115719,-27.261680602082482,15.20761012622047,43.62384400522324,-26.939683212816774,16.354115082429857,-0.10907027382236834,0.06787905125274207,-0.041179138535271775,0.017356601730611487,0.2523866657973102,-0.42502569079569863,-0.09268282036410098,0.07957152530331252,-0.0516306006792774,139.45967896080117,-77.33645740371695,5.802429914962907,145.16967380350323,-77.6193596010724,0.03331278638422168,140.25243109807354,-79.2262231255641,4.093826232704471,1.1617554018598875,-0.293747573436643,0.9086437082986548,2.309146176749607,-0.731578846183236,-1.5378777176168703,1.022563918853568,-0.11569642124198903,1.1282618384132377
344.0,43.16065251710771,-27.01365508695982,16.334428060008864,43.440108702931404,-26.5606179291679,15.996197536399302,43.517004827554906,-26.813547985308272,16.254864610834208,-0.10900758522085852,0.06784437406403043,-0.04120255000329465,0.7998651797500962,-0.27109181988861764,0.03027066778042453,-0.09387818411179662,0.08350336739929781,-0.05565162573113635,144.66952046566868,-77.66359185126886,1.656187815507869,143.92549843273227,-76.13076648494152,3.681750105562685,146.14808756353904,-79.42187362559585,-0.6232574856609575,1.1619479487703628,-0.2936257601025132,0.9084317996375861,0.5723177255527302,-0.08732339930719082,3.6518946783750295,1.0152801009006993,-0.09725459903947564,1.1452307637658667
345.0,43.05167653635436,-26.94582827775808,16.293213877928192,44.15346727065738,-27.803864241859717,15.268151461781319,43.53667613329498,-26.896996401705547,16.054456474162222,-0.10894386981510351,0.06780880289793423,-0.04122566397473548,-0.17011382623096338,0.20777462991622997,0.7172642898403003,-0.08429005767352851,0.06940594772595322,-0.06787487509556807,150.09811804146565,-77.90609259983742,-2.709164796394912,158.56216179256478,-77.82425620030794,-10.748232806534343,153.55478052752846,-79.70339159366532,-6.962931661180907,1.162135254915624,-0.29350551951669823,0.9082145652711442,-0.6419475398946617,0.050628454874059946,-2.031253790693215,1.0215555251465591,-0.0860844853853672,1.1545629945013487
346.0,42.9427647774775,-26.87803748116395,16.251976732059394,43.09988105046948,-26.14506866933544,17.430726116079903,43.39758046261743,-26.721475584326598,16.211109534483175,-0.10887915555278838,0.06777236022196576,-0.04124847474656157,-0.8203840147084271,0.8743286339737377,0.45780476900162803,-0.0889178472628518,0.07836629434257464,-0.04891572136880667,155.6873902930149,-78.05877665633345,-7.235368327970567,149.6371110952266,-76.98025988116173,-2.2618333765774024,159.25009442886156,-79.76895341715522,-11.74970093645619,1.1623172381370055,-0.29338688134676355,0.9079921424092109,1.9625917327823708,0.793353100933087,3.0427719966589195,1.008060386207921,-0.06849010718950739,1.1575289447471395
347.0,42.83391822524878,-26.810283557314147,16.21071692843507,42.512699241240526,-26.05520697391224,16.183760999784575,43.18491044862087,-26.551705353813432,16.16554696498993,-0.10881347081971882,0.0677350690541001,-0.04127097669055857,-0.24779116229499465,0.010531641260181246,-0.402332661256116,-0.0993674884122781,0.08608444876231108,-0.04863258100250878,161.36573343853004,-78.11818955909314,-11.850641051464953,163.20719243627465,-78.93469639210659,-14.126456447976743,166.19621573678378,-79.92911173870023,-17.71617318976268,1.1624938186106515,-0.2932698748649023,0.9077646715388332,1.0189284339332754,-0.21066761449299964,-0.007931387537464045,1.0051770484049583,-0.062267050763896443,1.1627971740912855
348.0,42.72513783583806,-26.74256734305575,16.169434778678276,42.60429872587949,-26.124005386815078,16.62606079356767,43.01072165729045,-26.412508334867066,16.196073769229706,-0.10874684442739735,0.06769695294823741,-0.041293164254710746,-0.499874607367758,0.2069477836513478,0.4552167740221442,-0.10568540418267006,0.09056927770386292,-0.04194835727355352,167.0534810824478,-78.08297888761444,-16.475138820480176,164.48442664906443,-78.73014215109767,-14.389746063759278,172.664445014884,-79.94387935454452,-23.20565136894588,1.1626649188825302,-0.29315452894071314,0.9075322963354884,0.6925185548924615,-1.4312478902339718,0.6403471816105277,0.9965900143619895,-0.053600103074075985,1.1692148169720977
349.0,42.616424536393986,-26.674889651417672,16.128130599925647,41.51295002650501,-25.641311406609546,17.094194547828863,42.68860206477092,-26.216118677439525,16.30028237875531,-0.10867930560036143,0.06765803597932596,-0.04131503196456876,-0.2672066961494082,-0.10309170543791701,-0.0967174742103083,-0.1239611213703475,0.09950475757136211,-0.029606853323758037,172.67010191487012,-77.95405033899266,-21.028152712941775,169.66092297892243,-77.47744550475129,-18.971720179901176,178.9112324083401,-79.72089420409512,-28.52355111453515,1.1628304639024074,-0.2930408720340769,0.9072951635723352,1.7222785959540303,-0.8436464973440004,1.1916381772616909,0.9885402284219487,-0.03695618503914022,1.174875778035102
350.0,42.50777922463734,-26.6072512710971,16.08680471474914,42.06988533358067,-26.330188797690912,16.432625845147054,42.48771896343256,-26.149819409907035,16.295854702790454,-0.10861088396336882,0.0676183427281618,-0.04133657442459793,0.5343621890194861,-0.6417775835217991,-0.7594367271545241,-0.130456418449862,0.09670088379480248,-0.02748072192110961,178.14159119727375,-77.73446657350465,-25.435500460428877,176.99364387643152,-76.77713754327816,-24.726359623503683,-174.88995899793082,-79.34698566339776,-33.73437998849019,1.1629903810567666,-0.2929289321881346,0.9070534230275096,2.451993855551621,1.0797038659840221,0.46524334807270434,0.9838059746010002,-0.018522842512996882,1.1847262561418541
351.0,42.39920276846725,-26.53965296596135,16.04545745107645,42.58167440454398,-26.924866573653144,15.575321093519815,42.392152911505356,-26.18865329220514,16.160621791183456,-0.10854160952841241,0.06757789826584926,-0.041357786319522916,0.10146141115291485,0.33950181830353365,-0.02400829741042898,-0.12751027359149972,0.08525631917566427,-0.036579323949673115,-176.5935651278478,-77.42911461019015,-29.635490501604075,-178.55186395101663,-77.86315630900049,-26.778725214328315,-169.01044948437232,-79.03804663075627,-38.48423980634914,1.1631446002006578,-0.29281873702236816,0.906807227389521,0.7826481012731534,-0.37739529589423787,1.7718002704566171,0.9751852169005186,-0.008873131601403772,1.2018700934390545
352.0,42.290696005580514,-26.4720954745654,16.004089142110093,42.2728081558865,-25.651185161083845,16.384609250326196,42.2659121693703,-26.03308947726921,16.16455400964289,-0.10847151268154676,0.06753672813797884,-0.041378662415626266,-0.3294223469500501,0.5302380807107969,-0.8033004008578342,-0.12740307427129446,0.0911930887709027,-0.033158526627425994,-171.58092424909046,-77.04422190938382,-33.582388114136975,-169.9260794277635,-77.3084784291881,-34.80886398628464,-163.03901161019672,-78.59276075250347,-43.39267243141765,1.163293053688468,-0.29271031372578593,0.9065567321608111,0.786394576374788,-0.7372238056924821,-0.3898476026574373,0.9710709875228957,0.0012617560182452761,1.2157107952842539
353.0,42.182259743104154,-26.40457950968539,15.962700126245199,41.92282971064388,-25.86439041223155,13.968720291804146,42.104976407523,-25.929846170096614,15.795154206648284,-0.10840062416957252,0.06749485834848379,-0.041399197562038914,0.30261129580766877,-0.9518601209646285,-0.35851358116118703,-0.13023457662954532,0.09221061001027508,-0.061550762257713956,-166.84932992931246,-76.58682316045171,-37.247171915877345,-171.32201589451043,-76.64449478853965,-32.56895408912209,-158.24608195414893,-78.05763670502772,-47.152760451403395,1.1634356764035911,-0.29260368905021394,0.9063020955595354,0.447086488353856,0.617686338749141,2.176992038849857,0.9594230993129685,0.01684154626015437,1.2301610585547493
354.0,42.07389475724137,-26.337105757868432,15.921290746986015,42.87803074750184,-27.5549054030131,15.667582088003822,42.11518040413968,-26.104627573588445,15.72333879381836,-0.10832897508653616,0.06745231534322471,-0.04141938669202627,-0.37049842197555094,-0.6557807498860129,1.3618599061109826,-0.11837593420982612,0.06966578671951763,-0.062417510031388596,-162.41234297327907,-76.06426709836776,-40.61610334194822,-161.30600405686423,-76.72987391850057,-42.40078224056181,-153.11283281386758,-77.48604434404544,-51.35649114023027,1.1635724057869903,-0.29249888930369544,0.9060434784196291,1.2040341118648745,-2.0886904308029646,0.8580049642479567,0.9528276003498335,0.027056873571401213,1.2381285633078913
355.0,41.96560179293108,-26.26967487899894,15.879861352861147,41.18183286669278,-27.175951912003576,16.69244010402611,41.87009700447733,-26.21235688418021,15.821296362820322,-0.10825659686008038,0.06740912599327231,-0.04143922482422102,-0.6740200124494784,0.7975853071713583,0.06899290205916131,-0.1290751209786633,0.05468653296180932,-0.04887542774352433,-158.2709834890637,-75.48381939783488,-43.68798432855375,-159.66906260342427,-74.47458021118752,-42.84747926709803,-148.8759428397014,-76.67472635306414,-54.64389243527679,1.1637031818646388,-0.29239594034399974,0.9057810440892206,1.685293126595283,2.1655151076282904,1.760083337933441,0.9481677670731964,0.047956883060364254,1.2501347415234174
356.0,41.85738156352121,-26.202287505881888,15.838412297337573,41.52999072260288,-25.959734788670385,15.805567892122145,41.70821187708568,-26.126896379028743,15.777574448276518,-0.1081835212376916,0.06736531757794317,-0.04145870706385946,0.45066523140955184,0.5473914959513504,-0.8967953611123409,-0.13184560009167814,0.05728508921025324,-0.04844026474785902,-154.41693281802267,-74.85238174193601,-46.47095532876419,-148.48669242677016,-75.6570088855749,-52.6740954821572,-144.07233028380276,-75.98664845519423,-58.46384629992383,1.1638279472738273,-0.29229486757224216,0.9055149583274578,0.6378661174292677,-0.9837298487098407,0.3013705649180752,0.944781199196944,0.053096499668421226,1.26097691686896
357.0,41.7492347504557,-26.134944243843055,15.796943938733428,42.08316332951188,-26.081168920100875,14.89884938180143,41.65516039665202,-26.07140820891837,15.600045903136138,-0.10810978027275908,0.06732091776757976,-0.0414778286039903,0.40427902699290286,-0.22677024494463005,-0.5698592905271891,-0.12519221941283298,0.05713335724253161,-0.05934048768780163,-150.8355802441264,-74.17632039924787,-48.97944854958014,-148.80913538758813,-74.66008388023529,-51.680664660652496,-140.1956554760833,-75.20559770080666,-61.394429056432024,1.1639466472883238,-0.29219569592661676,0.9052453891998111,1.4465590711592098,-1.0920698447636419,-0.0022608161791188336,0.9373005090908724,0.06485677615968409,1.2720267803102683
358.0,41.64116200297569,-26.067645670346728,15.755456640129593,42.33854877658869,-26.413275278559645,14.665849311067767,41.65568200328014,-26.076309323311555,15.404687425150966,-0.10803540631049913,0.06727595460604618,-0.04149658472666129,-0.42484000217666207,0.5656542194569649,0.7051283034790607,-0.11457693562167252,0.051895162351913125,-0.0708258557907466,-147.50858098374925,-73.46138344983008,-51.23162990926044,-149.35149955376778,-73.72424783656898,-49.61360532733873,-137.1151502226386,-74.3778069997373,-63.47699259142688,1.1640592298423782,-0.2920984498762431,0.9049725069719193,1.0526892586714522,1.971275969888177,0.3737865201419773,0.9252798393202923,0.0817516303831199,1.28850933550572
359.0,41.5331639378347,-26.000392334630963,15.713950769280105,41.23348332515856,-24.949860481186946,16.30910598875955,41.49327766955597,-25.857348250054432,15.485487402810104,-0.10796043197379745,0.06723045649304282,-0.041514970804079177,-0.5786820658230454,0.11780506408805103,0.3907164258007496,-0.11861548428286342,0.06600221892586461,-0.05802256037901152,-144.41581664252158,-72.71268189804583,-53.24743852840204,-143.25156901793616,-75.15834550751421,-54.85204820772297,-133.8104484257361,-73.7227596691061,-65.8135666901978,1.164165645553562,-0.29200315341512917,0.9046964840020464,1.713036379369323,-0.5119928015921196,3.0401575273323833,0.9074437759494215,0.08674218689162834,1.3018110949010209
360.0,41.425241139028095,-25.933184757360642,15.672426698521434,41.1811846449426,-26.177665150383543,15.447282162669266,41.34458132274993,-25.85140888026616,15.430545934348242,-0.10788489014887404,0.06718445216615088,-0.04153298229975366,0.7688172104354898,-0.32440406627481444,-0.1885960155226023,-0.12115551430519686,0.06093050796947773,-0.05776239277360797,-141.5367879969379,-71.93471216579488,-55.047193897173806,-134.7200336361738,-72.77256803319082,-61.94390225812758,-130.31820150381094,-72.81350565400389,-68.30334816215624,1.1642658477444272,-0.2919098300562506,0.9044174946322161,0.24694791488126946,-3.1635476121339616,-0.6729614401374577,0.902881108786378,0.09189237138459369,1.316968551907791
361.0,41.31739415753695,-25.86602343029866,15.630884804680598,42.77111774602954,-25.598668613736574,15.931913957714347,41.46405274800159,-25.760656807643784,15.459714175237302,-0.10780881397086617,0.06713797068268867,-0.0415506147696183,0.37481864198302617,0.2729543728534196,-0.019643097880780225,-0.10083695960332675,0.06344864286248354,-0.050421964313702224,-138.85153485096006,-71.13140228466126,-56.650675968566276,-142.38792062271023,-70.84174824451439,-53.615132549242404,-128.34566884637584,-71.80778878266837,-69.31529989039399,1.164359792462981,-0.29181850282574984,0.9041357150780941,0.2571339046356702,0.7367375739050571,2.166500981462804,0.8894660806894458,0.11650956105380227,1.3365103771517912
362.0,41.20962351108636,-25.798908815995265,15.589325468982198,41.93082192890865,-25.631756404676704,15.407995966907706,41.45146418276403,-25.68703207202013,15.409090677774211,-0.10773223680930144,0.06709104140136368,-0.04156786386312383,-0.903316478235336,-0.09164680767460176,-0.20511022315844318,-0.093385259342437,0.06430791280873283,-0.05043898178617482,-136.34119418920918,-70.30616923855341,-58.0765669561707,-136.16199012323702,-69.98533604511415,-59.94957754090049,-126.05915874980658,-70.75569965780889,-70.77328648913222,1.1644474385019647,-0.2917291942572544,0.9038513233176865,3.1809217770978777,-0.948731855307759,0.6643456956385674,0.880916107332677,0.1363710239202335,1.3480817673259144
363.0,41.10192968391835,-25.731841347495934,15.54774907695435,40.96448478955887,-25.781962229085778,15.52169351139746,41.29688499357098,-25.64748165034016,15.384000573312411,-0.10765519225345699,0.06704369396370957,-0.041584725324319116,-0.21358406089165882,0.0016485483369841347,0.3055040527383799,-0.0985524788290906,0.06221738861926664,-0.048298520907210596,-133.98829879370157,-69.46197927430713,-59.34215266964461,-133.52464494330172,-68.84540452112442,-59.368842435219456,-123.92109562447307,-69.67086875976834,-71.84237033501333,1.1645287474169295,-0.29164192638631736,0.9035644989789243,3.1083283284038044,0.5512015231243586,3.398620189048512,0.8729298531338118,0.15458194017932894,1.3739848477349181
364.0,40.99431312657945,-25.664821428067846,15.50615601833356,41.50365380712533,-25.628459308002736,16.019004072384465,41.24580225105286,-25.59197999857938,15.441938228912788,-0.10757771409761929,0.06699595827538474,-0.041601194992886725,-0.06710606995588009,0.11957871568093914,-0.7279436518006799,-0.09454413115324777,0.06165031135446095,-0.039327931131759045,-131.77689942867343,-68.60140628270852,-60.463200283439086,-124.1688746653231,-66.54068190479965,-66.11814105283132,-121.1826145942686,-68.38238531458768,-73.36256150567854,1.1646036835430973,-0.2915567207449799,0.9032754232262078,-1.3783176557525934,-0.8889129078098733,-2.281827569506434,0.8800223127177506,0.1632709418875826,1.4049838089805595
365.0,40.88677425572311,-25.597849430945164,15.464546686968577,40.83027264964711,-25.5428047977239,14.0658062077961,41.10135300023503,-25.532269251286152,15.194771083045485,-0.10749983632626225,0.06694786448727008,-0.04161726880518035,-0.041455490453333965,0.17003777101901285,0.051262242620245146,-0.0987581227606529,0.06148653443676181,-0.056877888179690105,-129.69257327330632,-67.72668562581762,-61.45394985910205,-130.5183527607082,-67.81686433814414,-60.72594648235469,-119.49757706698583,-67.35887435815017,-74.05780983367299,1.164672214011007,-0.29147359835645914,0.9029842786459782,1.6537807595313212,0.2799394024323998,0.8223671622152798,0.8627192396859393,0.18181244252510925,1.4287430604292548
366.0,40.779313453926925,-25.530925699093306,15.422921480723199,41.420742826218664,-25.28838376596471,16.121528557624956,41.067606304325466,-25.442424294695787,15.290823607716552,-0.10742159309916133,0.06689944297643535,-0.04163294279523111,-1.0928601724289493,0.770308273039058,0.6088809269366964,-0.09326855357462102,0.06388112148029033,-0.04396443399700281,-127.72236341207416,-66.83976225763195,-62.327174811572306,-127.08632886893005,-67.35135720592841,-62.649458968435916,-117.72578696921953,-66.35022657026956,-74.80620738150036,1.1647343087609303,-0.29139257972996063,0.9026912491313925,0.08636166255452683,-0.9133624898188547,0.07413994955214,0.844759046909259,0.19562355970616194,1.4546137597516784
367.0,40.67193106952479,-25.464050544992293,15.381280801378114,38.64455230478921,-24.002188251645784,15.283568061669493,40.612115057673634,-25.16455480480792,15.25256647705778,-0.10734301873637975,0.06685072432694739,-0.04164821309571476,-0.04019371902411706,-0.4183873167312857,-0.17648088477469415,-0.12385466175146131,0.08195031347126436,-0.043482508925389594,-125.85468008496262,-65.9423328779877,-63.09428061735575,-128.59541474964993,-66.73241948731057,-60.91680857595474,-116.38232191215064,-65.37159961633112,-75.23209978547344,1.1647899405560576,-0.29131368485561815,0.9023965197661727,2.792957793719163,0.10076085526367348,0.9785265995284009,0.8200251351680631,0.2152692410960295,1.4787388906522934
368.0,40.564627416454165,-25.39722425043941,15.33962505453177,41.34035538817043,-26.12515839942728,15.768566788075567,40.62073960914104,-25.24469524734225,15.29606939167065,-0.10726414770321924,0.06680173931054689,-0.041663075938914496,0.5377297875537899,-0.8824485436062393,0.6771042677687715,-0.1126681082192361,0.06826335930631308,-0.036137454004762586,-124.07918394778649,-65.03588236221506,-63.765421514511424,-124.28873486386385,-66.00508952542948,-62.568956831214784,-114.82782853321751,-64.37130776248432,-75.71286516810902,1.1648390849944448,-0.2912369331995614,0.9021002767077032,-0.43191008377612833,-0.40085819757534946,1.6849329688560812,0.7978200454208045,0.22776319622744073,1.5112632770873353
369.0,40.45740277411835,-25.3304470663712,15.297954649500285,39.72001187989679,-25.767085338858262,16.637776597207036,40.385548167827814,-25.268263556056294,15.474151922637526,-0.10718501459513163,0.06675251886722045,-0.04167752765764732,-0.5617878407204344,0.5068210989740578,0.048375311311517954,-0.12301398657479509,0.06050908718087325,-0.01804870429578992,-122.38666418321714,-64.12171496187565,-64.34962235399604,-123.4102571491612,-64.38234595139306,-64.01242016498111,-113.47969247588868,-63.26695677836132,-76.1864829497393,1.164881720519717,-0.2911623436991131,0.901802707069449,3.109160645326484,-1.459332970670293,1.4045291522661933,0.7772067695537693,0.24575441815085025,1.5358301073024307
370.0,40.3502573872639,-25.26371921270497,15.256269999216475,40.21677970672956,-25.111516201479166,15.865317410698603,40.25542051805672,-25.19279185313165,15.519725672099376,-0.10710565412251327,0.06670309408565345,-0.04169156468616464,0.4350784537786794,0.3376688471294358,-0.5838661876763611,-0.12361466476590263,0.06177253144456535,-0.01267642008969673,-120.76891922509189,-63.200980872501205,-64.85489783996853,-121.26275075646836,-62.41520624784963,-62.93672105466441,-112.17655099926115,-62.04436547026907,-76.39063484510143,1.164917828430524,-0.29108993475811634,0.9015039988027715,-0.22124316829899326,0.37152780718958034,0.5032726626989564,0.7614983984606504,0.26358630248581466,1.5745915103811945
371.0,40.24319146587332,-25.197040878199893,15.214571520127956,40.59016878745415,-25.09174764459939,15.470044221854314,40.20306969293201,-25.124913569476718,15.50129590605093,-0.10702610109548871,0.06665349618360139,-0.04170518356104225,0.8009081940050784,-0.029614588391055463,-0.27584422295186783,-0.11759714143006303,0.06228810156531282,-0.01316223300323395,-119.21864447738156,-62.274698777055875,-65.2883647778606,-120.38535237265299,-62.17338252939299,-64.17762615679118,-110.96413269246604,-60.88183757453814,-76.68174350498762,1.1649473928887424,-0.29101972424239386,0.9012043405782145,2.3325750095250775,0.36414065131142986,1.9467028082415214,0.7397942108630167,0.2809220151616306,1.60550882679137
372.0,40.136205185072924,-25.130412220337767,15.17285963209439,41.81859609473972,-25.170745378261277,15.313628964794868,40.354929414302454,-25.07943537852789,15.461002605898333,-0.10694639040864473,0.06660375648815631,-0.041718380922024956,0.0872939874036085,0.400891216223199,0.24600587516092887,-0.09484418610141512,0.06086867160030742,-0.015453182108972693,-117.72932921952312,-61.34377493969192,-65.65634513870152,-115.78220323708985,-60.62705098429703,-66.76314584869722,-109.50795942023407,-59.619539122510375,-77.12709409259848,1.164970400926424,-0.29095172947533987,0.9009039216663352,0.23862252388412325,-0.4217122037245162,-0.14510435420884651,0.7248708663548156,0.2914814698961311,1.6400820498360633
373.0,40.029298685056034,-25.06383336522358,15.131134758283906,40.764756762261364,-24.289965212152993,15.962055972176172,40.33854888351471,-24.905287608169886,15.52585312440393,-0.10686655702571812,0.06655390641597592,-0.041731153512861496,-0.7245064341488998,-0.31333123407793906,0.45958521644228245,-0.08821870985367865,0.0704339661966881,-0.008672332314246333,-116.2951635145536,-60.4090193681578,-65.96445912346783,-116.32904538897975,-60.57217222592885,-65.86157051215245,-108.31411587656845,-58.454628088970594,-77.39779810458218,1.1649868424514829,-0.29088596723364557,0.9006029318181572,1.3417346179753544,-0.32605131169135987,1.2273699437165422,0.7003913589524999,0.30380814243802556,1.6732107576005872
374.0,39.92247207102149,-24.997304407505816,15.089397325068667,40.36958322644192,-25.797407846417155,16.232799397679432,40.26887100625609,-24.98450646806104,15.628441380047336,-0.1067866359642764,0.0665039774534435,-0.04174349818210743,-0.8757365621234818,-0.21450768624818828,-0.7212006526350159,-0.08665312072224296,0.05779727165718578,0.0007225190965852949,-114.9109551055604,-59.47115949950812,-66.21770824216267,-114.58424309325521,-59.323839759836375,-66.32714541196472,-107.15615888222467,-57.23893932186536,-77.62223669817169,1.1649967102521226,-0.29082245374316024,0.9003015611453199,1.4159773049684987,-1.377164314562566,1.866168168115384,0.6768113080259616,0.3152112585461201,1.7085263571131273
375.0,39.81572541312748,-24.930825410316693,15.047647761919691,39.0132836380144,-24.71898058464937,14.51965466690614,40.0004781841804,-24.894412652827565,15.456663284208837,-0.1067066622803381,0.06645400113675493,-0.04175541188389875,-0.3527106612981008,0.5815725641986429,-0.5009814227816856,-0.10199923313281552,0.060524393934286706,-0.013843444245339825,-113.5720558114822,-58.53085180061899,-66.42054889682427,-113.95555459925617,-57.05653181414946,-65.40066736271513,-106.16558373654006,-55.880249636447004,-77.6402534908638,1.1649999999999998,-0.2907612046748872,0.8999999999999999,1.6051508995852934,1.0461447943448423,-0.8087997192479978,0.6571029666383518,0.3311577912820391,1.7493461858582746
376.0,39.70905874646081,-24.864396405232306,15.00588650130087,39.66416190384572,-24.63426271801987,15.230836552116061,39.862048578448906,-24.802851537830616,15.409861801898423,-0.10662667105299661,0.06640400903202348,-0.041766891678709506,0.4422664804858947,0.5252805403688878,0.3809666613579594,-0.10507541620616115,0.06314513671495686,-0.016626423160854387,-112.27429668729066,-57.588691616532635,-66.57695720368015,-111.3181272487226,-58.205694971733436,-66.6226886131277,-105.01503599109611,-54.72734491439361,-77.79592895336425,1.1649967102521226,-0.29070223514111754,0.8996984388546798,-0.5931039988661427,-1.3195315706365152,2.3530124000521173,0.6273387478493688,0.3349268518977993,1.79034131650341
377.0,39.60247207102149,-24.798017392252646,14.964113978562272,39.89781659898619,-23.668419503911593,15.281587989622059,39.778870753305426,-24.57314839224999,15.375877034418542,-0.10654669736905475,0.06635403271533313,-0.0417779347340721,-0.1695530984132354,0.2887176980100392,0.2620617109819561,-0.1032263821675547,0.07720930600707403,-0.018092162904000238,-111.01393111041739,-56.64522154760365,-66.69048589284645,-112.44393037693528,-55.53040539794072,-65.98687081719302,-104.22408881141341,-53.38482579139527,-77.78054345828095,1.1649868424514829,-0.29064555969170136,0.8993970681818427,2.3925262457051826,1.7549597937389358,-0.24893185698358075,0.6004890093539569,0.35086456583918524,1.827144480065869
378.0,39.4959653517227,-24.73168833980164,14.922330631832725,39.325055707019246,-24.05682732199979,15.754959974079974,39.62113670379043,-24.427668316468072,15.419535551399608,-0.10646677630761658,0.06630410375279716,-0.041788538325275404,-0.6838017755879129,-0.2894048159702791,0.044884915953645965,-0.10782901320591633,0.0829740943253047,-0.01287793140758887,-109.78758493853817,-55.70093859123987,-66.76431414073713,-107.73877351322551,-56.367210403948924,-68.77761294342787,-103.07078480651195,-52.20231795173089,-78.04143576507592,1.164970400926424,-0.29059119231045777,0.8990960783336647,1.5651631007868791,-1.5185540513862874,1.8251550142844197,0.5693767901675361,0.34899642611164644,1.8647044392467036
379.0,39.389538518406255,-24.665409184747052,14.880536901911722,38.53021304781036,-24.24722913585215,15.371357821529351,39.360461346011164,-24.329540867099546,15.401169394418977,-0.10638694292469353,0.0662542536806221,-0.04179869983604334,-0.12507934674896148,0.21032112943876413,-0.5106328264210518,-0.12073536865769531,0.08425364462806632,-0.01334135753821018,-108.59221291688904,-54.75630024545447,-66.80129115730396,-107.46529891377618,-54.168176733550766,-67.20592599276773,-102.11416875049184,-50.8758382492827,-78.0311989716924,1.1649473928887424,-0.29053914641172457,0.8987956594217853,-0.5526336876067124,-0.03573949954689123,0.3214993797884818,0.5417695880742462,0.3518644945035624,1.9099923561732144
380.0,39.283191465873315,-24.599179832440395,14.838733232160639,39.07489701352132,-23.636185063122262,14.73369432123787,39.214099243664364,-24.150587247029083,15.286126793736909,-0.106307232237846,0.06620451398517702,-0.041808416759176126,0.3673072617751387,-0.2034606489616273,-0.2817662099144771,-0.12289929174648666,0.09225011682205948,-0.021929017240288014,-107.42506057281553,-53.81172973887313,-66.80397429071581,-107.9302463635092,-53.851029296559005,-67.31430033625948,-101.36200124734093,-49.61407682766875,-78.00838608013318,1.164917828430524,-0.29048943483704853,0.8984960011972283,3.2903176852910305,1.4546589910643541,0.5657119793387927,0.5058191128190743,0.3567667451465571,1.9489266235501674
381.0,39.17692405393056,-24.533000156776698,14.79692006839337,39.26482757136064,-24.654150433775406,14.807825401700397,39.1181946539477,-24.15097102478468,15.193243418475685,-0.10622767921081788,0.06615491608312318,-0.04181768669716668,-0.385776733448143,-0.9193602774839462,0.568778540892958,-0.1206198573204674,0.08442810463302669,-0.027920407927629738,-106.28363090669015,-52.86762052453731,-66.77466234067207,-102.52139421675912,-53.68718772002332,-69.94024832666898,-100.22432890141272,-48.39505608030386,-78.19109398946355,1.164881720519717,-0.29044206985201676,0.8981972929305508,-0.4126626091930669,-3.540583422840835,0.060609399621648304,0.4729107231350459,0.34358605574235196,1.9921897273854825
382.0,39.07073610745168,-24.46687000027415,14.755097858766305,38.30334354662504,-25.474905618090155,15.871251403023786,38.88963940136153,-24.285507687985113,15.275077015529694,-0.10614831873819597,0.06610549130155796,-0.04182650736279925,-0.44653654936464804,-0.22030669250879598,-0.8009657137776136,-0.12973392924031565,0.0659387051451723,-0.01865277248300467,-105.165655262824,-51.92434015207152,-66.71542469706995,-107.48713553892914,-52.71096445739656,-64.25607293228451,-99.74477174889851,-47.20053766030306,-77.76152508639139,1.1648390849944448,-0.2903970631432306,0.8978997232922966,0.3670596196845161,0.44147008241167235,2.79884107629547,0.42709730526710815,0.3465208009735151,2.0449398805939145
383.0,38.96462741645417,-24.400789174173582,14.71326705366777,38.371754472631345,-25.094763818792998,13.20589397414517,38.69955781195382,-24.355639637326895,14.937618664822613,-0.10606918563011192,0.06605627085823151,-0.04183487657970364,0.05399048309188359,0.1069926520736093,-0.025206342660714753,-0.13482968965890882,0.054448890074573306,-0.04557273660812185,-104.06906783641887,-50.98223361384516,-66.62812684834465,-105.58972160245006,-50.15326209070146,-66.21271602522108,-99.2474257347459,-45.79536516217954,-77.50276035378319,1.1647899405560576,-0.2903544258154221,0.8976034802338271,2.142178570502902,-0.20352783798661686,1.6935138662312519,0.3900486802769777,0.3507145202474845,2.090791680389423
384.0,38.858597736191456,-24.334757458557686,14.671428105606898,38.411324512808804,-25.260920313942936,15.820838717702356,38.54087774214418,-24.45040441363309,15.036449708443328,-0.10599031459695851,0.06600728584182924,-0.04184279228290233,0.543882138584376,0.17214198733933372,1.5001962793489056,-0.13684361733735353,0.04184927820980135,-0.03337927184835748,-102.99198334017242,-50.04162624503786,-66.5144527362542,-103.18724936890756,-48.46238476723196,-66.55576374821854,-98.63788612839957,-44.300913415553936,-77.25607781128721,1.1647343087609303,-0.2903141683887137,0.8973087508686073,1.6673120454458452,1.2056866172491258,0.10379087043677514,0.3582742052310826,0.34908005770581635,2.1414109758449995
385.0,38.752646787260254,-24.268774602489923,14.629581469101966,39.4595187498001,-24.75047984411433,16.20628653284298,38.56813528014255,-24.46171577690055,15.190140098092021,-0.10591174023416983,0.06595856719233772,-0.04185025251931407,0.46134279190421523,0.41534901065694463,-1.4913475587727936,-0.12298690491990998,0.03736039012506951,-0.01758309725050004,-101.9326774155502,-49.102826244475665,-66.37592437249873,-100.15990712210481,-48.604704358226435,-68.37057532295235,-97.84751985036796,-42.90829656807073,-77.18111566807599,1.164672214011007,-0.2902763007960233,0.8970157213540216,0.38521443886760914,-0.6756770735126082,-0.30244878936977404,0.3232967696244351,0.3342295551606755,2.1894508238975603
386.0,38.646774255723116,-24.20284032417301,14.58772760056827,39.334010096617234,-24.430222292629047,12.83814360015677,38.58334388462239,-24.425267542202494,14.809614777892518,-0.1058334970070689,0.06591014568150655,-0.04185725544823615,0.3425604221297682,-0.17958759687354764,-1.4060993487536555,-0.11131766695984274,0.03728336766044233,-0.04822996257733636,-100.8895694285602,-48.16612687228435,-66.21391907776206,-100.59302822384133,-48.78051353278545,-67.28118223939441,-97.23761680325025,-41.635800717460484,-76.96975232549617,1.1646036835430973,-0.29024083238061255,0.896724576773792,2.258133884761183,-1.006972624994631,2.2215227738325343,0.2779153809717272,0.31773194624595696,2.2389077214750768
387.0,38.540979793246116,-24.13695431112691,14.545866958205494,40.14463959405963,-25.109655037861426,13.39408783533567,38.73207528043169,-24.500185735454025,14.548804727658188,-0.10575561923571897,0.06586205189339545,-0.04186379934180007,-0.09147388847940263,1.0334663783401599,1.3174236873426315,-0.08935910688849019,0.027809060431070266,-0.0661802392485252,-99.86120733821862,-47.23180837142446,-66.02968465543059,-99.00720220707238,-46.42009945253854,-66.37050224336848,-96.63061831348054,-40.19200738618789,-76.60984783419111,1.1645287474169295,-0.2902077718937824,0.8964355010210755,1.5038753710059558,0.4378811902299382,-0.8294479775960926,0.24047068405032457,0.3000293152465295,2.296604081625053
388.0,38.43526301725168,-24.07111622038622,14.50400000188467,39.15106231965843,-22.363289535948727,15.472990974842032,38.72175113806341,-24.144466984980813,14.636601420693603,-0.10567814107987772,0.06581431620506883,-0.041869882585400475,-0.7101398494683089,0.7603286991551776,0.8327151244226192,-0.0826853892535418,0.055497776360652576,-0.053178416895636946,-98.84625436817306,-46.30013965270595,-65.82435276998727,-97.1651516329435,-47.3028749052571,-66.83388364927895,-95.96102599549488,-38.924061007229675,-76.28851662600796,1.1644474385019647,-0.2901771274927132,0.8961486766823135,-0.9681336931051497,-0.5689458857450022,0.43893088966926985,0.19460840492437453,0.26972037230266577,2.354010583395008
389.0,38.32962351108636,-24.005325678716773,14.462127193034693,38.724359895123015,-23.58899763955107,15.059518084180908,38.65232683061241,-24.011236278953113,14.657443743551509,-0.10560109652403327,0.06576696876741295,-0.0418755036780869,-0.19787574130204177,-0.6897293750620523,-0.4899006037736111,-0.08156562262846173,0.06206155008642576,-0.04692810073184804,-97.84347724869325,-45.37137977666831,-65.59895076335566,-98.67362419246902,-46.78973804954487,-66.09564911921788,-95.58696728665207,-37.689402363151096,-75.88724761764493,1.164359792462981,-0.2901489067384523,0.8958642849219057,2.4036654182519057,-1.1331129517604648,3.9766018176021523,0.1396417447999635,0.24400484477326964,2.4060922695824574
390.0,38.22406082420361,-23.939582282851394,14.420248994528496,38.755310837054346,-23.742748286072832,14.49318976729481,38.599454006183095,-23.917080639618792,14.592274437530172,-0.10552451936247209,0.06572003948608618,-0.041880661232937655,-0.32480030614563304,-0.40633158620010157,-0.43881238370941666,-0.07914280084951761,0.06477157710663797,-0.048468389313771267,-96.85173582803264,-44.445779260530614,-65.35441211069427,-96.84958665694991,-42.696751049879076,-65.27128400945888,-95.19333658352834,-36.094548361750874,-75.34697717108124,1.1642658477444272,-0.29012311659404866,0.8955825053677838,2.1579586042300516,0.2812014160662987,-0.16325798079712447,0.10248576706063293,0.22153527521635857,2.466323040794234
391.0,38.118574472361416,-23.8738855997446,14.378365870568818,38.07475928283175,-24.401660811951274,14.181893316762075,38.45103915388606,-23.93771936090398,14.487537774898122,-0.10544844318446422,0.06567355800262575,-0.04188535397740445,-0.9636083345782147,-0.06716230976481796,-0.42436262786338297,-0.08499213745845807,0.05755952585762436,-0.05321968603683442,-95.86997387959757,-43.52358123408951,-65.09158568973146,-94.44745467488237,-42.88688328245365,-65.63070355548695,-94.66063463536561,-34.613459784362504,-74.84387668971634,1.164165645553562,-0.29009976342283444,0.8953035159979534,0.7057333185840262,-1.4711956087344162,0.396973777766765,0.06243244480698923,0.1847183386919124,2.52805793752404
392.0,38.01316393783468,-23.808235166846142,14.336478286573687,36.828094167897916,-23.877072905602468,13.644464511568044,38.126934258819034,-23.87967989561741,14.311515840954836,-0.1053729013595408,0.06562755367573203,-0.04188958075362326,-0.4697215676202262,0.3924781126827863,0.5435474963703575,-0.10518283453639975,0.057600051974769056,-0.06358911597761759,-94.89721095497937,-42.60502246482097,-64.81124401412868,-95.06099969359032,-42.3692820756372,-63.6827321390514,-94.30111308096967,-33.1779156316059,-74.14524002526255,1.1640592298423782,-0.29007885298685526,0.8950274930280805,-0.2788624607110231,1.5256897610314237,1.4309081545853135,0.015578947089563089,0.1468779342613182,2.594365442237903
393.0,37.907828669642335,-23.742630492393136,14.294586709061571,37.1353161475913,-23.6167045865857,15.26898830950279,37.88393316564498,-23.790149187181747,14.406675968426061,-0.10529792702283913,0.06558205556273045,-0.041893340518700306,0.8086477700463526,-0.44967428632721784,-0.04225630081549703,-0.11682021741714725,0.06029627871963017,-0.050184319354113674,-93.93253515322142,-41.69033426940196,-64.51409056106596,-93.88428599869636,-41.06151680295356,-65.869906852766,-93.97096456907335,-31.687475570260062,-73.66895377988064,1.1639466472883238,-0.29006039044544824,0.8947546108001887,1.873651150051822,-1.4418222153404294,-0.5432304128902531,-0.03041921153750062,0.10613794209862945,2.6463550951644015
394.0,37.802568083789005,-23.67707105572068,14.252691605536286,38.44538970799062,-24.776421478256903,13.55995190993705,37.87256782391127,-23.892567842791426,14.23264987215958,-0.10522355306058273,0.06553709240119865,-0.04189663234496788,0.6103026237608127,-0.34129644824092686,-0.6077190350645356,-0.10791560073499677,0.046556618895713706,-0.060641527192956575,-92.97509669415442,-40.779743326314026,-64.20076630579797,-93.30409499698655,-41.513325408064595,-63.9095858715254,-93.66365726788347,-30.34458686234719,-72.98880013258889,1.1638279472738273,-0.29004438035396923,0.8944850416725421,0.47998721550940054,-2.412909458968168,1.5663043653384514,-0.0831539826199752,0.05516430230116609,2.7077083093200995
395.0,37.69738156352117,-23.61155630759074,14.210793444371635,38.35592139511292,-24.299297483067555,14.053550239373719,37.856579620252106,-23.916485769016045,14.153591106547069,-0.10514981209565022,0.06549269259083346,-0.04189945542021789,-0.2340423895378656,0.27624734465667267,0.34135181953048654,-0.10015324524177638,0.04060574364145496,-0.06219668002403313,-92.02410219864002,-39.87347240203523,-63.871855560942016,-94.79589355557944,-39.78003265859977,-60.88315103252885,-93.59734520260038,-28.912501330254408,-72.02393157458488,1.1637031818646388,-0.2900308266626688,0.8942189559107794,2.065116532870172,2.218222454255451,1.3766701032603859,-0.13803885891798184,0.009525985930439707,2.777092493702812
396.0,37.592268459597705,-23.546085670539014,14.16889269469585,37.97730492891489,-24.223926788943558,14.242655548998023,37.7907674018963,-23.92999249149686,14.11491170414864,-0.10507673647326143,0.06544888417550787,-0.04190180904790086,-0.9012555754905094,0.19884079653099107,0.1486434704009456,-0.09725348665869343,0.03603648342070291,-0.0602108795448561,-91.07880959146462,-38.9717410015073,-63.52789120537232,-90.87118591201491,-38.5144367490612,-63.82759751874333,-93.27133682824903,-27.40942381166741,-71.3547711314274,1.1635724057869903,-0.29001973271571735,0.8939565215803708,0.9581006918146183,-0.9214794895097607,-0.22233134641174956,-0.18197543219729642,-0.05048842551688974,2.8350255917890226
397.0,37.487228090574646,-23.480658539239723,14.126989826275834,36.5534102441319,-23.901615890005573,14.35083718017561,37.51625663910046,-23.895146925920518,14.100742535620233,-0.1050043582468021,0.06540569482555192,-0.04190369264729199,-0.8550703996414803,0.5584924123139636,-0.085658349422717,-0.11222110278733582,0.03593592223910528,-0.056323114419395574,-90.13852355371971,-38.07476595202184,-63.16935937651618,-90.65149203233531,-38.72451079682398,-62.644521164939555,-93.01558203178863,-26.026612442395216,-70.56171121064955,1.1634356764035911,-0.2900111012503803,0.8936979044404644,0.732521190988046,-0.20723306359627972,0.7815979337682594,-0.23234318490726483,-0.11845246050541576,2.8952705062664057
398.0,37.3822597431041,-23.41527428088791,14.085085309401267,36.26716412963193,-23.10694196431563,14.07133885015259,37.22728079551743,-23.742252200530675,14.048604711338994,-0.10493270916375508,0.06536315182029284,-0.04190510575364126,0.555347698103617,0.35421177412584903,0.3236203677873162,-0.12714628479848666,0.045811931317972385,-0.05596970824312976,-89.2025914610557,-37.18276192835909,-62.79670369030961,-90.07887513190789,-37.94161167221792,-62.386694076264845,-92.81255782883015,-24.646407667963526,-69.73898612045399,1.163293053688468,-0.29000493439634273,0.8934432678391887,1.5170638486919246,0.22365435596851563,-0.02901422990514687,-0.2831518142610749,-0.19125503688898313,2.952770383235504
399.0,37.277362672247136,-23.349932235599137,14.043179614768551,37.66410564033914,-23.193192341753875,14.998077915750242,37.18781775285736,-23.6181979487082,14.148955938222462,-0.10486182065178085,0.06532128203080134,-0.04190604801828801,0.4965145620110718,-0.23913681564917688,0.007771307667350236,-0.11974230602907766,0.0524187180397742,-0.0427699581350717,-88.27039975242307,-36.295941925896656,-62.41032904485373,-88.38707396556202,-37.96762860747961,-62.670799077467244,-92.54976570517272,-23.351067664773975,-68.92439520691497,1.1631446002006578,-0.29000123367518343,0.8931927726104788,1.0472374772850486,0.6630281818276359,4.075516592398356,-0.33373382655546546,-0.27624191762568523,3.007536692526358
400.0,37.17253610180054,-23.284631716826308,14.00127321336469,37.26019325365407,-23.585215595613985,14.08688146548729,37.097944905192854,-23.568801093675773,14.103184616472936,-0.1047917238049223,0.06528011190293093,-0.04190651920874089,-0.10800889768818678,0.004011189594296027,-0.5051485777782272,-0.11722012698788903,0.05216355172743421,-0.04302339347731901,-87.34137068100931,-35.41451768745177,-62.01060505672686,-86.97870755339827,-33.8686489881568,-63.28522935937284,-92.28138954276577,-21.711165928303085,-68.14938351450407,1.1629903810567666,-0.29000000000000004,0.8929465769724902,3.0555676055637138,-1.4432375924521876,-0.816142463653383,-0.36745136724062893,-0.35493307626112575,3.0555446494544602
401.0,37.06777922463729,-23.219372011793276,13.95936657635107,37.448087844962764,-23.185169962565283,13.987780760193788,37.053387910760485,-23.465102719512206,14.048907892261793,-0.10472244936996589,0.0652396674406166,-0.04190651920874089,-0.3942481160290967,-0.016483714308376918,-0.5756224903999332,-0.11108444726575326,0.056515155544729447,-0.04397362546927512,-86.41495940520564,-34.53870008880408,-61.59786917278681,-84.86627587324632,-34.78531512710802,-61.612506988053084,-91.8689120105416,-20.275664718056937,-67.1612603077933,1.1628304639024074,-0.29000123367518343,0.8927048364276646,0.12493971194523697,-1.2376861704808757,0.8568488108451644,-0.4022353379302159,-0.45249517922587984,3.113128013864318
402.0,36.96309120306061,-23.154152381945075,13.917460174947209,36.47169702159588,-23.61818302423074,12.935636484687423,36.86913606816245,-23.441174355255452,13.838685514999959,-0.10465402773297328,0.06519997418945067,-0.04190604801828801,0.3175435222197187,-0.3872531828114951,-0.2986299591682151,-0.11726270697013344,0.05376352473164369,-0.058011681073671065,-85.49065138273126,-33.6686994871444,-61.17242949500525,-85.63483851120391,-34.033831899220274,-60.03146992194525,-91.62336424234115,-18.858537880371202,-66.01722730333292,1.1626649188825302,-0.29000493439634273,0.8924677036645116,0.8087525781780719,1.2082022055432209,-0.3228762670517123,-0.44145693208566833,-0.550507788338428,3.1698801547526703
403.0,36.858471169171345,-23.088972063414374,13.875554480314493,38.0831748894022,-23.959676328188273,13.390520841857358,36.958857066787125,-23.476383637044897,13.720014914563434,-0.1045864889059338,0.065161057220541,-0.041905105753643035,-0.11033194112279077,0.6103999102939266,0.3457743519740397,-0.0997849891706675,0.04625065506041351,-0.06313372423932948,-84.56796003562506,-32.804726036090074,-60.734567351292014,-83.99033606870503,-34.24615968423867,-61.52052719730057,-91.33393318477444,-17.564830144990818,-65.00695352620036,1.1624938186106515,-0.2900111012503803,0.8922353284611666,1.0096756129028637,1.9157505102390986,2.2405124003443873,-0.48064435032557185,-0.6611383222542425,3.2138707601105416
404.0,36.75391822524874,-23.023830267503993,13.833649963439923,36.2510331393503,-22.397383203642885,13.627185188635503,36.7645374061529,-23.26956652010955,13.652264213372895,-0.10451986251361589,0.06512294111467654,-0.04190369264729199,-0.2801619971932361,0.2647533550162713,0.29826108335960644,-0.10776750308574765,0.05980889772808798,-0.06352358207866039,-83.646424657784,-31.946989970385527,-60.2845396412902,-81.92322064758388,-31.78741085263542,-63.46020855213874,-90.97051254503404,-16.124816701594472,-64.15934781572788,1.1623172381370055,-0.29001973271571735,0.8920078575907889,1.1185580567407136,-4.099048530265445,1.1410383824854098,-0.5073071130817945,-0.7735485362401406,3.243060233621151
405.0,36.64943144414411,-22.95872618118502,13.79174709501991,37.52285089501573,-23.43016961815573,13.98704300857657,36.79142358539244,-23.24402611128213,13.650666573877634,-0.10445417778054988,0.06508564994681088,-0.04190180904790086,-0.1453831034722448,0.5026643127369432,-0.3543288683060206,-0.09639733723826102,0.056915264257284624,-0.05829455138840223,-82.72560854017121,-31.095701862954048,-59.822580982667425,-83.38452329666141,-31.17943734843023,-58.52163949923745,-90.76618683703595,-14.720228235645157,-62.79930076935299,1.162135254915624,-0.2900308266626688,0.8917854347288556,1.7063921537968303,0.021094226991569626,0.44212578641582,-0.5389368393632228,-0.8855222885986914,3.290384006997137
406.0,36.54500986968764,-22.89365896761037,13.749846345344121,35.96026693240581,-21.392054578169,12.918527452023461,36.58078976402845,-22.90802501229395,13.487606240106718,-0.10438946351822409,0.0650492072708424,-0.04189945542021878,-0.4326619403745724,0.5225928340824311,0.005282271909474723,-0.10604347351848177,0.08048129061301984,-0.06714098098661596,-81.80509729180778,-30.251072856573312,-59.348905680419946,-81.69999966013906,-30.73832991980142,-58.479112535810366,-90.4725047621577,-13.37437061026048,-61.430934750672506,1.1619479487703628,-0.29004438035396923,0.8915682003624137,0.2558666845842397,-0.07239677137200788,-0.10455407712223443,-0.564934660041199,-1.0077809238441349,3.332184222205787
407.0,36.440652517107665,-22.828627766643336,13.707948184179472,36.657527014266584,-22.38498394999087,13.99760755239552,36.503164068686274,-22.758736873982972,13.510196283975349,-0.10432574811246909,0.06501363610474797,-0.04189663234496699,0.12319503992124936,-0.7312258035226371,0.389096829508051,-0.10364387444846808,0.0862913453865584,-0.05956408730906728,-80.88449733726124,-29.413314872104127,-58.86370953908243,-81.47770270579738,-30.852349196501784,-58.41354303063703,-90.23866850503411,-12.151105376744743,-60.06047021520251,1.1617554018598875,-0.29006039044544824,0.891356291701345,2.015974710702059,0.579631912743415,2.298716230771979,-0.5932142579437456,-1.1376241993622789,3.3648665945381606
408.0,36.3363583734627,-22.763631695400875,13.666053080654187,36.20665701224831,-22.854506185214273,13.696721111039563,36.36953484889334,-22.700751354550402,13.488892796780874,-0.10426305951096637,0.06497895891603633,-0.04189334051869942,-0.26415100866039865,0.18051474146801993,0.5869600259302494,-0.1061758389939096,0.08390119956960657,-0.056333359703145784,-79.96343457360736,-28.582640794902836,-58.36717153544201,-79.35386158467344,-28.489330273192948,-58.63082022714139,-89.87223084510326,-10.791491722620531,-58.69995685894994,1.1615576986416367,-0.29007885298685526,0.8911498425917018,0.31781239758383734,-1.492561856115983,-0.9773945822299195,-0.6059125480534184,-1.2687688861279065,3.3905004561276195
409.0,36.23212639808573,-22.698669848811264,13.624161503142073,36.12922499694579,-22.02395446705483,15.171527604256019,36.242504564487064,-22.52466987581961,13.7029249910315,-0.10420142521099862,0.0649451976075639,-0.041889580753624145,-0.23447286935654432,-0.3690486003384148,-0.08812231286925165,-0.10793678974476309,0.09168490844285035,-0.0335036744333749,-79.04155317181116,-27.759264640784398,-57.85945536734672,-79.75459024711658,-29.72120989453489,-57.153699381014995,-89.59468468480242,-9.67815757487854,-57.18056777391452,1.1613549258347762,-0.29009976342283444,0.8909489834311667,1.3076224435083204,0.047323337667800364,2.173785050806932,-0.6260810002170701,-1.4108451037867755,3.414044579347269
410.0,36.127955523040704,-22.633741300185747,13.582273919146939,35.73771127353522,-23.592603385891103,13.52047648530106,36.07286662930782,-22.61327629301118,13.646264163648326,-0.10414087224740243,0.06491237350369516,-0.04188535397740534,0.8502080965015821,-0.5537314161639291,-0.2418775226289549,-0.11314683854888892,0.07646109697385202,-0.03545906596109255,-78.11851450919032,-26.943401702673285,-57.34071089243355,-78.64398392683675,-27.57710181326319,-56.742519932326225,-89.26740145393438,-8.450532353461492,-55.62716203978388,1.161147172382161,-0.29012311659404866,0.8907538410866904,0.835267231097572,0.884419727169613,1.127141243316784,-0.6347324993052864,-1.5509429916972093,3.4309137546333655
411.0,36.02384465359093,-22.568845101803873,13.540390795187262,37.82964118994895,-23.131417299382687,14.687772558998109,36.250445259162625,-22.62926077962377,13.778246290552755,-0.10408142718072,0.0648805073368397,-0.041880661232937655,0.6782359824987765,0.3505556655917186,0.18816213340484822,-0.08859796075546297,0.06865498577738031,-0.0213203205535749,-77.19399622112104,-26.135268678875725,-56.811075469048326,-77.4874387254062,-26.29142763583377,-57.45164508574776,-88.89449784696825,-7.228443044341675,-54.14980462312785,1.1609345294113211,-0.2901489067384523,0.8905645388143605,1.3392368016644463,-1.1108958924314263,1.3728471008030474,-0.6353062946541664,-1.69343216628067,3.4344179469465352
412.0,35.919792668679264,-22.503980285512068,13.498512596681064,37.09418323853277,-22.891492054707665,13.896800752110757,36.30680194891816,-22.61205023595979,13.778672959773653,-0.10402311608552495,0.06484961923435328,-0.04187550367808601,-0.4369825661695472,0.21344100867813864,-0.6868195116193361,-0.07635798047261437,0.06431101368051802,-0.01948400329771241,-76.26769136144995,-25.335083783727995,-56.27067521025863,-76.81766678654563,-25.19991613135137,-55.91034011377326,-88.47576351684162,-6.02591053267597,-52.51256984174664,1.1607170901944919,-0.2901771274927132,0.8903811961815494,1.4251678959197775,-0.7507040175140317,0.5667342361343628,-0.6296618452463157,-1.83737330920508,3.4371356698702553
413.0,35.81579842141988,-22.439145863335167,13.45663978783109,36.95567605760986,-22.70453528202641,13.314133535759437,36.343199209877085,-22.572117042616313,13.6899940984945,-0.103965964538979,0.0648197287058192,-0.041869882585400475,-0.8947495693477592,-0.09658924243888478,-0.46826110107334973,-0.0668369204235248,0.06225254891783308,-0.025326821685268047,-75.33930766221442,-24.543066841217527,-55.71962616064625,-75.79538292448694,-24.82700323972,-54.95746264491151,-87.9873579439712,-4.925566981862392,-50.77388828839191,1.1604949501077004,-0.2902077718937824,0.8902039289913937,-0.35526658846873777,-0.1966684395266201,0.31540435895835794,-0.6181271509910301,-1.9868636870076197,3.4356535633703005
414.0,35.711860739601306,-22.37434082810043,13.414772831510263,35.30468409983725,-23.084670539585435,12.960278549964057,36.125290914509016,-22.599232291192077,13.555152650879473,-0.10390999760964448,0.06479085463073986,-0.04186379934180007,-1.1022279090714235,0.2094147778670905,-0.24010130417649833,-0.07959339732237229,0.05470632618274189,-0.03457424394690926,-74.40856688426211,-23.759439362034225,-55.15803540448714,-76.273432554585,-24.56838556541266,-54.663608423019916,-87.59433541996154,-3.9385726830959085,-49.03455815849806,1.1602682065889303,-0.29024083238061255,0.8900328492096502,1.8522470548217123,1.3040968206545214,2.150231511796527,-0.6080486764136448,-2.1380709979536587,3.4221043069709505
415.0,35.60797842620059,-22.309564154073687,13.37291218914749,34.75122023946701,-22.28570572629223,12.83393092740644,35.84443905088641,-22.504285966062866,13.413822096105852,-0.10385523984647094,0.06476301524659789,-0.041857255448234376,0.18155814916231705,-0.12463560518216887,0.30119796659992826,-0.09658767553688499,0.05810419435703188,-0.04358875389869242,-73.47520425122286,-22.984424604386096,-54.586002112964394,-74.11360323408351,-22.156350373890298,-55.438332193960804,-87.02736280384572,-2.8663516728168386,-47.3844704789654,1.1600369590953827,-0.2902763007960233,0.8898680648939757,1.7505755376439571,-0.9558433612185859,-0.40118429644815334,-0.5801222501220239,-2.285495608817788,3.3955957700501354
416.0,35.504150259908364,-22.244814797607233,13.331058320613794,35.66780039816189,-23.333941749949773,13.562674483163914,35.73540547369337,-22.58420598791985,13.40015307084871,-0.10380171526801973,0.06473622813734359,-0.04185025251931318,0.6163125146618924,-0.6450004606533959,0.3585601777978624,-0.09763860829645164,0.046449420404904775,-0.041062330031988094,-72.53896796003404,-22.218247618805126,-54.00361853719842,-72.69469954980846,-22.81381750384314,-54.57099033553769,-86.34762991145732,-2.030421277110889,-45.61324172104516,1.1598013090598516,-0.2903141683887137,0.8897096801256761,2.634084020764369,0.4960672928101361,2.017574839645111,-0.5464972835565782,-2.4428046361401052,3.3654716647444025
417.0,35.40037499566455,-22.180091697799,13.289211684108864,35.983845268790795,-23.57570664759902,13.551051283002165,35.69157330131164,-22.699131544742762,13.388935748508523,-0.10374944735194092,0.06471051022229446,-0.04184279228290233,0.2441096308869497,0.185899629851642,0.42774946183523355,-0.0930951892866792,0.03282290664732235,-0.03854221560722593,-71.59961876186745,-21.46113527707495,-53.41097095310351,-70.12942142597613,-20.743542483840056,-54.38479341056085,-85.43934787838751,-1.1609666491335464,-43.81303568482943,1.1595613598462302,-0.2903544258154221,0.8895577949439656,0.7332061622528055,-0.9569407658615374,-0.09321579389146278,-0.4942639729397314,-2.5961008984531766,3.328390301629753
418.0,35.29665136520448,-22.115393777162645,13.24737273604799,36.15601965993579,-22.96214249024649,14.41817340683438,35.68516171687654,-22.71230331748332,13.516406288376313,-0.10369845902466324,0.06468587774543089,-0.04183487657970364,-0.2487769423096715,0.5157392031299981,-0.19227385320655177,-0.08577561995593137,0.02893911287569092,-0.02452408754750243,-70.65692960786501,-20.71331628532825,-52.80814056338008,-69.72810856376456,-21.159514576862414,-53.456598819431974,-84.53189037192513,-0.5065670217128777,-41.91177544153354,1.1593172167041745,-0.2903970631432306,0.8894125052827805,0.7766598410077343,-0.4967729915004245,1.4904964756322627,-0.44112158302469884,-2.753233058097047,3.2843851651808706
419.0,35.19297807761522,-22.050719942308138,13.205541930949456,35.48629138417145,-22.544228241339024,13.166503576589061,35.58180273039396,-22.66173208247106,13.441294056866381,-0.10364877265135775,0.06466234626515543,-0.04182650736279836,-0.33791850063440876,0.5146385898014216,-0.4386622453997653,-0.0872603605891817,0.03076573070060654,-0.028795753771823203,-69.71068535457074,-19.975021181291577,-52.19520436131629,-69.32130581635857,-19.93692869155898,-52.402809021813624,-83.60871815042842,0.10863303646731895,-39.93560519488025,1.1590689867229356,-0.29044206985201676,0.8892739029101847,1.5789908325344855,-0.8790624478949791,-0.0802412476091932,-0.38263615172024973,-2.9039938970765653,3.2332251995868835
420.0,35.08935381990177,-21.986069084632334,13.163719721322392,35.48018265866697,-21.932865310643646,13.54084891603485,35.492309798024756,-22.522429301890917,13.432453576125356,-0.10360041002611453,0.06463993064445894,-0.041817686697167566,-0.5724928208820081,0.37067036857252944,-0.5170985834337127,-0.08744887909804716,0.0399306063758669,-0.027110729196379888,-68.7606825243562,-19.246482315593802,-51.57223596049219,-68.03180537628602,-20.331327461355755,-51.56173016284333,-82.60211931548145,0.5040096456448084,-37.87790752921324,1.158816778784387,-0.29048943483704853,0.8891420753704077,1.3099996131850995,0.6588795864766264,2.8703401351940294,-0.3174178595203773,-3.058382723100843,3.1760846922804653
421.0,34.985777257562994,-21.92144008101922,13.121906557555121,34.341305742407435,-21.802887504193965,12.132306409721636,35.239504997014336,-22.37683634948553,13.20741788887331,-0.10355339236237526,0.06461864504152359,-0.041808416759176126,-0.33789693321702075,-0.2783509164654969,-0.4878084940218237,-0.10141154408826904,0.04885274186777187,-0.0438235257540953,-67.80672911648338,-18.527933817004538,-50.9393063939467,-66.88969934075084,-17.427715107039145,-51.042144806232216,-81.49950210868528,1.0147189146915785,-35.83980120311355,1.1585607035152663,-0.29053914641172457,0.8890171059285489,1.7625606519716166,-1.7691238263136777,0.09589030453773592,-0.2397063236653138,-3.196065998842028,3.109274566002626
422.0,34.882247035177016,-21.856831794549286,13.08010288780404,34.80438879223293,-22.48956714357464,12.565231927991203,35.086210820944565,-22.353105759381858,13.07056414307728,-0.10350774028363574,0.06459850290079139,-0.04179869983604423,0.6513606286177982,0.3872807566961587,0.6661997163982107,-0.10579251696659482,0.04673142571012301,-0.05167900369156214,-66.84864446474111,-17.819611541427793,-50.29648488587638,-65.65748096089973,-18.051797348204826,-49.30125787050114,-80.30695951979976,1.2701446814748385,-33.646598188350424,1.1583008732386502,-0.29059119231045777,0.8888990735179864,-1.3551426966509943,1.3434298537004072,1.4804749735688705,-0.1569221615895868,-3.336724593419467,3.0413906882246002
423.0,34.77876177699572,-21.792243075217637,13.038309157883033,35.64402699964303,-21.028325990801648,13.464705842518057,35.08359266679748,-22.107670151087152,13.08819897942111,-0.10346347381440779,0.06457951694446962,-0.041788538325275404,-0.4468438199777651,0.2702042340639661,0.6402311365738571,-0.09708046694160823,0.06351002003863254,-0.045826138451496044,-65.88625913783115,-17.12175300444502,-49.64383959847769,-66.81796714380337,-16.15552619761966,-49.96349665154253,-79.28761686732126,1.5519530871105125,-31.657174799783817,1.1580374019246849,-0.29064555969170136,0.8887880526905205,2.7528165143217347,-0.6238140318625013,1.6267649496564538,-0.07557535201947908,-3.4613668345526443,2.9512346156594926
424.0,34.6753200875482,-21.727672760660347,12.99652581115349,33.9107011522774,-21.949158675446707,13.845694201138917,34.819250800068374,-22.02938980824734,13.167268988377241,-0.10342061237143696,0.06456169916450172,-0.04177793473407121,-0.48645230392112637,0.49436849595010024,-0.1173150332635533,-0.11120403060971822,0.06475722707352541,-0.035279899498250646,-64.9194148788769,-16.434597297180055,-48.981438356118446,-64.40978071983828,-14.931522472587375,-48.67675306930315,-78.03669268886456,1.7392964157331992,-29.591122549801955,1.1577704051405968,-0.29070223514111754,0.8886841135692856,1.0764168849800613,-1.4441017448938094,-0.21039920311506993,0.020357284831085138,-3.578620293764558,2.8607990407686947
425.0,34.57192055225285,-21.663119676888634,12.95475328841489,34.67112239180078,-20.039588998901447,13.23007577599095,34.70230596292275,-21.665337007896735,13.147239087123378,-0.10337917475516534,0.0645450608149769,-0.041766891678710394,0.3461474836517482,0.06709725573728065,-0.4196117699976254,-0.11168878469356053,0.09002976508966531,-0.03399218863718635,-63.947964580583175,-15.758384985245598,-48.30934934862394,-63.66426690371144,-15.752922954360955,-47.42595631839721,-76.76963904538664,1.6495949009093236,-27.46784487968451,1.1575,-0.2907612046748872,0.8885873218044581,1.5931424267795424,1.0935595332300276,-0.9080155376626183,0.11843844114774453,-3.6969211901027856,2.7654629595707605
426.0,34.46856173803787,-21.598582639030393,12.912992027796069,34.602996119580894,-21.814964163972146,13.006470661143666,34.59254179042111,-21.61256783070776,13.09664589502731,-0.10333917914149637,0.06452961240503008,-0.04175541188389964,-0.20630454164865242,-0.49939768974755694,0.15542915520617484,-0.11152627031269582,0.08688347858127059,-0.03539397846797758,-62.971772292695604,-15.093357990528052,-47.62764181508613,-61.6754080069098,-16.057516672818284,-48.86955629975138,-75.4187437670755,1.3121930543638365,-25.566349270558163,1.1572263051115257,-0.29082245374316024,0.8884977385317914,-0.0924279599969394,-0.881581940694526,2.3704016356136424,0.2288900363092262,-3.8130546407805097,2.653001367068039
427.0,34.365242193969856,-21.534060452078574,12.871242464647091,34.258513308503474,-21.03838437839656,13.5409340864033,34.446422055528714,-21.449921534942245,13.135830357970397,-0.10330064307383324,0.0645153636922089,-0.04174349818210743,-0.44561414502312857,-0.29322540758213655,-0.7311546954420596,-0.11444734475134478,0.09328089587860591,-0.02909656993931656,-61.99071325849597,-14.439759455573448,-46.93638670924667,-62.28258541292659,-14.378978052210803,-46.90902556044672,-74.1459965642017,1.0010202543434252,-23.605599552455388,1.1569494405267977,-0.29088596723364557,0.8884154203340007,3.219467995501461,-0.1836020183940481,0.3448944411122892,0.33612691180881227,-3.9108376287485584,2.5372502338459673
428.0,34.261960451890204,-21.469551911645976,12.829505031431854,33.71176782953464,-22.40141497913642,11.544161270259547,34.235548232030936,-21.51907661606534,12.863793294735133,-0.10326358345536235,0.06450232367630804,-0.041731153512862385,0.12789782369721792,-0.5695140253255548,-1.1300886719243364,-0.12258960299859768,0.07956479122989517,-0.04961048127203628,-61.00467397713015,-13.79783359035283,-46.23565734716565,-59.14675377373552,-14.168000734606967,-46.56975057649163,-72.63455378183009,0.4809827755187936,-21.692315317493392,1.1566695276877739,-0.29095172947533987,0.8883404192050238,-2.043897924397338,-0.9166569002732304,0.9729713989643448,0.45969156710378034,-4.002820591754121,2.4194176444394913
429.0,34.15871502705913,-21.405055804725958,12.787780157621366,34.51430895589791,-22.17741242904767,11.280756742554628,34.17535845066255,-21.554236699842434,12.575773855246773,-0.10322801654165659,0.06449050059368311,-0.041718380922024956,0.3078708062219633,1.4029718654403815,0.5988286806251661,-0.11732055793026368,0.06987741519133672,-0.06974174948271682,-60.01355228859941,-13.167825501210872,-45.52553003756441,-61.50875350522144,-13.776396586681816,-45.25273810167593,-71.42324355913469,-0.095891802733599,-19.83123894839504,1.156386689373476,-0.29101972424239386,0.8882727825171816,3.5332642090177213,-0.6157634963212661,1.4752242713830468,0.5689997367656996,-4.081104135699614,2.2894764839090813
430.0,34.05550441880689,-21.34057091045861,12.746068269587804,34.32750944197856,-19.595471248255656,12.74181863150988,34.09993390098698,-21.190684984019494,12.542690945098387,-0.10319395793354857,0.06447990191203878,-0.04170518356104225,0.012480848705138214,0.4792984895645436,0.6771951453554275,-0.11378285622038567,0.09467529257325331,-0.0666462746630918,-59.01725747826062,-12.549981001836068,-44.806084694922816,-58.27591664388836,-12.809196659846696,-43.94522331116262,-69.9370467326926,-0.7888955336433968,-17.95793753995781,1.156101049646137,-0.29108993475811634,0.8882125529912557,0.47827113747439653,1.184815520108122,1.3587763141024907,0.6937498353244373,-4.147623398199162,2.1649399478061304
431.0,33.952327111192034,-21.27609600090188,12.704369790499282,34.539270653308186,-21.218815449918583,12.635147033265483,34.072147149921705,-21.11510287989256,12.500781062552086,-0.10316142257026684,0.06447053432573391,-0.04169156468616553,0.08251283488961647,-0.9096753872417711,0.054020564277962535,-0.10652133940950972,0.09306306247717955,-0.06455753207559299,-58.01571039767591,-11.944546406135643,-44.07740543511785,-57.73745422510249,-11.029066915863083,-44.23643607554616,-68.45809441089487,-1.4561117934492003,-16.30926535863811,1.1558127337967814,-0.2911623436991131,0.8881597686695055,1.7478778203688217,-1.4087940473556722,0.4151529473020321,0.8218633743183578,-4.193569167010717,2.0289621165182457
432.0,33.84918157366636,-21.21162984180714,12.662685140215473,34.492535111757796,-21.414822022739198,12.849859760065804,34.047546876005775,-21.08310751292005,12.500533499145861,-0.10313042472289169,0.06446240375153778,-0.04167752765764732,-0.284007963612364,-0.19800953051517745,0.34014867329703513,-0.0996039192173558,0.08790650222705171,-0.05912719406485096,-57.00884359863432,-11.351768302952502,-43.339581153110736,-56.26919224012677,-11.44809901816368,-42.801326014047405,-66.91527598781131,-2.3367230166821376,-14.667930927688206,1.1555218682902701,-0.2912369331995614,0.8881144628916401,0.5820252297298,1.5941364664395294,1.5802784579682543,0.9524161728171675,-4.233759538894255,1.8944256631251082
433.0,33.74606626174625,-21.147171193398805,12.621014735183987,33.97125472608346,-21.61483451094894,13.315444379859553,33.95156734712405,-21.09153834320257,12.577297112471483,-0.10310097798810958,0.06445551532489446,-0.041663075938915384,-0.48601366187722306,-0.0984592000315736,0.052528059385560155,-0.09929787545753765,0.07977177149393917,-0.047652565294981825,-55.99660147713704,-10.77189331262641,-42.59270608192489,-55.6075599199283,-9.246087612442109,-43.24404745102767,-65.3545918884668,-3.13408914536063,-13.287794837708349,1.155228580709827,-0.29131368485561815,0.8880766642737599,1.8430318878036114,-2.2532565734161016,-0.295383309467641,1.0859857089313758,-4.249753978236608,1.750249241447796
434.0,33.64297961769014,-21.082718811157353,12.579358988337642,33.52050778800335,-21.611740422802345,12.954915878836925,33.80068892345569,-21.105047326164268,12.595763479848856,-0.1030730952822303,0.06444987339668273,-0.04164821309571565,-0.530131121077698,0.30814493725094394,-0.3920546842589694,-0.10365334036227429,0.0718951384139976,-0.04206947824410287,-54.978940424100415,-10.205167825474293,-41.836880331906855,-54.05958198438274,-10.785377104340482,-41.546425472040745,-63.75044078292974,-4.2421439551549,-11.89122551736997,1.1549329997010787,-0.2913925797299606,0.8880463966902818,1.2612384376924386,0.6887376248332703,-0.19393963427569916,1.2193784352684574,-4.266571699425029,1.6099289855473393
435.0,33.53992007118179,-21.01827144660544,12.537718308992556,32.91099248392806,-20.99854463644705,12.531335011341614,33.57482576813043,-21.02777158909661,12.550217744303188,-0.10304678883552398,0.0644454815304627,-0.04163294279523111,0.33825257404892284,0.4951006688609425,-0.23817082360567277,-0.1139727452261015,0.07234947652042309,-0.04236301364072004,-53.95582897948805,-9.65183772234993,-41.07221040902827,-52.672541367003205,-10.530038865039952,-42.22655518921113,-62.10948311064588,-5.451937598358685,-10.757360456365046,1.154635254915624,-0.29147359835645914,0.8880236792588606,-0.10227614739878874,-0.09763120319193426,1.4394645508463222,1.3576100674863916,-4.270146055860127,1.4618214767379674
436.0,33.43688604001909,-20.953827848096427,12.49609310274718,34.197012936101196,-20.62153908508046,12.47857423162558,33.575307264498065,-20.90351174906958,12.503302353861345,-0.10302207018687426,0.06444234250023584,-0.041617268805179464,0.49765992816008975,0.5411515795771003,0.15680798724344314,-0.1043082214908702,0.07673279105056434,-0.04274741663910192,-52.927247986539335,-9.112148077534647,-40.29880971076989,-52.94174180978289,-9.442346041603741,-41.264057355455485,-60.55229948785519,-6.6146247554328905,-9.743433195609375,1.154335476954167,-0.2915567207449799,0.8880085263283128,1.4032006069779916,-0.49421132507431426,1.9082988603694455,1.4880368222002534,-4.254691836602115,1.3112367849926645
437.0,33.33387593080804,-20.889386761604968,12.454483771382197,33.90631234024824,-19.91624147729285,12.8449509858285,33.53867924726475,-20.685213416441762,12.52031879752781,-0.10299895017869787,0.06444045828867573,-0.04160119499288495,-0.4794389812745692,-0.5608466045418634,-0.40563154150846525,-0.0985933005640052,0.08868659475074282,-0.03770095231947952,-51.89319074272041,-8.586342844313508,-39.51679899793073,-51.78046145528099,-8.232970988443011,-39.688701560428946,-58.92488292099603,-7.750356481875226,-8.78674555633969,1.154033797309229,-0.29164192638631736,0.8880009474695542,0.2621920094581124,-1.6112142264939855,1.835974012912415,1.61566499509106,-4.222162939728684,1.1671944461862507
438.0,33.230888139661694,-20.824946931519076,12.41289071276141,33.23813497355206,-21.743232294164187,11.667311148608649,33.408687679752916,-20.774810510914666,12.35585828121581,-0.10297743895219114,0.06443983008589527,-0.04158472532431734,-0.4960242901964236,-0.6354620828259119,-0.302258288592375,-0.10124457230314789,0.07363230823314361,-0.04840453829248197,-50.85366314398774,-8.074664523701943,-38.726306840527755,-51.85617832134144,-7.78571166941409,-37.263627877924634,-57.36912972609472,-8.884536943350449,-7.810360520348675,1.1537303483074728,-0.2917291942572544,0.8880009474695542,2.0036085754198605,-0.05522750976617457,-0.49119724287252564,1.7310550426887357,-4.177253275195365,1.0290459662574623
439.0,33.12792105290366,-20.760507101433177,12.371314320733562,32.914263759855395,-21.187165642944674,12.24043440864375,33.246313666369765,-20.776736954118892,12.297033932037706,-0.10295754594288908,0.0644404582886775,-0.04156786386312472,-0.08675348917408243,0.7089756036360892,0.30654734589257426,-0.10640634635374394,0.06725212226098037,-0.04928438781329004,-49.808683818928266,-7.57735381690564,-37.9274700357963,-49.81500977698693,-8.20141345941246,-37.53363169783372,-55.701944083580436,-10.150175056614748,-7.079546742601483,1.1534252630516597,-0.29181850282574984,0.8880085263283128,1.0317035660157232,-0.22033199096595646,1.3036016707278286,1.8517365026913033,-4.124822024790835,0.8898444021488355
440.0,33.024973047775916,-20.69606601494172,12.32975498503516,33.06462799520389,-20.32528108689201,12.280405840393797,33.12820328958105,-20.64975086990312,12.252826772071685,-0.10293927987652296,0.06444234250023406,-0.0415506147696183,0.17416494198678123,0.3003376584395241,-0.6675239569485676,-0.10739463545829404,0.07229606196188439,-0.048855666357834567,-48.758284249326444,-7.094649262222945,-37.12043399617204,-48.92206538549117,-7.355558972402604,-36.508111576330165,-54.0053130313612,-11.36678775490254,-6.475623996239996,1.1531186753622662,-0.2919098300562506,0.8880236792588606,-0.5902288659075884,0.08419324105824685,0.8234090724821362,1.9674154502270957,-4.0572327824166,0.754769242771389
441.0,32.92204249315061,-20.63162241643271,12.288213091194326,33.26259364382896,-20.586490326065626,10.905386494746615,33.05840010284128,-20.5788596024102,12.00207405300949,-0.10292264876519752,0.06444548153046625,-0.04153298229975366,-0.4515175103157496,-0.17137762699695536,-0.4402515699734595,-0.10422041104054405,0.07217744102394974,-0.06590386685057557,-47.702508873711466,-6.626786857229734,-36.30535310503155,-49.57061042815144,-6.676844457116513,-36.03079225437719,-52.43221795857695,-12.492012789702189,-6.05192466305903,1.1528107197187858,-0.2920031534151291,0.8880463966902818,2.7631629173250434,-0.23358428418294594,0.5488412937177406,2.0717155210651765,-3.973699603264675,0.6163094820042999
442.0,32.81912775024552,-20.56717505188079,12.246689020435653,32.16159297457239,-20.66803634088592,11.399902700446878,32.83095250978305,-20.531768654023992,11.852794159743667,-0.10290765990386674,0.06444987339668629,-0.041514970804079177,-0.06320817974436821,0.5776466195334393,1.0764649755138365,-0.11462572244580388,0.0700591359252907,-0.0729441440392505,-46.64141517046056,-6.173999667224212,-35.48239103789513,-46.86940438844412,-6.423222088246589,-35.4874348030854,-50.64657427213622,-13.66064747930102,-5.798903992023207,1.1525015312007414,-0.2920984498762431,0.8880766642737599,-0.42420093432763084,-0.1612181805002411,1.3589751840727602,2.180352657440465,-3.882033207918521,0.4870151375913871
443.0,32.71622717334288,-20.502722669639336,12.205183149586167,33.13617728434022,-19.431197086998747,13.058316445774288,32.78160291736795,-20.301490907114765,11.978619200270924,-0.10289431986713637,0.06445551532489802,-0.04149658472666218,0.151168063143853,0.6366403077249458,0.4339301852884647,-0.10911380170576658,0.08358800604070686,-0.0561600609390851,-45.57507371707955,-5.736517421049149,-34.65172104675387,-47.402846631802525,-5.53677864882404,-34.43911951759643,-48.96914664578019,-14.69282988982875,-5.657783975994005,1.152191245428436,-0.29219569592661676,0.8881144628916401,2.7480056353571967,0.8587497456110027,0.6319757837780987,2.27498020673881,-3.7750579177813663,0.35950243988133235
444.0,32.61333911051125,-20.438264021230992,12.163695850982329,32.4639291008601,-19.394755725436028,12.267763071023808,32.64006330994656,-20.08992434095586,11.976145164491115,-0.10288263450638624,0.06446240375153955,-0.04147782860399207,-0.43083777989637184,-0.6859913198080836,-0.573908866968897,-0.11185183888646795,0.0943945241272397,-0.051626809421471846,-44.50356822235362,-5.314566095552503,-33.81352620517453,-44.63905709622159,-4.485800919980782,-34.61889701005573,-47.046730994913055,-15.661671989464109,-5.768506303702318,1.1518799985034645,-0.29229486757224216,0.8881597686695055,1.8349994083855643,-1.8685025507679773,1.3718833998943847,2.3754015352783404,-3.6560860525800676,0.24070887030819613
445.0,32.51046190433011,-20.373797862136257,12.122227492378183,32.27450172454748,-20.803179726614914,11.910498711836494,32.488766024355535,-20.12109894418902,11.922338655245053,-0.10287260894720518,0.06447053432573391,-0.04145870706386123,-0.16402949061106042,-0.39763793574032746,-0.03729142371714822,-0.11518261501686425,0.08379145870224192,-0.051810863418921715,-43.4269955281612,-4.9083674900901375,-32.96799961186366,-42.99096704846208,-4.884309964825211,-32.3277963654363,-45.053392908402685,-16.664508974108504,-5.85425069072426,1.1515679269490147,-0.29239594034399974,0.8882125529912557,-0.7693302137578714,-0.3426357029853199,-0.5257760041988913,2.466356540413554,-3.536172082243184,0.13548850843992333
446.0,32.40759389261684,-20.309322952579524,12.080778436854606,32.13587011963798,-20.190031596916683,12.193180223589511,32.33662500695665,-20.061052220881127,11.920692081831385,-0.10286424758713864,0.06447990191203701,-0.0414392248242228,0.016181949357871872,0.4320991935625873,0.48115136162184147,-0.11830338496006257,0.081786451674018,-0.04757498745079712,-42.345465577875174,-4.518138792617575,-32.11534455043781,-43.746961151303736,-5.494430772170778,-32.475324585359374,-43.230945984394005,-17.633625331358996,-6.138603905973251,1.1512551676499847,-0.29249888930369544,0.8882727825171816,2.6373576562396437,0.9310992242596973,1.7257513069395451,2.5441765658264295,-3.4089306436206765,0.023897571684492566
447.0,32.30473340915583,-20.244838058312183,12.039349042729738,32.30686562326322,-19.93898133948974,12.872801435080177,32.23208797402279,-19.973002559585556,12.028542717260574,-0.10285755409375241,0.06449050059367956,-0.04141938669202894,0.3653482798001413,-0.5148694661952078,-0.9914926772751658,-0.11714095328385571,0.08231531750898731,-0.03445083756809825,-41.259101348439906,-4.144092139056872,-31.255774603250842,-41.16087040153879,-3.6427135418571623,-31.82854905709973,-41.18139984185001,-18.40288238792191,-6.5739449610281575,1.1509418577929396,-0.29260368905021394,0.8883404192050238,0.5984350507911855,-0.8777644199616103,0.23315874013667387,2.6229976404151203,-3.2681740601714404,-0.0721203824554635
448.0,32.20187878442933,-20.180341951392165,11.997939663470548,32.86656667923826,-21.219770529307098,10.21019486903918,32.23180486159433,-20.097326067320772,11.7167410272819,-0.10285253140303041,0.06450232367631159,-0.04139919756204247,0.2230933304770204,-0.5668335801803082,-0.5367932843997014,-0.1072734694678894,0.06486672142915204,-0.05787036190187773,-40.16803874341152,-3.7864341677597455,-30.38951371727361,-40.61358630627386,-4.153688698819184,-31.07598566005827,-39.178644073748565,-19.147596592029302,-7.103282688682249,1.150628134805938,-0.29271031372578593,0.8884154203340007,2.2192742948113806,1.1299683501694613,-0.11623545486644508,2.6909490858596503,-3.125085886550251,-0.16467158009055138
449.0,32.09902834634977,-20.11583341095956,11.956550647605653,32.75305228421726,-21.072648499850356,11.799214866280774,32.22225048921456,-20.194182442458185,11.680690637899875,-0.10284918171809387,0.06451536369221245,-0.04137866241562804,-0.844732688243333,-0.0464635005033287,1.0420056896717318,-0.09902206244231271,0.05121081245156552,-0.056027881978164905,-39.07242644448311,-3.4453655710146074,-29.516796220205524,-38.34120910017559,-3.3554299154579463,-31.885790245010458,-36.999085038798505,-19.76539026602198,-7.901951569523769,1.1503141362982503,-0.29281873702236816,0.8884977385317914,0.6379447665934962,-1.6916937047311884,1.1262027822537304,2.762132824826851,-2.9735943140420478,-0.2512406171336535
450.0,31.996180420993145,-20.05131122400774,11.915182338639292,31.177101302751595,-21.312697530313756,12.294206248382643,31.976129596083695,-20.32483441333967,11.72875982949211,-0.10284750650822438,0.06452961240503008,-0.04135778631952558,-0.1641551693360448,0.3411585165960762,-0.8695546979078053,-0.11144309744126467,0.03585430699048921,-0.047237918196303935,-37.97242571928673,-3.1210806456645135,-28.637866785222506,-37.82712853234076,-3.9923659915492133,-29.95192730302582,-34.904093429873086,-20.35231713639251,-8.636524306711461,1.15,-0.2929289321881346,0.8885873218044581,0.24445503449490652,-1.3902118594114234,3.102840789209285,2.8169644720680553,-2.823767938885412,-0.32846487864430024
451.0,31.89333333333332,-19.9867741861495,11.873835074966602,32.42474194554517,-20.390331466658203,10.060105470465164,31.951760951185392,-20.3047376786792,11.429432676720424,-0.10284750650822261,0.0645450608149769,-0.041336574424599704,0.11550649572418337,0.8323696158588749,-0.7484675783672206,-0.10409052490558837,0.034523736540040616,-0.0685243498481609,-36.86821018356918,-2.813766845009077,-27.752980343029538,-37.78995493614173,-3.18837986351194,-26.64178209888227,-32.95540067050888,-20.750195282191548,-9.151408584752145,1.1496858637017495,-0.2930408720340769,0.8886841135692856,2.478747399471955,0.2028079604406507,0.3037747903749504,2.849706535197287,-2.669910474504287,-0.38792207632868153
452.0,31.7904854079767,-19.922221102377787,11.832509189790093,31.40811429419996,-19.647958298596006,10.797271091648202,31.779330568548897,-20.173468932688873,11.273276996864885,-0.1028491817180921,0.06456169916450527,-0.04131503196456876,-0.30437751590131334,0.26098189220830825,1.0683017951465308,-0.10986114701540174,0.042692891541008735,-0.07592394515378897,-35.75996551617863,-2.5236043342563965,-26.862401940187958,-35.31769259598184,-2.8445698884123694,-26.518387216665904,-30.85450849033512,-21.041892789711273,-9.814201993213938,1.1493718651940619,-0.29315452894071314,0.8887880526905205,0.5696580304980412,0.1557656195534319,-0.33945252901800593,2.884038597707947,-2.514759189790326,-0.438612781575927
453.0,31.687634969897136,-19.85765078782049,11.791205011037464,31.815986913742545,-19.868367682241587,12.196709060758225,31.692249184666995,-20.089978180291723,11.352727627325944,-0.10285253140302686,0.06457951694447317,-0.041293164254711634,0.13018615443029624,-0.41312601425496176,0.8951259103988054,-0.10793762230874979,0.04613786561187291,-0.06280410570553693,-34.64788912567089,-2.250765551868968,-25.966406543025556,-34.729562085890194,-2.911827592509114,-26.88622872080775,-28.8200616072253,-21.22745875388062,-10.620486531928346,1.1490581422070603,-0.2932698748649023,0.8888990735179865,0.15834305656233158,-1.100345533376644,1.6625238263333895,2.9112638892767073,-2.356304631041586,-0.48936134111855323
454.0,31.584780345170646,-19.79306206848884,11.74992286128067,31.668486603060554,-20.47421032710593,12.587522912445813,31.597398651551767,-20.11075196321421,11.491667397518867,-0.10285755409374886,0.06459850290078961,-0.04127097669055857,-0.22251887657589364,0.06040036128286275,-0.5706667872265578,-0.10683254763109075,0.04048784158114124,-0.045768839472424105,-33.532189767745585,-1.9954147792058714,-25.06527878680743,-34.67186935509314,-2.870000224060179,-24.890451537269403,-26.95293437512088,-21.300240687564568,-11.294392042474174,1.1487448323500151,-0.2933868813467635,0.8890171059285489,2.3254695838281165,0.6636076364728483,0.406131179450089,2.920952135058069,-2.1984776350578334,-0.530092321225491
455.0,31.48191986170964,-19.72845378201891,11.708663057656347,31.370949160590758,-19.74756695967586,11.05537548630511,31.47196869555171,-20.020092877214353,11.385182100657577,-0.10286424758713864,0.06461864504152182,-0.041248474746558905,-0.29986616444912073,0.09551182444065098,-0.5205796213023284,-0.10840291402462009,0.04472430478039889,-0.050895741152807025,-32.413087113150496,-1.7577077209049405,-24.15931267024516,-32.345162986406606,-2.092525869718079,-24.918193566303888,-24.966283207490758,-21.211394517329833,-12.078903288909974,1.1484320730509852,-0.29350551951669823,0.8891420753704077,2.0005859141666855,-1.3696928014595786,1.8114593301530026,2.932700190617811,-2.0392537494910186,-0.5617997989841177
456.0,31.37905184999637,-19.663824778405797,11.667425911787552,31.068754274162313,-20.283186678224627,11.546363669841156,31.317730050888063,-20.02322650006016,11.367259015688099,-0.10287260894720518,0.06463993064445894,-0.04122566397473282,0.5517107096620553,-0.4059688805530399,-0.2793283675559737,-0.1122732861533783,0.04068317820420572,-0.04811152788241952,-31.290811266141933,-1.5377910984651375,-23.248811195845654,-30.431347155899175,-2.318321580281182,-22.65688515694883,-22.969285880327046,-21.07125590963504,-12.710101467625611,1.1481200014965354,-0.2936257601025131,0.8892739029101847,-0.27156650241483676,0.5239705540163522,-0.659681053607417,2.935516551082626,-1.8885669795150437,-0.578811138966413
457.0,31.276174643815228,-19.599173920729992,11.626211729706881,32.47437057991487,-20.55950472078194,10.496718751193162,31.402740759367813,-20.07224622221651,11.191280626779381,-0.10288263450638269,0.06466234626515899,-0.04120255000329376,0.56717576803341,0.30108000917142164,-0.21484688756106696,-0.09561461258948335,0.033108659360850445,-0.0589086140902397,-30.16560223405535,-1.335802259486708,-22.334085957044024,-30.669981669031067,-2.202402584362062,-23.49197242674849,-21.160701356914466,-20.801150698873276,-13.458201125236956,1.1478087545715638,-0.293747573436643,0.8894125052827805,1.0362487083997085,0.15531006332615765,2.980396744242137,2.9290263982594915,-1.7332945209584145,-0.6001651102970779
458.0,31.173286580983603,-19.53450008587548,11.585020811780964,32.20310581022913,-19.681026659881784,11.116669894719022,31.44642831608328,-19.98346037767951,11.129930730609708,-0.1028943198671346,0.06468587774543266,-0.04117913853527,-0.33802564732832785,0.3328858388635041,1.1626707504630174,-0.08385192819377763,0.03781004456207182,-0.05911475611060131,-29.037709349018815,-1.1518688049969896,-21.415456673521867,-29.69395545996183,-0.5695224773687607,-20.99308816746135,-19.45572895989882,-20.295044867792672,-13.970238215661986,1.1474984687992584,-0.29387092946347027,0.8895577949439656,2.3653458519972097,0.4085941347066716,-0.22159029038338277,2.9106685037926794,-1.5772774656768616,-0.6019721191787113
459.0,31.07038600408096,-19.469802165239127,11.543853452636341,31.798319285258213,-19.893733043054933,12.822060252119197,31.430323384097996,-19.937578508024572,11.343090153039942,-0.10290765990386852,0.06471051022229446,-0.04115543534709065,-0.3805432195578895,-0.03279519562554967,0.9480778978268063,-0.07813136735015537,0.038491630007140454,-0.0361239064543782,-27.907390643324636,-0.9861082372379368,-20.49325067657612,-27.32558408088261,-0.31626017054863265,-21.382816620852292,-17.655147210898477,-19.693723735338363,-14.586263033653605,1.147189280281214,-0.2939957977467412,0.8897096801256761,0.5499746322230732,-2.377974998602846,2.0190880075825395,2.8964692630938407,-1.4253795746823348,-0.6005045389933797
460.0,30.967471261175866,-19.40507906543089,11.502709941086783,31.442019371113354,-19.746617051132883,13.012825690372635,31.366157897711975,-19.875381677436465,11.572184231705517,-0.10292264876520107,0.06473622813734714,-0.04113144628716281,-0.6788895124049965,0.5364350472485082,-0.5754824428863188,-0.07695208743722375,0.040493298713105794,-0.013728882237622406,-26.774912180456173,-0.838627630212091,-19.567802346868138,-26.821514384317627,-1.5149563662298022,-18.50237289746203,-16.03854680183384,-19.165347412945536,-14.92087447044043,1.1468813246377334,-0.2941221474770753,0.8898680648939757,0.05704283473806001,0.7920101008534498,1.0582587701451136,2.864564483594311,-1.288492487544712,-0.589307035756957
461.0,30.864540706550557,-19.340329708964433,11.461590560062016,30.44054026044822,-18.820862948557917,11.67109536634656,31.15725978858728,-19.677233079262216,11.575968022290525,-0.10293927987652651,0.06476301524659966,-0.04110717727442825,0.11539611644430892,0.7820609269519956,-0.7849635997443363,-0.0880936182412493,0.05380572263388687,-0.012250110985418143,-25.64054734424001,-0.7095233251813899,-18.63945250734018,-26.77393427334663,-0.330887274546575,-17.91477291304552,-14.617808827461786,-18.45007297911581,-15.18806866069365,1.1465747369483401,-0.29424994747956723,0.8900328492096502,3.76936837715346,-0.4498805596782875,0.6315624038011475,2.8231929535484808,-1.1481516683054398,-0.5727726772998104
462.0,30.761592701422813,-19.27555303493769,11.420495586537927,31.67281160400197,-18.182495197228892,11.442898490883962,31.163017762998745,-19.399398861547837,11.544933548171226,-0.10295754594288908,0.06479085463074163,-0.0410826342969024,-0.15465357751288522,-0.033952275543825294,-0.3830354168524117,-0.08016878354616624,0.07272270358561914,-0.013836263851670152,-24.504576089050943,-0.5988806531842935,-17.70854777453035,-23.009855767384572,-0.4731226251692303,-17.152641195676583,-12.969699662463567,-17.710202067296265,-15.450387160161837,1.146269651692527,-0.29437916622147875,0.8902039289913937,1.5252809870298076,0.36557072146860087,-0.7865807535097635,2.7914306092799936,-1.0207576611562894,-0.5481345730792664
463.0,30.65862561466478,-19.21074799970295,11.37942529146821,30.13123310542245,-18.888767499645567,10.905024532641736,30.9348967870034,-19.25859244072026,11.433758811127491,-0.10297743895219114,0.06481972870582098,-0.04105782341019726,0.14609864639254866,-0.43392182426961945,-0.18012181854245313,-0.09266187646866503,0.0784716971755931,-0.02205553097027211,-23.367284154431907,-0.506773686484823,-16.775439871939316,-21.477698012866554,-0.43251614881609074,-18.01907344182803,-11.338192523400004,-16.913980452840306,-15.817114998164454,1.1459662026907709,-0.2945097718200187,0.8903811961815494,-2.350956613282002,-0.15555233899787194,0.6746346666200694,2.76067628023756,-0.8962857919878882,-0.5274215763848477
464.0,30.55563782351843,-19.14591357752605,11.338379939717532,31.96500889678707,-19.05033884576813,11.082654853799056,31.016797859119677,-19.159942941933462,11.360544574811684,-0.10299895017869787,0.06484961923435328,-0.04103275073602841,0.225335411495184,-0.5676348321297322,-0.1438972848015192,-0.07792176953685205,0.08017551207909392,-0.026375375435544635,-22.228962247895353,-0.4332650206921499,-15.840484909496118,-23.83314237778962,-0.3162112865731526,-17.336611400021024,-10.18001837747471,-16.068341137362086,-16.048102507414335,1.1456645230458329,-0.2946417320502101,0.8905645388143605,2.375106408110521,-0.810190413985308,2.460251976124178,2.7054563045843905,-0.7701258185871389,-0.5082237077219437
465.0,30.452627714307383,-19.081048761234243,11.297359789996154,30.581903928412817,-20.02403716390503,10.617229963038698,30.88337594994691,-19.226577483394706,11.22270328674929,-0.10302207018687426,0.06488050733684148,-0.041007422460703324,-0.38756273904064464,-0.2128198561821062,-0.2795637234401447,-0.08260820500093816,0.06777886144164914,-0.03578756447503243,-21.08990520004058,-0.37840558909328526,-14.904042633528753,-21.467382898665964,-0.11643893610743583,-14.754271330626995,-8.97009107503754,-15.200965707114626,-16.03688736906318,1.1453647450843758,-0.29477501435284054,0.8907538410866904,1.8097151745915114,-0.61105660523326,1.7038015964629045,2.649675657568536,-0.6579584889503276,-0.4738255548707879
466.0,30.349593683144683,-19.016152562852366,11.256365094796125,31.18988341870578,-19.475978558132343,10.523527406918767,30.861265387556,-19.20811207734959,11.08377562301725,-0.10304678883552398,0.06491237350369516,-0.040981844833593684,0.020143567496308634,0.9514030289711393,0.5507167273779077,-0.07749978005496244,0.06361483000419689,-0.04449672128253401,-19.95041109644619,-0.3422345105263359,-13.96647565196249,-19.66077927588155,-0.09008944987226206,-12.94447187894414,-7.764383248385731,-14.326783867788482,-15.859910955849777,1.1450670002989212,-0.2949095858424963,0.8909489834311667,0.22676761683012917,-0.6510324545559875,-0.968085400986454,2.5923590438815833,-0.5569360453792256,-0.4309207578712631
467.0,30.246534136636335,-18.951224014226852,11.215396100328967,30.622191063405435,-18.121231105962753,11.718663417794513,30.75864485374387,-18.985405251080753,11.144906005496006,-0.10307309528222852,0.0649451976075639,-0.04095602416559707,-0.17460127303074202,0.029979914248242423,-0.17217091358656322,-0.07962097816481323,0.0770485686981516,-0.03557756165009056,-18.81078039107277,-0.32477897188996163,-13.028148639737829,-19.42723000766341,-1.027477752976892,-13.63901535203641,-6.698622281836566,-13.528541667655658,-15.769399192021213,1.1447714192901728,-0.29504541331567596,0.8911498425917018,2.265321607774379,0.8650351425867603,2.2994418410393807,2.5295288960108855,-0.4621658209304153,-0.3980928334054069
468.0,30.143447492580226,-18.886262167637238,11.174453046464931,30.840680872644295,-19.41601872963586,10.17918557974564,30.704157448686935,-18.987285286837533,10.964714761171852,-0.10310097798810958,0.06497895891603633,-0.040929966827577324,0.23453733681176026,-0.46295543881076107,-0.3803551813196169,-0.07749869758813994,0.07038383211415455,-0.047788750586222145,-17.671315006133483,-0.3260541461394648,-12.08942752965743,-17.170097456681994,0.515814062875679,-11.727608450098057,-5.587108488511259,-12.577553062258225,-15.487943124460816,1.1444781317097297,-0.2951824632589829,0.891356291701345,1.7498003067549126,-2.083542973172314,1.3671367067168028,2.4707738260728407,-0.37171797589737526,-0.3510296095102829
469.0,30.040332180660116,-18.82126609639478,11.133536166673812,31.091265737028955,-19.047141983584275,10.95795305515528,30.698893382814695,-18.937150561864797,10.923304678028495,-0.10313042472289347,0.0650136361047462,-0.040903679248793345,0.013120834892241362,0.5245724203942874,0.616290774339415,-0.07139920050526151,0.06867399616696329,-0.047250135485179916,-16.53231742355463,-0.34606314636302854,-11.150678694031631,-15.429699143802477,-1.1003599236461987,-9.83075705586506,-4.466791758883994,-11.811155836271439,-15.05111097728899,1.1441872662032184,-0.2953207018573943,0.8915682003624137,1.1466429628568104,1.1792565055629423,1.393148039801169,2.409582183656072,-0.3007113345050517,-0.3017997088144063
470.0,29.93718664313444,-18.756234895427745,11.092645687967345,30.866922542428778,-18.366873888847284,11.41176712842447,30.664719234750127,-18.790490040037938,10.959344296073873,-0.10316142257026684,0.0650492072708424,-0.04087716791531104,0.12912261996069319,-0.047244229767459345,0.37165843267238863,-0.06825591461346084,0.0752591835551569,-0.04021714318459805,-15.394089773252556,-0.3847970162682449,-10.212268122593422,-14.28937089153998,0.39674880279041497,-8.786647502226323,-3.417300455510663,-10.903569090257614,-14.510768843436967,1.1438989503538628,-0.29546009500260456,0.8917854347288556,-1.2110484778490043,-1.1510029180402117,-1.4027356750111393,2.3482772613687493,-0.22874297502810853,-0.24640944951946112
471.0,29.834009335519582,-18.691167681853095,11.05178183084319,31.34951097695034,-19.141630443119194,11.701269920500057,30.713543178601462,-18.781525204258955,11.040730564974243,-0.10319395793354857,0.0650856499468091,-0.04085043936840371,-0.5481073138667387,-0.03558755574128192,0.33455278964741897,-0.058369683615862596,0.06966128444130171,-0.029948943019924772,-14.256932923494599,-0.4422347571403058,-9.274560602193446,-15.494236965498027,-1.0761052108272422,-9.84643752211983,-2.6438528641333923,-10.161507423518396,-14.100519473500457,1.1436133106265238,-0.2956006083014409,0.8920078575907889,3.104895369558186,-0.6952490537030134,1.9947789377256235,2.273876835363617,-0.16274504942982157,-0.20771860418231186
472.0,29.73079872726734,-18.626063595534127,11.010944809230537,29.7707079146953,-18.438049000329848,12.080872707719308,30.517661474304823,-18.669292627378038,11.177153712395342,-0.10322801654165659,0.06512294111467654,-0.04082350020294179,-0.6832363225556684,0.47875794941509753,0.009810023027055692,-0.06998120774326348,0.07325600719244758,-0.01590047269188949,-13.121145578589912,-0.518343391065145,-8.337918903763018,-12.432054101628244,-1.2694729021103002,-7.742657683708679,-1.7012096463878341,-9.45860584880323,-13.51777913047794,1.143330472312226,-0.29574220708434934,0.8922353284611666,1.4677775445154102,1.2052439822495948,0.8237593681554682,2.209213651179187,-0.11057975231977875,-0.16001838652286
473.0,29.62755330243627,-18.560921799623742,10.970134830437306,29.983038331839005,-18.184114544289,11.720889966554168,30.375440201192646,-18.531993159047207,11.248262591871978,-0.1032635834553588,0.065161057220541,-0.04079635706576212,-0.2509516325093486,-0.3225696239502511,-0.9414435242175099,-0.07608116364416168,0.07866384128963476,-0.00855339723613926,-11.9870233890714,-0.6130780599441767,-7.4027029819491865,-10.970044309725285,0.07776169633655514,-7.1804444813456065,-0.7699415220756082,-8.635649777699186,-12.89571639347967,1.1430505594732019,-0.29588485641394896,0.8924677036645116,-0.5793586570361416,-1.8669188773609926,1.386494064496906,2.148269133324978,-0.05684052477451956,-0.10963553426706216
474.0,29.524271560356624,-18.495741481093045,10.929352095099013,29.268804649676603,-19.08318824823035,10.197985659284289,30.13913390334802,-18.551256445961606,11.077747540582669,-0.10330064307382969,0.06519997418945067,-0.04076901665402577,-0.9692679640567974,0.5964688420011921,-0.8022695127150454,-0.08961058458041292,0.07039486810286236,-0.02222945002368324,-10.854858079383833,-0.7263821595680718,-6.469269192681311,-11.57062483399963,-1.482292469168215,-5.455751026245103,-0.055446425854213534,-8.025964934501511,-12.131178138112857,1.1427736948884741,-0.29602852109365224,0.8927048364276646,2.4606285094561127,0.7208635911788523,-0.3012194454270917,2.0746464269122025,-0.01778780560057175,-0.06056604761609042
475.0,29.42095201628861,-18.43052185124484,10.888596797129255,28.04450240372541,-16.991176860286615,10.116350941124077,29.737793293678134,-18.249253293426264,10.909501359830573,-0.10333917914149637,0.06523966744061482,-0.040741485713573056,-0.05304449205650563,0.2620783960481443,0.4325340764269745,-0.11593308853055473,0.08995188696913835,-0.03455911243038362,-9.724936597888593,-0.8581875077666534,-5.537969533727001,-9.101378509404178,-0.8272189407536785,-5.881471496497097,0.7850467043686878,-7.3537771196240325,-11.45772056054679,1.1424999999999998,-0.29617316567634916,0.8929465769724902,-0.9868687189764056,-1.6030583850898972,2.610012779009775,2.0127380451566768,0.021293707042492387,-0.016150481485649317
476.0,29.31759320207363,-18.365262146211816,10.847869123671867,29.162715665563592,-18.55903145613406,11.063053812138238,29.550474845638153,-18.22144931597765,10.904188836478378,-0.10337917475516534,0.06528011190292737,-0.04071377103724938,0.8703536559151885,-0.35322666265027536,0.14133205346621125,-0.12196087301211023,0.08470411337601845,-0.03208952851296079,-8.597540293735806,-1.0084145454146098,-4.609150913039565,-10.157903698402102,-1.9713103370836391,-3.0393116913525082,1.3633086846067273,-6.865763510332576,-10.528112751214405,1.142229594859403,-0.29631875447315326,0.8931927726104788,1.6582549813636067,0.8459556476682528,0.32388026619542454,1.936104960054516,0.04595402798481036,0.034321114493591785
477.0,29.21419366677828,-18.299961627438986,10.807169255054756,29.785209715555787,-17.697630185587165,10.3990150480565,29.483971136219,-18.06847392710314,10.798546674621571,-0.10342061237144051,0.06532128203079957,-0.04068587946323543,-0.08447444394166581,0.2611089196628278,-0.23532011786066231,-0.11727806644793563,0.09046894439758742,-0.03830031774053367,-7.472944124844816,-1.176972568851074,-3.683154449394648,-8.504479436673462,-1.0840646535177658,-2.8568245927424103,1.9855874136098026,-6.300571066349992,-9.630955289918518,1.141962598075315,-0.2964652515622075,0.8934432678391887,1.16136416311219,-0.29200691646223953,0.8375011795975883,1.8669156638209623,0.07237760204044925,0.08274361244116252
478.0,29.11075197733075,-18.234619582150216,10.766497364745396,28.99376677768026,-18.036813616808406,10.592413576416913,29.308712466417838,-17.9871482374451,10.734152605702478,-0.10346347381441134,0.06536315182029284,-0.040657817873361424,0.1735994534038312,-0.06396133603222864,0.4206265107432028,-0.12217395243247929,0.08969688736224107,-0.040503675817043915,-6.351415900879279,-1.3637599920671615,-2.7603148094656813,-7.3608693128559555,-1.2576946724177078,-1.9868714044414146,2.6046625071021214,-5.785984072233889,-8.702194948565314,1.1416991267613497,-0.29661262079754713,0.8936979044404644,2.0314194661681513,2.1011430967552736,-0.9623705225184152,1.800487191390077,0.09327504773964146,0.12966244429034415
479.0,29.007266719149456,-18.1692353237984,10.725853619308033,30.13240862236345,-17.825552857651623,11.240268069542905,29.333597385244005,-17.886272953547774,10.778634376591471,-0.10350774028363396,0.0654056948255537,-0.040629593191405355,0.18699330357520516,0.37721856227451234,0.1097698465191339,-0.10975629161043277,0.09064079190549651,-0.03332749907249655,-5.23321556470985,-1.5686646368326436,-1.8409595851022935,-5.323640760322842,0.7242456711964849,-3.175350986781029,3.3168223875413863,-5.077665699140325,-7.944502547990474,1.1414392964847335,-0.29676082581801855,0.8939565215803708,2.082803760880271,-2.8496918198611003,2.634151361544703,1.7449373768807168,0.12519724560894588,0.1693157879956894
480.0,28.903736496763482,-18.10380819249911,10.685238178362585,29.36775338483067,-17.28237649225938,10.81195326945518,29.24621581392152,-17.7158338904653,10.755668705305673,-0.10355339236237171,0.0654488841755061,-0.040601212381383256,-1.1200155257539155,0.03349843421554155,-0.525783350325959,-0.10786696874846656,0.09737896320506105,-0.03245254564839894,-4.118594515432257,-1.791564048771024,-0.9254087141599726,-3.2697009422328485,-1.9204802837141006,-0.3353555574809534,4.133477589224989,-4.699061740174527,-6.964285361904288,1.1411832212156128,-0.29690983005625055,0.8942189559107793,0.6339255263590869,-0.7231895911512489,0.4531219837083702,1.694466010455833,0.13236852437166233,0.21352953437470237
481.0,28.800159934424713,-18.038337555447388,10.644651194545267,27.89237757085562,-17.75855598922054,10.188701368890987,28.944631835195846,-17.64023709782629,10.64011263296276,-0.10360041002611275,0.06549269259083346,-0.04057268244583678,-0.5206246926721221,-0.13999575096474715,0.32946884700963786,-0.12422444589193746,0.0955396752808294,-0.03946981294262001,-3.007794975558276,-2.032325837255317,-0.013973947789725539,-2.6551821292378897,-2.6192861826491067,0.1549154398477341,4.889715180748839,-4.42906784929805,-6.001232816941971,1.1409310132770643,-0.297059596747677,0.8944850416725421,-0.6845777479717139,0.78265207153734,1.0711289065132454,1.642938304969382,0.1339790831403432,0.25243484735700106
482.0,28.696535676711257,-17.972822807317442,10.604092813470912,28.326503999486427,-17.562367994188875,11.470890963474456,28.743617907985037,-17.547444749369046,10.73594438897528,-0.1036487726513613,0.06553709240119865,-0.040544010424100385,0.3576874609908067,0.03373786369741261,0.7832061330253728,-0.1307085547767495,0.09530769082201629,-0.0280449395052286,-1.901049404529284,-2.2908080368834414,0.8930416333591367,-3.3793064355628686,-1.7813210196698714,1.1841069532216657,5.436700466974446,-4.113442837306906,-4.987329031032061,1.1406827832958253,-0.29721008893960776,0.8947546108001887,3.1473979749564704,0.015148349263629403,0.8856957177457428,1.5830289006834355,0.13816757846721414,0.2922152997595386
483.0,28.59286238912199,-17.90726337064499,10.563563173697066,28.607752492837232,-17.691080261825714,11.755113634941733,28.612107591889593,-17.48928668137351,10.870714760702986,-0.10369845902466679,0.06558205556273045,-0.04051520339056491,0.16558099240874746,0.7709437389615843,-0.27598590242129717,-0.13077625555556385,0.09217077421183205,-0.014296803848926625,-0.7985799602235228,-2.5668594882036073,1.7953440520345674,-0.25902486716480844,-1.738068387897256,2.0691815300779623,6.207335911000407,-3.8115978720755592,-3.957485338475137,1.1404386401537696,-0.2973612695003463,0.8950274930280805,0.6495517057959791,-1.8314083328529152,0.050712780899150496,1.5387794283046166,0.1399836495174958,0.33187482382017114
484.0,28.489138758661923,-17.84165869619198,10.523062406689782,28.65766598430392,-16.020480516265707,10.918919158631862,28.508746912811766,-17.183083932869764,10.86613531244479,-0.10374944735194092,0.06562755367573558,-0.04048626845293679,-0.7274614649140982,0.22120556665268332,-0.5028560643662976,-0.1284612824633073,0.11024364828656535,-0.013476269699710434,0.29940199035369636,-2.8603202352978356,2.6926488148534946,0.3883272272317026,-3.56952307954546,2.117877655248374,6.937083349970914,-3.733137899384489,-3.007342842992537,1.1401986909401483,-0.2975131011283515,0.8953035159979534,2.0829687723457613,1.5176787887836087,1.1915413145968907,1.494320713620598,0.13121270530873871,0.36139801781496866
485.0,28.385363494418108,-17.77600826329352,10.482590636791192,27.152829563009035,-17.248669128520348,10.749401506209137,28.189447266620025,-17.100177221330725,10.836605108238192,-0.10380171526802151,0.06567355800262575,-0.04045721275047853,0.26334813583994077,-0.6093020590160254,-0.2868451831158394,-0.1445756865270113,0.1079353155383321,-0.014831864991987994,1.3926963104862695,-3.1710219377933266,3.5846812392886167,2.410871353855885,-2.0814254623827892,3.3475258259209335,7.757550037462264,-3.5171825169540885,-1.993796162815945,1.139963040904617,-0.297665546361441,0.8955825053677837,0.15798785722261469,-2.0518856135433032,2.149646623369105,1.457778068829329,0.1294889457599482,0.39588643082961117
486.0,28.28153532812588,-17.71031158018673,10.442147981188825,29.184362255983803,-17.239084634297758,10.345228792400183,28.222033550983067,-17.030619704932963,10.747682637754764,-0.10385523984647449,0.06572003948608618,-0.04042804345224926,0.08390734315678472,-0.27110766795060925,-0.47151563713447686,-0.12961611797974065,0.10469469163890038,-0.021088080623308993,2.4811144830284553,-3.498788294857472,4.471176726558723,2.4553886188165737,-4.222952119928359,5.411126965988818,8.474800846180036,-3.567733938936509,-0.8515544709138582,1.1397317934110696,-0.29781856758603464,0.8958642849219057,1.7293594352085044,1.8307806112074727,-0.9049549195059118,1.417465911483768,0.11176987723519759,0.43130105297118193
487.0,28.17765301472516,-17.644568184321347,10.401734549886694,27.320644249322605,-17.790884464421566,9.806370231940184,27.972426228868127,-17.06040432439675,10.583522956317863,-0.10390999760964803,0.06576696876741472,-0.04039876775533813,-0.7585066689702629,0.036155937370141444,0.5925274031619745,-0.13974818319843277,0.09333924970899063,-0.03316905606508088,3.5644799497628434,-3.8434354787420753,5.3518809802428935,4.230628576869278,-2.3425568439272206,4.61322773989795,9.25755638405114,-3.4261453962936796,0.12732292088635716,1.1395050498922994,-0.2979721270464349,0.8961486766823133,0.25046270070537086,-1.4783546634341533,2.2644455903630725,1.3833359770808613,0.10861335006795034,0.4595983180127396
488.0,28.073715332906584,-17.5787776426519,10.361350445678148,27.667348918043277,-17.166772759557475,11.530283598724132,27.80697354916477,-16.998114567063595,10.702708176060407,-0.103965964538979,0.06581431620506883,-0.0403693928830835,0.46267345360034184,-0.27958661545713603,0.41292369996722034,-0.14191867258453889,0.09071742851779069,-0.02030425093244688,4.642628401479972,-4.2047725754734016,6.226550170847842,4.362393321202904,-3.986596628054611,6.763758567012286,9.94835915660763,-3.492488650747101,1.2453601227611069,1.139282909805508,-0.29812618685414277,0.8964355010210755,1.1755259096275283,-1.1711178908198185,1.1598866338597102,1.3464845073810339,0.09248307039579431,0.4908895157874217
489.0,27.9697210856472,-17.51293955191121,10.320995764120527,28.24599115652329,-18.35005769533584,10.632217631874624,27.755375770374112,-17.131694355691934,10.674601226244551,-0.10402311608552317,0.06586205189339367,-0.04033992608329662,0.5179811116721087,-0.3535644061656029,-0.6717125109418101,-0.1342919703347721,0.0717777566570509,-0.020963111342576852,5.7154080198321875,-4.582602030336427,7.09495104693897,5.452712693232267,-5.252661465673119,7.8226059268340515,10.65327385982577,-3.706291616616224,2.376785144474828,1.1390654705886787,-0.29828070899720593,0.896724576773792,1.9075018628974496,-0.4014697203954105,1.2215653213870081,1.3133483444133134,0.0695532366460579,0.5197731128949361
490.0,27.865669100735538,-17.447053538865113,10.280670593511555,28.703311141387495,-17.87390157188868,10.186858576840512,27.789342771175246,-17.18647066842464,10.581065706295409,-0.10408142718072178,0.06591014568150477,-0.040310374626470136,-0.23707559446354587,0.20975480781503464,0.030976843341831817,-0.1200841716759792,0.061091522661906136,-0.027091130328458418,6.782679672393392,-4.976720095871781,7.956860993795492,7.2472626614531395,-5.78676914081395,8.997664108676133,11.443686406811056,-3.978670747445861,3.5351363623848426,1.138852827617839,-0.2984356553495977,0.8970157213540216,1.522218049505389,0.329982058576061,-0.2585704007586548,1.28752716510156,0.045324781191476066,0.5489607439272154
491.0,27.761558231285758,-17.3811192605482,10.240375014867587,27.771839967596197,-17.93054807970577,10.694171318558288,27.685207406921005,-17.2505625441484,10.575771622450398,-0.10414087224740243,0.0659585671923395,-0.04028074580398133,-0.5652937445861053,0.4262189390715836,-0.30399699969919514,-0.11873745332172922,0.050521028217063405,-0.025250586280777088,7.844317062703487,-5.386917280190767,8.812068040864924,8.790098597851042,-5.42395416813209,8.786650522364754,12.282441684346065,-4.209153562551274,4.574021868477224,1.1386450741652236,-0.2985909876806242,0.8973087508686074,0.5234497743949704,-0.9945024518468703,1.0265375205821152,1.265963149558085,0.0274667607143844,0.5716285666490342
492.0,27.657387356240733,-17.315136404480434,10.200109101903593,27.572723652215284,-17.021463693745513,9.578864577442122,27.56744224551496,-17.172277182615524,10.399453039828497,-0.10420142521099507,0.06600728584182924,-0.040251046926302436,-0.2624526984794091,0.5935551706603341,-0.39764080200377183,-0.11865535292801868,0.05286545035980958,-0.03800677789012852,8.900206837389652,-5.812978793515037,9.660370819570108,9.223440898656618,-6.566917645637737,9.649542872427576,13.058942635617175,-4.563693828380549,5.6059709656687255,1.138442301358363,-0.298746667664357,0.897603480233827,-0.8804156838627897,1.2490517560020327,-0.433219984443591,1.2434159834290537,0.004268512314874524,0.5913825547285563
493.0,27.553155380863767,-17.24910468886454,10.159872921014982,27.24693457063738,-16.7434377383851,9.898889714550744,27.417403963404688,-17.060957288382838,10.289530421539562,-0.10426305951096637,0.06605627085822974,-0.04022128532118341,0.5425061404334492,-0.22065274947434155,0.34904063092271187,-0.12130532954522062,0.057801347469192854,-0.044079356213092516,9.950248652734738,-6.25468499096096,10.501578473260896,8.367562059308842,-5.266322253258538,9.411145167160992,13.62962279616154,-4.775296393936018,6.520592633048733,1.1382445981401124,-0.29890265688908957,0.8978997232922966,3.93890803850672,-1.6210174620788835,1.9272905667464757,1.2099339292702893,-0.009358505059763423,0.6048558645544484
494.0,27.4488612372188,-17.183023862763974,10.119666531261226,28.657735933082183,-17.462769192694196,10.276945839287546,27.507798784349184,-17.07461417331118,10.250347705856958,-0.10432574811247441,0.06610549130155796,-0.04019146833185694,0.37519144815630057,-0.6831559904647229,-0.5259829492930095,-0.10342935482667462,0.05176740959614254,-0.04366588356261803,10.994355203305089,-6.711811809712787,11.335510521301815,12.13141417616515,-7.204151683994822,11.028419752734512,14.51498114219938,-5.180936434897248,7.5152208419274205,1.138052051229637,-0.2990589168668149,0.8981972929305508,-0.34891648090729277,0.3827115740457053,2.288533982064348,1.1975022605811365,-0.03046377647800889,0.6224349818536835
495.0,27.34450388463882,-17.116893706261425,10.079489984351268,27.99731746694998,-18.109749719314546,8.846923815964725,27.496557847706733,-17.191832674573593,9.995273854303234,-0.1043894635182312,0.06615491608312318,-0.04016160331521945,-1.242806521549456,0.6479320172477472,-0.31195160839073566,-0.09564495869378695,0.03749822809905738,-0.061517186371643814,12.032452215456606,-7.184131198860146,12.161996679446066,11.48742711923121,-7.2979181275450165,13.365528003041328,15.223457428838964,-5.59363430520426,8.658145553050575,1.1378647450843757,-0.2992154090427216,0.8984960011972283,-0.1283829021035667,1.073329455807821,-0.12211723535042213,1.1765294147262955,-0.05359093567430747,0.6466775808990538
496.0,27.240082310182338,-17.050714030597728,10.039343324630787,26.17212288998327,-16.166905158198702,9.653042622506074,27.209867132655262,-17.000814174192573,9.890112735957134,-0.10445417778054988,0.06620451398517702,-0.04013169764001567,0.4645087810477584,0.36514586098165225,0.6407443426722184,-0.11177687500483084,0.05046149005115494,-0.06520248287610342,13.064478408708892,-7.671411540313228,12.980876638765308,11.348043188057128,-6.221655484445817,13.458952661030303,15.809899241793863,-5.880964854189699,9.709107609827095,1.1376827618629943,-0.2993720948047069,0.8987956594217853,1.8192250872931768,-2.100166092848697,2.3235419141767353,1.1488131904591032,-0.06814331057520508,0.6658879640664023
497.0,27.13559552907772,-16.98448467829107,9.999226589071236,28.926335029045497,-17.379457997351242,10.128412501309162,27.382336064854236,-17.017067703944644,9.872097174047825,-0.10451986251361411,0.0662542536806221,-0.04010175868502319,0.9691983309846748,0.3264823283368017,0.8745748442000725,-0.08777514023197441,0.04482806936349358,-0.06121801614664101,14.090385428114997,-8.173418059350121,13.791999805485009,12.926984950450958,-8.763533805806075,15.304507639185394,16.48420949499749,-6.427635294036918,10.847645686578405,1.1375061813893483,-0.2995289354929036,0.8990960783336647,1.2559559634252662,-0.5205150439009303,0.48582303193396975,1.1309897325193472,-0.09501142079263773,0.6873993504123923
498.0,27.03104258515511,-16.918205523236484,9.95913980726074,28.11051955195262,-15.513940501525099,11.40219231090622,27.4214218473495,-16.745511014482965,10.058288092835426,-0.10458648890593558,0.06630410375279894,-0.04007179383723258,-0.5770280581822238,0.6222126473168963,0.1027196822642189,-0.07706299552070407,0.06397304905042538,-0.04032678930624364,15.110137750859526,-8.689913223494466,14.595225004117369,14.126968100556978,-9.383234851596649,15.659537492892863,17.190341813061387,-7.012614212985693,11.914106714038347,1.1373350811174696,-0.2996858924092187,0.8993970681818426,2.04057121426869,-0.6381955425920246,0.06448235409640393,1.1166832840616263,-0.12032923033375854,0.7046880627186112
499.0,26.926422551265848,-16.851876470785474,9.919083001396771,27.77227891268105,-16.13503270271745,10.3338518658376,27.410889594877403,-16.596570223709946,10.067074293910062,-0.10465402773297328,0.06635403271533136,-0.0400418104900222,-0.3719661344734053,-0.8286934788553477,-1.047937671510569,-0.07144513517439874,0.07114773078499895,-0.03617968514798061,16.123712570393696,-9.220657128564625,15.390420146290303,16.18544183894864,-10.016057540631301,15.553408663657073,18.01800988080153,-7.629151559499094,12.865592833493395,1.1371695360975924,-0.29984292682688185,0.8996984388546798,0.658149371888656,1.7096506482457041,1.1016236851421826,1.1102905134740677,-0.14205645023798594,0.7166686856816102
500.0,26.821734529689163,-16.78549745780582,9.879056186280696,27.36658728300581,-17.171327459235794,9.306316967885081,27.34366448201085,-16.62584437373573,9.918241117481616,-0.10472244936996411,0.0664040090320217,-0.04001181604133208,-0.5288316901713976,-0.35158249288571497,-0.4060260655262926,-0.07108879621142533,0.06266810052299956,-0.045692153407578734,17.131099661464575,-9.765407870877203,16.177461867642997,16.590161036887633,-8.68659618203861,17.11332257480712,18.78389022947166,-8.072488093348031,13.885494155730745,1.1370096189432333,-0.30000000000000004,0.8999999999999999,2.2336900608167474,-1.073490771998727,1.5442547198017318,1.0981416660393755,-0.15446043240927176,0.7339043829332694
501.0,26.71697765252592,-16.71906845272143,9.839059369314107,26.714615532338254,-16.83819768848888,9.521799734785015,27.185826998375525,-16.60593514522299,9.81801633290491,-0.10479172380492052,0.06645400113675493,-0.03998181789184496,-0.1334824938533945,0.5937258248514201,0.27733020150810894,-0.07841386111888755,0.05905753854049396,-0.05029689239269559,18.132301229419976,-10.323921904727088,16.956235135098776,18.633496511341836,-10.176967984371744,18.276006187883013,19.672948361001303,-8.645874031474799,14.927567811626014,1.136855399799342,-0.30015707317311824,0.90030156114532,0.17158751040781442,-1.5741328149933955,0.39766609870485925,1.095403035120547,-0.1702525048341695,0.7524086929804084
502.0,26.612151082079322,-16.65258945553231,9.799092550497006,27.09962229529902,-15.983875809532954,9.860977370901299,27.106201858441192,-16.45934507121907,9.782218689254151,-0.10486182065178262,0.06650397745344172,-0.039951823443154844,0.4134547678113911,-0.27352259460955963,0.05089718307348967,-0.07851614158223126,0.06644879162829224,-0.04907257486930603,19.127331747174125,-10.895954384399628,17.726632826736388,18.83012301182801,-11.795428477994614,18.14469135095488,20.47964956141649,-9.357624389649217,15.848841019177572,1.1367069463115316,-0.3003141075907813,0.9006029318181571,2.598908985141597,-0.9964700884587369,0.12471499394934032,1.0913664042904068,-0.1914686622262414,0.7618504014462245
503.0,26.507254011222354,-16.586060497814547,9.759155722427797,27.541525067961036,-17.385242877708,9.623594100931994,27.107574735776073,-16.547181069144717,9.71611354796818,-0.10493270916375685,0.06655390641597769,-0.039921840095942684,-0.599556127984588,-0.9210907325592714,-0.09980249034303412,-0.07177030753748366,0.053420973787149856,-0.05051080590481518,20.116217783204515,-11.48125949010007,18.48855528636392,21.47836318525299,-12.773771048553845,17.913158157938522,21.468524992354983,-10.122670760379194,16.650173872906134,1.1365643235964087,-0.3004710645070965,0.9009039216663352,0.032449495979614135,0.6787141908188942,0.23478936514750232,1.0979998758873402,-0.20902754241345387,0.767214376157913
504.0,26.402285663751808,-16.519481642700356,9.71924887030512,25.900510039329845,-17.826057274651497,9.66137239021523,26.859294873807823,-16.700898599505884,9.66494502937924,-0.10500435824680032,0.06660375648815453,-0.039891875248152964,-0.6647515145502911,0.9959023565696263,0.24867302509392086,-0.08667478599575215,0.03593018478758014,-0.0505663432073927,21.098997823922033,-12.079590737306843,19.241909854757488,21.407349268704095,-12.22786510824922,18.391145650710385,22.342085379510817,-10.776148496376003,17.40844919524107,1.1364275942130095,-0.3006279051952932,0.9012043405782145,2.4697215797667065,1.4417220832686914,0.9284694558110536,1.0961431504775017,-0.22106327348460028,0.7703579313707253
505.0,26.297245294728754,-16.452852984838238,9.679371971931491,26.212022038860454,-15.393438164568746,10.120940151119836,26.685461274378387,-16.467277630643462,9.693136177923135,-0.10507673647325788,0.06665349618359961,-0.03986193629316137,-0.2126543127774987,1.3688737103761355,0.41643809718565716,-0.09403448197062442,0.0526232076788561,-0.04391605539141626,22.07572209371643,-12.690701269170875,19.986610379362126,23.584360093166623,-11.251118673361853,19.830576266340472,23.345725428497246,-11.27582611130287,18.233646895558962,1.136296818135361,-0.3007845909572785,0.9015039988027715,-1.3867227696645963,-2.2138540371262647,2.379577197226711,1.0973699370906973,-0.22225527566044115,0.781270355182648
506.0,26.192132190805292,-16.386174650333157,9.639524997718798,25.475201413774847,-15.088309853899226,10.494248584586545,26.41788198662731,-16.208441399105283,9.78060066908932,-0.10514981209564489,0.06670309408565522,-0.03983203061795759,0.14119601205251975,-0.5422737506465314,-0.5964198530653473,-0.10868861685664134,0.07003584906157097,-0.032822273344782445,23.046452375932734,-13.31434413168887,20.72257670406673,21.894679687827782,-14.21277351394712,21.20301026602751,24.065282353587104,-12.055038262656375,19.111967135773284,1.1361720527261725,-0.3009410831331852,0.901802707069449,3.108142302512481,0.273496835317452,-0.1118577763552317,1.0908196578997422,-0.24281263814671475,0.7882493350082623
507.0,26.086945670537464,-16.319446796666927,9.599707910695576,26.494414062965493,-16.47798566586181,8.928100444989141,26.33799050146318,-16.19120166664763,9.620339212323906,-0.1052235530605774,0.06675251886722045,-0.039802165601320105,0.1229694638297758,-0.20111786245328034,0.1924412480419191,-0.1062569851506119,0.06557774148127006,-0.043583246427274694,24.011261837983024,-13.950272531478046,21.449734140460745,25.00127372684381,-13.917387764817473,21.20940941627865,25.021729180410368,-12.742657227553199,19.897803359979502,1.136053352711676,-0.30109734311091046,0.9021002767077032,-0.3680110833978416,-0.4500931301494421,2.15557907393809,1.0940018978705184,-0.25129798171087375,0.7956140891099337
508.0,25.981685084684138,-16.252669612598716,9.559920666516158,25.7211403414344,-15.490545578805786,10.879131080670383,26.152349195669743,-16.026885309843436,9.779242346042837,-0.10529792702283736,0.06680173931054689,-0.039772348611993635,0.23110311165841502,-0.025026123717207582,-0.09583471740992966,-0.11296020243967606,0.07391523669406881,-0.026485283086340173,24.97023486374693,-14.598240076067794,22.168012921758947,24.172336966050334,-15.223659155144286,23.04114991615097,25.789231838806298,-13.517965833900044,20.78625951148866,1.1359407701576216,-0.3012533323356431,0.9023965197661727,2.2263140382105,-0.8896301489012566,1.54055667479941,1.089881322361042,-0.2680496526298738,0.805074374214928
509.0,25.87634981649179,-16.185843318045833,9.520163213471589,26.956620286282323,-16.528037913296224,8.736431010169282,26.181995253270006,-16.042378573026966,9.594744074883614,-0.1053729013595408,0.06685072432694739,-0.039742587006875496,0.07420965668424984,-0.933165070516516,-0.586239094119315,-0.10091852040362928,0.06636557704697903,-0.0398279102571697,25.923466896365923,-15.258000996704528,22.87734764034376,26.108189657296936,-16.68344966417366,24.098455714687272,26.67240383476533,-14.388128769483373,21.689905346804153,1.1358343544464378,-0.30140901231937584,0.9026912491313925,1.152603196651952,0.6335657584181776,-2.299392364182485,1.0937710183198694,-0.285512053340559,0.8173093489152304
510.0,25.770939281965056,-16.11896816394482,9.480435492502407,25.8695596548029,-17.35687571983882,9.706652892431753,26.04819117862756,-16.190702213595742,9.578507386848058,-0.10544844318446422,0.06689944297643535,-0.03971288812919482,-0.6972445832842649,0.0748839649477464,-0.2059928600214196,-0.10369537878005736,0.04823720530248145,-0.03783586589141166,26.871064294494325,-15.92931035373695,23.57767666962285,27.762556215962373,-15.076908623264998,22.26563601907048,27.62578515806453,-15.021621917746348,22.30283708585831,1.1357341522555726,-0.3015643446504024,0.9029842786459782,-0.30369060987211943,0.13986361505745007,2.866410341182315,1.0947117051543394,-0.2854239830141212,0.8173344202309297
511.0,25.66545293012286,-16.052044432092963,9.4407374372132,25.562131119713793,-16.37826998340073,8.324445290126443,25.885047765945625,-16.179126716036556,9.351579112689576,-0.10552451936247209,0.06694786448726919,-0.0396832593067078,0.024925331518007354,0.4994563485525987,-0.5622628517699821,-0.10871517469724983,0.04514148827421352,-0.053802841360403385,27.813144205037908,-16.611924224709647,24.2689415706347,26.72574756374732,-16.264984101256236,24.978908553109566,28.367141702506338,-15.725507730705768,23.128326977174115,1.1356402075370189,-0.30171929100279415,0.9032754232262078,3.43547928752728,-1.3108113618387598,-0.053779268212080095,1.0873090975342776,-0.29519180828054464,0.8248823314149653
512.0,25.559890243240112,-15.985072434970283,9.401068973888991,25.919410317838913,-16.35796302273362,8.58212718889179,25.79857755785456,-16.168808108223125,9.18651094499278,-0.10560109652403327,0.06699595827538385,-0.03965370784987954,-1.0592319659680776,0.22047851716154554,1.1387804245279094,-0.1068368082447595,0.04220104194338237,-0.06319809288024947,28.74983445539108,-17.30559987534559,24.951086483555667,30.365089823296227,-17.39059877614494,24.27526967225183,29.402523138916177,-16.48859454900743,23.790961484212737,1.135552561498035,-0.3018738131458573,0.9035644989789243,-0.822181870227942,0.8611051799016778,0.25287401303015605,1.0954462306325996,-0.29815881515796894,0.8297236126536861
513.0,25.454250737074794,-15.918052515542195,9.36143002151344,23.44366718777764,-15.93731294907764,10.602006139182262,25.342222187197113,-16.09717662021207,9.353212247186013,-0.10567814107987772,0.06704369396370868,-0.03962424105009266,0.29600254671247583,0.09350529804018315,0.1590724303218849,-0.13635017878747577,0.04468615075716553,-0.043785372744548544,29.68127346818075,-18.01009591364051,25.62405750397004,29.343792361000425,-16.7696464293129,24.95313084581019,30.2209631031918,-17.119253399838282,24.447453212471686,1.1354712525830704,-0.30202787295356515,0.9038513233176865,3.083434061236531,-1.282675457505673,3.227897744613764,1.0894737950602604,-0.2992695163986493,0.8310573997347382
514.0,25.348533961080356,-15.850985047042865,9.321820491788806,26.511415411263865,-16.170952426653255,8.900272049535559,25.408850977194398,-16.07090830670166,9.245813650820446,-0.10575561923571719,0.06709104140136368,-0.03959486617783892,1.0636071450391196,-0.27271364554681554,-0.5542557600754368,-0.11921062122929998,0.043130947361080536,-0.049156877557294414,30.6076102015407,-18.725172427325482,26.287802043458075,31.73061755233324,-19.514536688867985,27.19246914381593,31.201179327620654,-17.981803009399716,25.265150932094496,1.1353963164569025,-0.30218143241396545,0.9041357150780941,-0.01469051580384204,-0.6440921953500828,-0.5102967909017029,1.0973752311479545,-0.3083188901638037,0.8438364211022917
515.0,25.24273949860336,-15.783870432739468,9.282240289157762,25.570881477855878,-16.48274024017127,9.493494619031388,25.333366234994823,-16.098512576710192,9.242807548257382,-0.1058334970070689,0.06713797068269223,-0.03956559048092689,-0.41914612466418255,0.6565482888473948,0.1361547038777129,-0.11551840511006985,0.037158060924840176,-0.04525990306233184,31.529004117979582,-19.450591104978997,26.942268173735965,31.992140542331413,-19.792218748366395,26.3712235695222,32.10225038792657,-18.804253375451246,25.906249380161295,1.1353277859889928,-0.3023344536385591,0.9044174946322161,0.8079874948536538,0.6860377474620464,1.0225562255449623,1.1002398202956205,-0.31460728630612184,0.8457335692606609
516.0,25.13686696706622,-15.71670910567748,9.242689310826952,25.6731231619355,-14.857855848958465,9.172581457290985,25.288631625514043,-15.874240921712344,9.193666034622643,-0.10591174023416983,0.06718445216615176,-0.03953642118269762,-0.34126854242236604,0.1093254505172574,-0.4345717100334614,-0.10954141672236734,0.05295794519231893,-0.045587666515966886,32.44562518497032,-20.186115341085227,27.587403953243577,32.35764339570659,-19.756053509119766,27.67917948374017,32.944833111789414,-19.54978133845158,26.607982207464065,1.1352656912390695,-0.3024868988716486,0.9046964840020464,0.7592380928158201,-0.4991002250409484,1.1990966241330474,1.0978054200373866,-0.3186809188008635,0.8508430646760777
517.0,25.03091601813502,-15.649501528407164,9.203167446792367,24.888344393011145,-16.264089339136756,8.624351198964465,25.133886590331656,-15.890128162868312,9.066652043646961,-0.10599031459695496,0.06723045649304105,-0.039507365480239365,-0.4533860241971297,-0.23361824448080437,0.3153011804693815,-0.1133584132568943,0.0471446531006095,-0.05246331074247725,33.357653910484366,-20.931510325342156,28.223156734720533,32.842854649287396,-20.822573263979155,28.469475644769407,33.743562035643336,-20.342193366494147,27.31280262047379,1.1352100594439423,-0.3026387304996538,0.9049725069719193,0.047199815105671374,0.284893911109357,-0.06698597852210803,1.0948645906183445,-0.32528778892484034,0.8552821285111338
518.0,24.92488633787231,-15.582248192691399,9.163674579866473,24.76635111354124,-15.325092337920074,9.803183818229748,24.981010074396615,-15.762464535236067,9.136857507029836,-0.10606918563011192,0.0672759546060453,-0.03947843054261213,-0.3158960058062945,0.8970108591066737,0.15503643300643954,-0.11669532446250921,0.053943680639140616,-0.04210515133660411,34.26528141682253,-21.686543116521356,28.849472451933224,32.85295740963583,-20.546896083347082,28.574499292169214,34.45000595747385,-21.034742617180363,27.948230525220474,1.135160915005555,-0.3027899110603923,0.9052453891998111,0.7561288330341485,-2.168793405947043,1.4997750005042743,1.0849357607613899,-0.32826073708862735,0.8548674628709545
519.0,24.818777646874796,-15.514949619195074,9.124210585707143,24.256552381398556,-14.470067620923409,8.934424064977344,24.769823078066416,-15.515972709732782,9.069825362806295,-0.10614831873819952,0.06732091776757887,-0.03944962350907755,-0.03435925959461805,-0.3227810973198215,-1.207688333786244,-0.124674207488868,0.07020245873510425,-0.04420998826574886,35.16870955626096,-22.450982701172126,29.46629488331492,33.58249309528989,-23.182888605346655,28.646245212793705,35.14943890398123,-21.93972371400181,28.512776757400196,1.1351182794802828,-0.3029404032523231,0.9055149583274578,2.538683492459715,1.8411096429497977,2.6542270594201174,1.0819898838915438,-0.33979666985033624,0.8497021005499047
520.0,24.71258970039591,-15.447606357156241,9.084775332848318,24.697632594352005,-15.970654532559717,7.38780715065726,24.6533087617818,-15.527376477163633,8.770977632413983,-0.1062276792108161,0.06736531757794406,-0.03942095148734026,0.48430084225367054,-0.1971803175755369,-0.04299233611381581,-0.12398518573552522,0.06331162359661227,-0.0657116160638984,36.06815107224039,-23.22460003744317,30.073564889851315,34.73938650566258,-23.149828982760244,32.15943503219008,35.89492415362565,-22.760576663894756,29.373956553848153,1.1350821715694759,-0.3030901699437495,0.9057810440892204,1.4961091904438668,-0.9789206456520098,-0.47257164610632235,1.0775164124500107,-0.3485638604094715,0.8637587057064815
521.0,24.606322288453164,-15.380218984039185,9.045368682732462,25.225154065905897,-14.864428256074483,8.848439392749713,24.637507612648903,-15.37083653351382,8.727525854081632,-0.10630723223784244,0.06740912599327142,-0.03939242155179379,-0.07538192818718414,0.5095119398914445,0.2622006196334459,-0.11485011852473083,0.07118382911214163,-0.06383199389259799,36.96382981008358,-24.007168084269043,30.67121962408219,36.64897581541254,-23.66912691523211,31.118856781867752,36.751646785284755,-23.565822549235744,30.034348407677737,1.1350526071112574,-0.30323917418198154,0.9060434784196291,0.9245756236798078,-1.4490184240759456,0.13751713132124282,1.0772171774774082,-0.3506071936355578,0.8704094778472801
522.0,24.499975235920225,-15.312788105169698,9.00599048974473,24.546868737977636,-14.951630652776828,7.912208389924151,24.52642172999686,-15.245544080361505,8.546856882209122,-0.10638694292469175,0.06745231534322382,-0.03936404074177169,-0.6009712687222617,0.0875495892285123,-0.3799006938596339,-0.11453226619850845,0.07575276490722724,-0.07369771604597772,37.85598098153606,-24.79846181613298,31.2591917065888,37.920341052445515,-24.90533298527016,30.27590744699788,37.64703753650456,-24.427834288395186,30.53155579841449,1.135029599073576,-0.30338737920245296,0.9063020955595354,2.4901928625819365,-0.38141224879177543,-0.3966461384448517,1.08046310847247,-0.3519681597668571,0.8693492687944858
523.0,24.39354840260378,-15.245314353352738,8.966640601248919,24.023211528461374,-14.689329077617458,8.088638005030445,24.351459878438252,-15.095091593206112,8.413375854025073,-0.10646677630761303,0.0674948583484829,-0.03933581605981473,-0.027168251077998917,-0.5878874994661434,0.6708057277022093,-0.11963494438579568,0.0820604143978,-0.07874582287962417,38.74485148779594,-25.59825822357422,31.83740836579196,40.665465174214496,-24.949321966489094,29.671093031638055,38.73954188639842,-25.21279571845199,30.900775281940604,1.135013157548517,-0.3035347484377926,0.9065567321608111,-0.9206691931362615,0.43177570149712396,2.413727069157171,1.0886582319324591,-0.3433229897734542,0.8683037576732417
524.0,24.287041683305,-15.177798388472732,8.927318857625101,24.49253223582164,-16.127405651709115,9.25381984532857,24.27235832356067,-15.186288215575495,8.47754079167049,-0.10654669736905475,0.06753672813797706,-0.039307754469941614,0.0661472208980296,-0.7757520452965903,0.8073523176993058,-0.1162123022930544,0.06743057874630944,-0.06667842880246261,39.630700306136134,-26.40633629955459,32.405790536287626,38.724620098236876,-26.1589151548637,32.035365531470575,39.516077586411534,-26.04162045942036,31.472888618185376,1.1350032897478772,-0.30368124552684683,0.906807227389521,3.0093634507179408,0.1427848070304627,2.9519771292536308,1.0854401004246,-0.3470313201279009,0.8690103466352359
525.0,24.18045500786567,-15.110240897076784,8.888025092309036,24.155505970257433,-16.24083316821064,9.703342640429057,24.156046509528878,-15.293296445882683,8.611810346167877,-0.10662667105299661,0.06757789826584926,-0.03927986289592855,-0.46647899919063285,0.2587931769290073,-0.13233113771683325,-0.11622070507085959,0.05270095416474781,-0.049710367793051866,40.51379894573628,-27.222477011737936,32.96425191028737,40.52724109314973,-27.93177518416782,34.69009583547028,40.40031375467714,-26.97920301363853,32.254981395595635,1.135,-0.30382683432365093,0.9070534230275096,1.4808120246540073,-0.8614473316958177,-0.21761756842850258,1.0895126284163863,-0.35399538088625243,0.8847373693800912
526.0,24.073788341199005,-15.042642591941034,8.848759131833244,23.559574237440373,-15.6098192978511,8.989157569894903,23.965158836192245,-15.298000452177963,8.628496629262829,-0.10670666228033632,0.0676183427281618,-0.03925214821960399,0.30779092882383274,0.2773768416526501,-0.42532297483282466,-0.12252558881299139,0.04785367550420473,-0.044103830197662876,41.39443197894124,-28.046463260662836,33.51269793600046,42.40108309148447,-28.433218053001085,33.85798371801029,41.38424980404135,-27.889792304463608,32.86630836134388,1.1350032897478772,-0.30397147890634785,0.9072951635723352,0.07411328559460566,-1.398189954352145,0.41528562445284806,1.0959903389856047,-0.35452807547392395,0.8947632631889162
527.0,23.967041683305,-14.97500421162046,8.809520795869828,24.7710878279051,-15.686079484905338,8.852696690763407,23.98698444467121,-15.317923283669193,8.626107266112975,-0.1067866359642764,0.06765803597932685,-0.0392246172791495,0.3004061910307403,0.5938333514764604,-0.047669291962950666,-0.1103365641598972,0.04213062276777963,-0.04058145783930932,42.27289765486054,-28.878079823707033,34.051024755978816,42.831873240037005,-29.743354066566567,33.12438114425025,42.30984946332488,-28.855959998317502,33.33187288977471,1.135013157548517,-0.30411514358605113,0.9075322963354883,1.4727413659927353,1.192320901550258,0.45205019145545394,1.1020641871239378,-0.35710200963516414,0.8948953861115645
528.0,23.860215069270453,-14.90732651998238,8.770309897274945,24.160386619501853,-14.42215259489818,8.893818985969002,23.920762075810128,-15.143073227804145,8.633457597561687,-0.10686655702571812,0.06769695294823741,-0.039197276867413144,-0.6373493730049304,0.13357801236362477,-0.030634865247971987,-0.10661155858920492,0.05333746048243587,-0.03653409437950397,43.149508603031805,-29.717113284646864,34.57911807753328,43.657146304369,-29.18451723412716,34.44077042200903,43.22966809600446,-29.668517825119824,33.87433777694447,1.135029599073576,-0.3042577929156508,0.9077646715388332,-0.5515415237720839,-0.013647377051309107,1.699316324108965,1.1016031885032775,-0.35396568874501066,0.9005997434413879
529.0,23.753308569253562,-14.839610305723985,8.731126242135002,23.496389081895238,-15.418923460178089,8.791426960267463,23.764746653419106,-15.140916125084264,8.627163869804946,-0.10694639040864296,0.0677350690540992,-0.03917013373023259,-0.6322808197193055,-1.1973245627111133,0.05187125337792242,-0.11078322411838323,0.04901578768563727,-0.03398059582044491,44.02459263580599,-30.563351948508238,35.096851966302076,42.400294640879316,-30.35411016565156,35.8610982846699,43.91578254695766,-30.527653727184596,34.505188158692405,1.1350526071112574,-0.3043993916985592,0.9079921424092109,2.545670440383661,-0.9344814845647896,-1.3475220852652023,1.0943263561784962,-0.35946568211326196,0.9033502994254182
530.0,23.646322288453167,-14.771856381874182,8.69196962981448,22.895824980063242,-16.816801720320406,8.997561492724847,23.536092081411507,-15.360078862291349,8.656053856195316,-0.10702610109548694,0.06777236022196487,-0.03914319456477333,0.3378108369638433,-0.469597414990627,-0.4226993002794823,-0.12073628853536364,0.026370775294528116,-0.028671799697527634,44.89849365919333,-31.4165857412823,35.60408755289058,45.88848073673869,-30.086169803599585,33.98898957581817,44.89248839706189,-31.276225355923913,34.86033121278434,1.1350821715694759,-0.3045399049973955,0.9082145652711442,2.7859608750378535,1.026052046558538,3.0131745510105796,1.093398754089726,-0.3495639592952592,0.9025088189165387
531.0,23.53925636706259,-14.704065585280055,8.652839853005455,24.172010755822924,-16.358118290159343,7.946028359708499,23.532996496179482,-15.492977955923374,8.521448794953502,-0.10710565412251505,0.06780880289793423,-0.03911646601786689,0.48484699142426635,1.810404886520141,-0.18463459978665764,-0.11080269976247949,0.012922017021229247,-0.037616811313430074,45.77157270315679,-32.27660609394181,36.10067164118482,46.99216870708617,-31.562937297615616,37.27250707457916,45.87875150901525,-32.09968447594125,35.521098358258385,1.1351182794802828,-0.30467929814260575,0.9084317996375861,-0.49009268064428485,-0.8664262293288211,0.6565021934723086,1.094863146620986,-0.34530366948499064,0.9189465167936232
532.0,23.432110980208137,-14.636238776078313,8.613736697778746,23.865518962911775,-13.195991947280124,8.628292293151532,23.49111964364254,-15.124941775218067,8.506291906910993,-0.10718501459513341,0.06784437406402954,-0.03908995468438281,-0.678363238405499,0.8308569721169796,0.7955225386659603,-0.1049825966609563,0.042907880505641816,-0.03572029390594253,46.64420908377953,-33.14320581003572,36.586435205440324,46.616397334155046,-32.63460091599522,37.05734874858062,46.71579004747947,-32.96410233480788,36.09224769492664,1.135160915005555,-0.3048175367410172,0.9086437082986548,1.1585431955703713,-0.8635520859285254,1.2985658810596277,1.092724363394844,-0.3451043725426499,0.9250024278390602
533.0,23.32488633787232,-14.568376837151996,8.57465994363669,22.815284279011927,-14.696404345925384,9.53707343704042,23.29738388418586,-15.022078256336405,8.636385664055744,-0.10726414770322101,0.06787905125274118,-0.03906366710559794,-0.5500556017486282,-0.9319615654739426,-0.21530169755570228,-0.11247691960148007,0.047970538578225905,-0.02171894446096001,47.51680171139711,-34.01617891596091,37.061191761535,47.609458144051864,-34.173728580453755,37.35803223659731,47.5660559105966,-33.908605438977766,36.62908356378842,1.1352100594439423,-0.3049545866843241,0.908850157408298,-0.11971170805120755,1.3328368081912578,-0.06916848745698313,1.0939288402789629,-0.3469922814228945,0.9297902196491037
534.0,23.217582684801695,-14.50048067357283,8.53560936356755,22.76540775941452,-15.05991507822801,8.197688898040127,23.119685451546015,-14.987448591377722,8.549837217917364,-0.10734301873637975,0.06791281256121362,-0.039037609767579085,-0.18620700219673125,0.17486117754608532,0.048393103994902376,-0.1179842284790698,0.046844034326837175,-0.027193151873286664,48.389770560706246,-34.895320492805865,37.52473559581124,46.868509470361026,-33.21799192424494,38.47773991961416,48.2437402340447,-34.66215965367834,37.22241766088115,1.1352656912390695,-0.30509041415750376,0.9090510165688331,2.5251784574783436,-1.7853566857017942,-0.03655435956724544,1.0817300598543031,-0.34611630794963605,0.9327087660691373
535.0,23.110200300399562,-14.43255121202957,8.496584724101531,22.442870274618464,-14.346681990833213,9.633859645030224,22.914817149053707,-14.84826462429545,8.695409974727816,-0.10742159309916133,0.06794563666507969,-0.03901178909958336,0.23174361518503694,0.25933911324846814,0.027814499543687532,-0.12532072543909628,0.05464122436014614,-0.012604787109667061,49.263558321084986,-35.78042648842784,37.97683983267647,50.30626159909249,-34.37154738862259,36.837596787345085,49.20640792433976,-35.46285075728569,37.56922381649079,1.1353277859889928,-0.30522498564715955,0.9092461589133094,0.9471707964860338,-0.28669812159468594,0.8555377923758235,1.080903490651657,-0.3368125364641323,0.933517316036655
536.0,23.002739498603372,-14.364589400242672,8.457585785368384,23.228894989784592,-14.541236851731073,8.253317897127502,22.857811783832968,-14.754383677090669,8.616030780011812,-0.10749983632626225,0.06797750283193427,-0.03898621147247461,-0.320951606479543,0.334131314235262,-0.6348666908913021,-0.11955217190086422,0.05795462915419472,-0.01824322250735358,50.1386322479318,-36.67129350815736,38.4172543195316,51.03076173590173,-35.215004223016294,37.227847246251564,50.14137535445397,-36.2682022902795,37.91598329037495,1.1353963164569025,-0.30535826794979,0.9094354611856393,1.006311620873833,0.25938336470076584,3.0061773332966473,1.079368819736978,-0.3284460737672325,0.9336954352163946
537.0,22.895200627747037,-14.2965962063657,8.418612301156582,21.800967061659378,-13.678419362362689,8.36412626324762,22.592534333945892,-14.538154297561332,8.561459137898128,-0.10757771409761574,0.06800839093442246,-0.03896088319714952,-0.2838234294449453,1.2739197654243242,0.16773657885128124,-0.13185722401872357,0.07131935955115151,-0.021310796663277756,51.01548623881495,-37.56771858221666,38.845703304594366,50.492671379901225,-37.37969421772727,39.836375393475876,50.9180061978245,-37.217989427777525,38.49745673084658,1.1354712525830704,-0.3054902281799814,0.9096188038184504,0.36873793400570926,-1.6098465771296668,1.26285846769134,1.0783453304636474,-0.33192617341725095,0.9403318920143058
538.0,22.78758407040814,-14.228572618373827,8.379664018974085,22.661248130894702,-11.993397320882424,8.588791054830065,22.49186082922374,-14.082277966728784,8.547711052534117,-0.10765519225345521,0.06803828146295565,-0.038935810522980674,0.17633472325706023,-0.3902752992104901,0.3902632066503644,-0.12922406869745315,0.10379137565772885,-0.020672200820636037,51.89464316168732,-38.46949890758349,39.261882879705816,51.218911648423216,-39.37538769245301,39.2606928061704,51.68864401082825,-38.28830118707424,38.94838646149291,1.135552561498035,-0.30562083377852134,0.9097960710086062,1.7103052162684085,0.8213699847064663,0.31170475319699226,1.0819213414157594,-0.33855738006036573,0.9395116623067383
539.0,22.679890243240127,-14.16051964343979,8.34074068011062,22.1536365081735,-14.45896996078367,9.144652676548349,22.33014250900958,-14.053189598791269,8.623062175793034,-0.10773223680929966,0.06806715553803588,-0.038910999636274646,-0.004919623364362025,-1.5529177856187433,0.17825560953705644,-0.13196788544612836,0.09748344874167893,-0.012563984980136519,52.77665746645125,-39.37643156162068,39.66545815617069,52.244804480371734,-39.11140458106177,40.342600003958715,52.49258196733513,-39.224730381002836,39.451122312509646,1.1356402075370189,-0.30575005252043286,0.9099671507903496,1.2687531960636635,-0.8089136320694744,2.494218929802311,1.0803280161292046,-0.3397591260229415,0.9441777794114161
540.0,22.57211959678954,-14.092438307297755,8.301842019701535,22.651408884165978,-15.099232892119911,8.945302273904177,22.268641084221827,-14.133495627117744,8.662551755161829,-0.10780881397086262,0.06809499492217785,-0.0388864566587479,-0.07853237637619692,0.8729743752702586,-0.06282563187748469,-0.12601769284437264,0.08247089353119857,-0.008168578561391835,53.66211811585296,-40.28831318431428,40.05606013698395,52.769240458639324,-41.582794160996094,41.492325167228735,53.27043532523348,-40.331995626363614,40.01126030907456,1.1357341522555726,-0.30587785252292476,0.9101319351060241,1.9762195697168337,-0.2522197358391081,-1.5285823237694738,1.084569690210347,-0.34826417219437483,0.9506855402168296
541.0,22.464272615298402,-14.024329653595434,8.262967766793125,21.996571755421105,-12.713021210243152,9.01900141279338,22.119916057105048,-13.842999037309527,8.711072087456069,-0.10788489014887048,0.06812178203143038,-0.038862187646013346,-0.3040921973176509,1.0198748010497978,-0.33684288606274304,-0.12793510165320035,0.10003659709283394,-0.0033817631768348734,54.55165187716718,-41.204939625406,40.43328224331408,55.701344988267614,-40.48986035594535,40.03667035539049,54.280300835638585,-41.21902587725342,40.34610762078964,1.1358343544464378,-0.30600420225325886,0.9102903198743237,1.6429646979234238,-0.4460217891625371,2.02576942577449,1.0855800608470583,-0.34054427606779536,0.9561401706973579
542.0,22.3563498164918,-13.956194743234894,8.224117644409509,22.043224489530676,-13.059483290020315,8.271616501778691,21.999948028535336,-13.636698724441757,8.639891877585178,-0.10796043197379568,0.06814749994648128,-0.038838198586085504,0.4243607842576296,-0.4178502356765934,-0.7130798508330187,-0.12726236147473652,0.10900951228584332,-0.009106668502863551,55.445927022544446,-42.12610555205354,40.7966764467066,56.67603571492067,-42.42120867281266,41.04620179209481,55.28575377581867,-42.22053986276808,40.74963944702516,1.1359407701576216,-0.3061290705365298,0.9104422050560342,1.164361427900032,0.49359719440802463,1.482444503784416,1.0907361115476986,-0.33771488718314513,0.9650689781015102
543.0,22.24835175135081,-13.888034653702471,8.185291369620954,22.845293323936364,-13.548721681596339,7.592841711127342,22.023901550648382,-13.530959229030636,8.469411255209046,-0.10803540631049735,0.06817213242334486,-0.03881449539790616,-0.17671518414104703,-0.01969730803053782,-0.17973529031978686,-0.1144936822564892,0.10873339184451858,-0.022733095848320336,56.34565749340913,-43.05160401188741,41.14574895096265,56.70032308584127,-43.38906574636657,42.72082655240345,56.19311744104308,-43.22767874478313,41.28002656243571,1.136053352711676,-0.3062524265633571,0.9105874947172193,-0.40690069839319243,-2.252189122400703,-0.5952469178966688,1.0926666860668124,-0.3384705374440385,0.9770113487574605
544.0,22.140279003870805,-13.819850478388204,8.146488653613696,21.689794121248582,-13.098877906081391,7.912145921139118,21.87526348695758,-13.371953414629475,8.363571920028331,-0.10810978027275553,0.06819566390361942,-0.0387910839298824,-0.5478575287002307,-0.43575372492172004,0.4056934182746348,-0.11737683608461949,0.11297839853243893,-0.02975059219786355,57.25160759312413,-43.98122594542987,41.479955358828974,58.41840824854889,-44.095048277869815,39.64779203471371,57.187306738784166,-44.21691074391405,41.42304787003252,1.1361720527261725,-0.30637423989748697,0.9107260970898151,0.8873462163802943,1.766255198721124,1.0555709223744372,1.096161004351771,-0.332676956284096,0.9719452584102929
545.0,22.0321321908053,-13.751643325895232,8.107709201761189,21.749578266535902,-14.420229131439779,8.404228547676611,21.756594907311378,-13.439520651205001,8.344767869207896,-0.10818352123768982,0.06821807952431858,-0.03876796995844334,0.8389426418085222,-0.6659047266180833,0.08688020611431124,-0.11748591099645245,0.09773311315466299,-0.02882626551946597,58.16459728252999,-44.91475964077492,41.79869524825677,57.313983714759054,-44.04943500761415,42.51115140469014,57.96686117300294,-45.09265712261025,41.84091591940286,1.136296818135361,-0.30649448048330186,0.9108579246295921,2.1763390124852218,-0.041136015462018616,1.6082361971578147,1.0888519475361675,-0.3308283881697288,0.9733770118682835
546.0,21.923911961395426,-13.683414319339567,8.06895271369681,23.367679404865626,-14.430687359317558,8.08590633336774,21.907857961866284,-13.51108391099935,8.280176939065456,-0.10825659686007505,0.06823936512725481,-0.038745159186615474,0.5272975596700231,0.37465778096352764,-0.028674703456919914,-0.09479273055837384,0.08343771621811191,-0.0318462361672838,59.08550816522451,-45.85199012216265,42.10130607074189,58.6803580715771,-45.43502987427439,43.661902171816585,58.806581345324865,-46.02584107162751,42.325866706329265,1.1364275942130095,-0.3066131186532366,0.9109828940714509,0.2017574410186644,-1.9053596789357021,1.6658479675058158,1.0851411344036266,-0.33015658379619167,0.9816881701293815
547.0,21.81561899708515,-13.615164595640723,8.030218883387958,22.80417338587595,-13.670913569512724,8.346879140762772,21.96715747422268,-13.465468116866724,8.263652491702262,-0.10832897508653083,0.06825950726798435,-0.038722657242617586,-1.2020504316730385,0.5918035112796565,-0.11269995982967496,-0.08178117136818659,0.08024403061400169,-0.03055246330660685,60.01529026394091,-46.79269846257275,42.387056269783464,59.71190860798805,-47.84170450924353,42.52087756981095,59.66672718536026,-47.123286726317,42.63076679227395,1.1365643235964087,-0.3067301251350978,0.9111009264820134,0.6378516241045887,0.480091305034221,-0.08615187939522927,1.0889554685132738,-0.3329151683657706,0.9808756964661961
548.0,21.707254011222364,-13.546895304803598,7.991507399211574,20.96357854151955,-13.247080336758245,7.86050641370839,21.74206007252863,-13.363746228254936,8.175171147961908,-0.1084006241695743,0.06827849322430346,-0.038700469678464966,-0.2576723200770221,0.5117380982079673,0.7093166763406433,-0.09388280334216545,0.08205762236482851,-0.03544398180440601,60.95496970655048,-47.73666100866171,42.655137500346676,59.941455751434546,-47.52592170935453,43.0730587296743,60.47253064275913,-48.074401973590774,42.9436744132364,1.1367069463115318,-0.30684547105928694,0.9112119473094793,1.1188159715262493,-0.3235584286216471,1.6870220455162253,1.084724151197794,-0.3321725048258256,0.9790606497564937
549.0,21.598817748746,-13.478607609192116,7.952817944031028,22.288828745721904,-12.647437373096789,9.765512493444058,21.74778236525091,-13.18307858580085,8.39249565204358,-0.10847151268154853,0.06829631100427314,-0.038678601968608284,0.46623783279460973,0.03241753778535461,0.0948563963350515,-0.08547214243820508,0.09038425898758566,-0.01410019412691823,61.90565746059718,-48.68364850420854,42.90465580985234,60.43319615956367,-49.15054923744405,43.91244641792548,61.25043198088182,-49.09788914085404,43.296812058579064,1.136855399799342,-0.3069591279659232,0.9113158864307143,1.8292296884600343,0.9014153055923132,2.614939705566536,1.0828110179106005,-0.3351080519027501,0.9784917644148677
550.0,21.490310985859267,-13.410302682795052,7.914150195274358,21.89605420710877,-13.182245261187536,8.050219206378493,21.69865149862807,-13.106617231462211,8.327372353689537,-0.10854160952841063,0.06831294935379972,-0.03865705950857734,-0.5771553105001033,-0.22880282348227166,-1.0483948277637527,-0.08240348270313914,0.08920860799755295,-0.0184085884247774,62.86855927951616,-49.63342509563629,43.1346216169904,59.77230602157307,-50.96874024938468,47.15992815730442,61.89236971504306,-50.213149331395535,43.93183897151436,1.1370096189432333,-0.30707106781186555,0.9114126781955417,1.3800133994310961,-2.602435364102855,-0.8868335264837477,1.0811759787296087,-0.346776906660487,0.987182252596059
551.0,21.38173452968918,-13.341981710484516,7.875503825013873,21.134518124721698,-13.105043020061332,7.668722837916553,21.541351205650027,-13.031033554977757,8.209422499211998,-0.10861088396336704,0.06832839776374655,-0.038635847613651464,-0.25252115289375254,0.4154588244227737,-0.4589602510135937,-0.08872777431973389,0.0880581178788323,-0.026813859518326523,63.84498705258332,-50.58574720004183,43.34393829577869,64.52894301979039,-51.400603180405525,42.82749557888942,62.97192139310027,-51.266071768887635,44.0296778608249,1.1371695360975924,-0.30718126297763193,0.9115022614682085,2.197860034426901,1.7154966919718195,-0.8378416140436628,1.0858569208502713,-0.3423940947652952,0.9881706347856407
552.0,21.273089217932533,-13.27364588726756,7.836878500047055,21.391011901321264,-12.351327612341988,7.132298704351306,21.44304439719084,-12.85098916908948,8.01931201767858,-0.10867930560035965,0.06834264647656596,-0.038614971517549446,0.41388639327854726,0.4108635748339271,0.02345153758423324,-0.08953662859644994,0.09582544443758269,-0.04060263708892893,64.83637178514373,-51.5403622123689,43.53138913780809,65.26545485431375,-49.91402477919079,44.71712009519435,64.0325959196726,-52.050665815300626,44.29520651280249,1.1373350811174696,-0.30728968627421416,0.9115845796659992,0.3058853605426241,-1.8336656724814195,1.4549556001737591,1.0773930138691612,-0.3313455819439331,0.9988835300825966
553.0,21.16437591848846,-13.205296417531384,7.7982738819787745,21.962290911278792,-12.283315870393478,7.715625913085019,21.448158145016556,-12.681803321105535,7.9378065574267715,-0.10874684442739735,0.06835568649246682,-0.038594436371135465,-0.910357400774771,-0.60554114645337,0.7676435527731269,-0.08154434454700767,0.10202000176833341,-0.04405647418392099,65.84427847692277,-52.49700702374528,43.695622424378676,66.91101820004401,-51.98754236563144,42.992464907277046,65.15094293637729,-52.979462241553435,44.346205785024075,1.1375061813893483,-0.30739631094978614,0.911659580794976,0.10622570595650954,0.8808987566115298,1.4328819457168203,1.076593099434684,-0.3218970810440176,1.0006730300408058
554.0,21.05559552907774,-13.136934514282625,7.759689627304784,19.57029709977172,-13.562409905248728,8.66758580989756,21.08733200047626,-12.732556892910292,8.014061960627993,-0.10881347081971882,0.06836750957509441,-0.03857424724114811,-0.5157747890194937,-0.7423785452970773,-0.17392148522414663,-0.10512691822246933,0.08911979110463261,-0.03389733129478024,66.87042321562966,-53.455406317378156,43.83513429084669,65.21246443314686,-52.93991045396519,45.26826571288415,65.97269928708151,-53.90919437776735,44.62602298402883,1.1376827618629943,-0.30750111069630465,0.9117272174828183,1.3555032048825064,-1.0096468560927048,1.0276652181828327,1.0696685972919557,-0.32047099098657333,1.000847507873523
555.0,20.946748976849022,-13.068561398381195,7.721125387496478,20.930741333239805,-13.768072960987633,7.367782942636726,20.97420377131934,-12.81828952452562,7.884954770360638,-0.10887915555278482,0.06837810825673785,-0.038554409108954246,0.927987068376817,0.472472552610272,-0.5761287351147351,-0.10580254944733422,0.07435524095770031,-0.04193685808780799,67.916692862283,-54.415270601517285,43.94824900630171,67.26005914466616,-54.28730049827388,44.40871556478325,66.93259531354434,-54.88410780169839,44.766052718993166,1.1378647450843757,-0.30760405965600035,0.9117874470087441,0.7144542320570423,-1.019013793592286,0.6833652777203996,1.067303941116119,-0.31702658970428,1.000708564387409
556.0,20.83783721797217,-13.00017829776915,7.6825808090868755,21.426271236525356,-12.617464800028184,7.515328339668089,20.95513589499181,-12.724271478566175,7.792070474306835,-0.10894386981510351,0.06838747584304272,-0.0385349268693167,-0.2293285921456345,0.2810279049809239,-0.18470726901391643,-0.09847866790863745,0.07601556951341365,-0.04623886312156946,68.98516777571933,-55.376293930545366,44.03309622068276,68.95352417547838,-55.3013921213191,43.21063984934497,67.98315815923279,-55.8639244611614,44.744512642379846,1.138052051229637,-0.30770513242775793,0.9118402313304943,1.8653746864466205,1.2602076325463052,1.9486038467026126,1.0667572807614223,-0.31117518277906087,0.9967209938292906
557.0,20.728861237218815,-12.93178644669511,7.644055533757845,20.472084148948536,-13.206017151025785,6.998368404608893,20.796865843164802,-12.734973670772732,7.629619993445305,-0.10900758522086207,0.06839560641723796,-0.03851580532918453,0.16215689681684964,-0.2357733066772134,0.47111591166913236,-0.10352745632394637,0.068693115974438,-0.05605177981489889,70.07814810894041,-56.33815125484619,44.0875846462667,68.02351095775171,-56.65262608279283,46.58316849971358,68.83804061415054,-56.87953329058982,45.06285825040882,1.1382445981401124,-0.30780430407338333,0.9118855371083597,1.7431035410963278,0.1352451848952893,-1.22900070399954,1.063614913051461,-0.3135365578002388,1.0018414594456082
558.0,20.619822047530445,-12.863387084934674,7.605549198428506,21.750585030159055,-13.089011413382611,8.457560163006354,20.857713491446887,-12.732004508181499,7.711006596686902,-0.10907027382237011,0.06840249484388128,-0.03849704920651398,0.551778888485627,0.5549266613610051,0.1332794059166451,-0.08964761161198649,0.06314338100087621,-0.044446473653365785,71.19818431206431,-57.30049532724365,44.10937153837255,70.2294943284878,-55.456130240294115,46.0253048114717,69.84928744470602,-57.66636317462059,45.26564601033459,1.138442301358363,-0.307901550123757,0.91192333572624,-0.639580776116722,-1.161186413640025,3.941684633774689,1.052360121577924,-0.30503146021739974,1.0100041321398712
559.0,20.510720689574075,-12.794981457007347,7.567061435344817,21.57564192591979,-12.096163828303775,7.264927216442183,20.893623523258487,-12.579821186495618,7.6041163674052585,-0.10913190812233786,0.0684081367720939,-0.03847866312909698,-0.5332078678188292,0.1727518387592415,-0.7807797966735657,-0.07904551589137301,0.07066191948535089,-0.049719228511404416,72.34811259880867,-58.26295307786859,44.09582721798099,69.15119281571792,-59.555819413817716,46.54479777267399,70.64474509777357,-58.80906495678187,45.486322962252764,1.1386450741652236,-0.307996846584871,0.911953603309718,1.5617570884764402,-0.9716601809978402,-0.11526409522968818,1.0534828863740002,-0.31169437443526476,1.0074717005051508
560.0,20.40155823128577,-12.726570811390486,7.5285918721703124,20.684169294521396,-12.743507735864128,6.896000569659223,20.794302751871125,-12.54559452488086,7.452033129867038,-0.10919246108592873,0.06841252863831127,-0.038460651633422493,-0.5281273306562255,-0.693660212619406,0.5282942437794418,-0.08075755980735484,0.0675853238993215,-0.058362852208503686,73.53109627912914,-59.22512134950881,44.04399373329226,72.34536966634823,-59.767395595392905,44.653450309361375,71.72041211882585,-59.85326294748784,45.45199717879568,1.138852827617839,-0.3080901699437495,0.9119763207411392,1.7803282168471866,-1.9813458954211038,0.3465215629929755,1.0543234489226498,-0.3094477953062104,1.0061327869721424
561.0,20.292335767402218,-12.658156399730725,7.490140132077972,20.51938726460734,-13.483484253542587,8.321515704001067,20.683358546556363,-12.634335133050481,7.53792676688664,-0.10925190615260938,0.0684156676685399,-0.03844301916355786,-0.4131734918248604,0.14729000946085424,0.37700338713313686,-0.08330652215187766,0.05438515184912111,-0.04618182471058938,74.75067403350862,-60.18656186082658,43.950536584391294,77.30635724463058,-60.62082610996903,40.98851104073318,73.2370241598313,-60.88423142759846,45.00004090898926,1.1390654705886787,-0.3081814971742503,0.911991473671687,0.47662929973848184,2.2409181081537746,0.38466036829649447,1.0612567001462603,-0.2977964723587154,1.0051700994125847
562.0,20.18305441898055,-12.589739476053406,7.451705833843197,19.857822310871676,-12.44892771694242,7.6500073439254965,20.484654082424978,-12.559579333983518,7.516350741595872,-0.10931021724780798,0.06841755188010001,-0.03842577007005055,-0.31345270664679603,0.6864243093023772,-0.6203298358494815,-0.09305073201014179,0.05610525064840964,-0.04410410937906575,76.01081640790768,-61.14679523402561,43.81168823169084,73.77217058133118,-60.43356730194218,45.59498864738692,74.24755090881061,-61.7740305890915,45.05610735575818,1.139282909805508,-0.3082708057427457,0.9119990525304457,2.164289734453593,-1.275021432030716,2.0004134070269575,1.0531910713693526,-0.2939211977039878,1.0063180018726456
563.0,20.073715332906602,-12.521321295970525,7.413288591937871,19.892481851313747,-12.110635634937832,7.080856032302104,20.314002585120974,-12.44239764345547,7.4113952961455185,-0.10936736879435216,0.06841818008288225,-0.03840890860885793,0.35820273937012104,-0.4730805875589734,-0.09332681080876348,-0.09960334576749635,0.061262549274138565,-0.04924240022431925,77.31599204513894,-62.1052938850332,43.62318187208875,77.29379132128452,-62.68913498045452,44.052059190567434,75.54555124857013,-62.80939378193662,44.911774980704635,1.1395050498922994,-0.3083580736136827,0.9119990525304457,1.4608564033982152,-1.8854596480996464,0.5910709047786474,1.0555836027431504,-0.29001859391132784,1.0116797842844354
564.0,19.964319681391846,-12.452903115887642,7.374888016625481,20.574227789611918,-13.395088892060366,7.46335372230797,20.270343475225758,-12.538779256634243,7.377887064034832,-0.1094233357236849,0.0684175518801009,-0.038392438940292095,0.6598185547431417,-0.4870412422481962,-0.10938689880610664,-0.0948794107878195,0.047951065763069824,-0.04791380602745158,78.67124543889426,-63.061473526060226,43.380173696324796,82.21264267452638,-63.606644052379856,40.17673313624016,77.26643849837741,-63.844339967050495,44.33138136701475,1.1397317934110696,-0.3084432792550202,0.911991473671687,1.1880733503442833,1.8610755028660155,0.8199698618751201,1.0634557162662555,-0.278316252856175,1.0157085891231608
565.0,19.854868661459232,-12.384486192210323,7.336503714057287,21.21211896080003,-13.084718119434225,6.862082234689891,20.336637673365246,-12.58316304929705,7.257228041564174,-0.10947809348686022,0.06841566766854168,-0.03837636512799669,-0.23456440021627678,0.6023621794337632,0.04011131677650459,-0.08126990058285953,0.040154304206484595,-0.05405641691849623,80.08228829700293,-64.0146829700909,43.077151540689385,79.38861956338468,-64.11889188055109,44.64548781601237,78.55157334012398,-64.81415761364282,44.24271259313534,1.139963040904617,-0.30852640164354095,0.9119763207411392,0.3091541842845891,-0.5812752644617012,0.3814908565112562,1.060969794554413,-0.274896098699168,1.023923969262925
566.0,19.745363494418125,-12.316071780550558,7.2981352863694875,20.105098989179364,-12.19036453319284,7.543576355860979,20.232004778745114,-12.488181492069007,7.256095948081021,-0.1095316180653132,0.06841252863831215,-0.038360691137945935,-0.6169412721840306,0.6406810062468828,0.58724499323043,-0.08324267334562659,0.04478392108032013,-0.049587483544864495,81.55560691882032,-64.96419185152277,42.70782752792958,80.75351802113484,-64.59491890440779,43.474421858113764,79.8872641408204,-65.73682661502511,43.99168481633055,1.1401986909401483,-0.3086074202700395,0.911953603309718,1.0452731755043605,0.28281812408633844,1.9043836019631,1.0564187397389755,-0.26871420658649414,1.0265535058050457
567.0,19.635805425328606,-12.247661134933699,7.259782331781395,19.97823641643197,-11.80335610694046,8.03657222115075,20.122249675079466,-12.343887316432635,7.335562378006124,-0.10958388598139379,0.06840813677209301,-0.03834542083746051,-0.1460151034370334,-0.07888566602325575,0.07433483983774991,-0.08548138471655196,0.05318657356103475,-0.03869016255013694,83.09858830161743,-65.90917578343715,42.26501198224097,80.50538228788108,-66.4279497420298,44.895595326927705,81.09165490590334,-66.75532985951828,43.87475959245831,1.1404386401537696,-0.30868631514438194,0.91192333572624,1.0204601182674873,-1.6383937072222219,-0.11571959959879366,1.0536624982516758,-0.26912651559691825,1.0296288350500822
568.0,19.526195722455338,-12.179255507006372,7.2214444446945665,19.813068782305297,-12.348135865239351,7.692246035536479,20.001988676476525,-12.299630451286307,7.3583428414872465,-0.10963487430867147,0.06840249484388217,-0.038330557994259884,0.38410830735297274,-0.20017183038663866,-0.7678107593136625,-0.0884181776149779,0.052432548391491716,-0.03349957881967627,84.71966794116629,-66.84869835611548,41.740465652923824,85.29377903509604,-66.51568962777743,40.786361070524165,82.7457048378298,-67.6784481705898,43.25900038780442,1.1406827832958253,-0.3087630668004387,0.9118855371083597,2.816474430544745,0.23042873679366785,2.459017681077995,1.0519151164667413,-0.2591729084825602,1.030313039371389
569.0,19.416535676711263,-12.110856145245934,7.183121215792875,20.746453031137914,-12.203699767713736,6.500950702523426,20.043062660631655,-12.240435043380675,7.196748814116963,-0.10968456068197519,0.06839560641723885,-0.038316106275528394,0.13435714364348605,0.11070237814996897,-1.0341512428013968,-0.07748385090478126,0.05300360469645981,-0.04431588253311173,86.42850238880784,-67.78168923979479,41.12472718420218,87.15345175149025,-68.95404039660559,41.820482105503594,84.46420661304072,-68.75711792154145,42.771842718340736,1.1409310132770643,-0.308837656300887,0.9118402313304943,-0.17858513502456205,0.45302687215250476,-1.4113989133596125,1.0566439716226739,-0.25670623207970195,1.0412842773792161
570.0,19.306826601091387,-12.042464294171895,7.14481223214351,20.08178306959227,-12.126731108939413,5.623943549933685,19.98364563215829,-12.1779940731324,6.914791503648536,-0.1097329233072184,0.06838747584304272,-0.038302069247011516,-0.4780940135178966,-0.07255557800692891,0.27109653858125693,-0.07595828722293518,0.05380049646825901,-0.0643823404360656,88.2361694072411,-68.70691748463878,40.40691298876486,86.05157305813465,-67.51822359818567,42.814547167420265,85.97300982723704,-69.57330548473887,42.351538301547244,1.1411832212156128,-0.30891006524188375,0.9117874470087441,1.9470757305348336,-0.6191189085784283,1.4100518169815577,1.0460756609492363,-0.2486610041244452,1.0458126836561745
571.0,19.197069830096826,-11.974081193559849,7.106517077298852,19.79026500410212,-12.348810923727594,7.0431437796859395,19.88943114173099,-12.159115891294533,6.880374519871915,-0.10977994097096122,0.06837810825673962,-0.03828845037213391,-0.381065059522248,0.17718640356317206,0.9704540267314421,-0.07749984222978289,0.050851653909564955,-0.06185206373651049,90.15539775115937,-69.62295891269846,39.574487498712266,89.40836970335472,-68.95174261607049,41.29687379539697,87.74774255301485,-70.45478666317047,41.73363860246236,1.1414392964847335,-0.3089802757576062,0.9117272174828183,-1.9776601016490036,-0.584721414061328,0.13616466568583863,1.0406687093796776,-0.2406224301995427,1.0544210515407142
572.0,19.087266719149465,-11.905708077658415,7.068235331399242,19.319652950547773,-11.77235830181307,7.564851603396569,19.735394470923023,-12.056039362852262,6.934557756343648,-0.10982559304969897,0.0683675095750953,-0.0382752530111512,-0.5588434097517911,0.4353194040205972,-0.0974299413590658,-0.08396261710044968,0.05526152577156561,-0.05205403530722874,92.20082672314854,-70.52815627681773,38.61300364331418,88.95059327931294,-69.0962734663169,39.66911562458991,89.36453817054284,-71.25800690296032,40.923422616048285,1.1416991267613497,-0.3090482705246602,0.911659580794976,3.035003711929388,-1.0602343227048645,0.8544613212873262,1.0296067249627976,-0.23031148557376413,1.0447057674269593
573.0,18.977418643997428,-11.837346174409658,7.02996657127655,18.67257818459854,-11.4781721156864,6.848283896967808,19.499244873339276,-11.919525869373059,6.877183404158209,-0.10986985951892336,0.06835568649246682,-0.03826248042031466,0.03252069309254857,0.21705941797436257,-0.6139741621345864,-0.09681329580482526,0.06212244730239093,-0.05250328321654556,94.38929196685642,-71.42057063938024,37.505817091400054,94.89756950651245,-69.91484857817085,36.56070451745025,91.55094601645987,-72.05345753610808,39.74709852266104,1.141962598075315,-0.3091140327663545,0.9115845796659992,2.8230528696454975,1.4257423236369478,1.8181376382174534,1.0242353988589525,-0.21553135824374173,1.0467253111005308
574.0,18.867527000111618,-11.768996704673482,6.9917103705586126,19.38469433673287,-11.338239465864344,6.336903279127396,19.399673885343503,-11.776686561772808,6.748843162835106,-0.10991272096189597,0.06834264647656685,-0.038250135751068726,0.4226012493988094,-0.29883158867497883,0.3354114308017029,-0.09704615551594421,0.06893818432811896,-0.05890696097826781,96.74012726545958,-72.29792224303323,36.233784490195184,94.02878678012623,-71.83930584176727,40.467853476496195,93.46878704685992,-72.95835985987586,39.04728495271317,1.142229594859403,-0.30917754625683985,0.9115022614682085,0.4564066873537208,0.369692159390176,1.0529925525751098,1.0190856054130886,-0.21183655081740463,1.060239647314909
575.0,18.757593202073636,-11.700660881456525,6.953466299774412,19.517780683396158,-12.075835293036357,7.519106758571214,19.33607857071946,-11.76497658018894,6.818851245340355,-0.1099541585781676,0.06832839776374655,-0.038238222049277404,-0.23998726719832497,0.49631406523747046,0.21095222983618234,-0.0942215642971165,0.06410583110079451,-0.04802136617438713,99.27546058533567,-73.1575190930861,34.774967460544495,93.54278696491674,-72.91444603063361,41.45663576792397,95.25807071696677,-73.88631625480133,38.39328759635352,1.1424999999999998,-0.3092387953251129,0.9114126781955417,-0.15998781705036905,-3.4325645335479478,2.5325316079668396,1.011875728266319,-0.2114654668431961,1.0695984458723906
576.0,18.647618682955283,-11.632339909145989,6.915233926460058,18.90471980233622,-10.345611335389403,6.758807738799761,19.189440700786875,-11.490162198436362,6.768960740500195,-0.10999415419183656,0.06831294935379972,-0.03822674225446665,-0.6123487734944657,0.24910329308300927,-0.4271598956448637,-0.09864760061410427,0.08189807506339736,-0.048179196367032266,102.020463569429,-73.99617170905101,33.10438314389291,106.63549690953792,-74.81992687708075,27.66759523004066,98.41989667048014,-74.93398339073272,36.1657376197389,1.1427736948884741,-0.30929776485888255,0.9113158864307143,2.841787878690741,-0.9936566338909374,-0.027064115978820014,1.0222116936735222,-0.20125018336755432,1.0676771957318836
577.0,18.537604893689963,-11.564034982748925,6.877012815265479,18.293083136407226,-11.577628706870339,6.664786967281486,18.966769382937123,-11.434596031168446,6.712075804100282,-0.11003269025950502,0.06829631100427314,-0.03821569919910539,0.04139641572974284,-1.1407766888268256,-0.3287914520701807,-0.10912017150588676,0.0796746070263919,-0.04891430963159078,105.00348352305747,-74.81009331503068,31.193872258139866,112.84883294992875,-74.45868104529481,24.171311957776727,102.26410168795043,-75.82354945729415,33.45054527134367,1.143050559473202,-0.30935444030829873,0.9112119473094793,-0.19458080053284532,1.990115123154066,0.1929398313004516,1.030760463481474,-0.18441126362496157,1.0768958552557413
578.0,18.427553302436273,-11.495747287137442,6.838802528061847,18.987512633795706,-12.627164713043054,6.1012248346594,18.87783968805329,-11.552723067702802,6.575794560913607,-0.11006974987797413,0.06827849322430435,-0.03820509560790164,-0.36153989378932394,0.4076830124757631,0.6666225087877686,-0.10741528632363133,0.06297222315278868,-0.05629157928328829,108.25594140940157,-75.59478659610166,29.012201144999462,105.93888808369582,-75.30303019811014,31.1266697533566,105.17452538628183,-76.66574920828714,31.557802360254254,1.143330472312226,-0.3094088076895423,0.9111009264820135,2.2877006577345376,-1.5801482391214334,0.7008284052399254,1.0258379644927331,-0.17712938245952872,1.0799775782381338
579.0,18.317465393934015,-11.427477996300317,6.8006026240496755,17.57000334882858,-10.762262681918813,7.998031984857024,18.58378929875822,-11.376644840773217,6.749376834722607,-0.11010531679167457,0.06825950726798613,-0.03819493409713326,-0.4266422089595068,0.5748806171042888,0.35511216969370407,-0.12317476677082506,0.07252290159752607,-0.03688101591416999,111.81181510026417,-76.3449217742848,26.525578563156223,114.83342501845367,-75.40970360729334,24.298716338665812,109.09455024758523,-77.42015312128132,28.760341130075275,1.1436133106265238,-0.3094608535882755,0.9109828940714509,0.4529303595674673,0.34593992901818016,0.15511727515412502,1.0252424782278018,-0.16246597662813658,1.0897070421036068
580.0,18.207342668852924,-11.35922827260147,6.7624126598675804,18.134228215876693,-11.477403478834477,6.811449174046808,18.409869717433725,-11.331062834554949,6.727880562019705,-0.11013937539978258,0.06823936512725481,-0.038185217174000474,0.6702490530658025,-0.5889418890301981,-0.5534707536204997,-0.12745966227023955,0.07024801060864126,-0.035581927179184424,115.70644556481632,-77.05421714671819,23.69884954438694,114.31565156398582,-75.6946488047376,25.301117967455415,112.84128689386586,-78.09769665785406,26.06484531398077,1.1438989503538628,-0.30951056516295156,0.9108579246295921,0.3393255127199945,-1.4730644530147445,2.0491089760983945,1.0179536548492363,-0.1489615708009918,1.0961221221303121
581.0,18.09718664313445,-11.290999266045807,6.724232189701675,18.910501454960183,-11.940146459979209,6.891090477616024,18.380062377066064,-11.366433706201287,6.7232057369415905,-0.11017191076306787,0.06821807952431858,-0.038175947236009034,0.2677044861488973,0.30268864211976787,0.0036593614839373068,-0.11921389374574975,0.06132954520073504,-0.032972129432209785,119.974319645514,-77.71534347577553,20.497712663353095,123.99119547139519,-76.77027841507255,15.690481477358508,117.69611320845911,-78.80179312065826,22.149093207565482,1.1441872662032184,-0.30955793014798333,0.9107260970898151,0.5713314698469869,1.2082382265080143,1.5358282683803226,1.0195099089086952,-0.13288537793747346,1.0965871032825196
582.0,17.986998847326788,-11.222792113552833,6.686060765395562,18.669637188174487,-10.872026194594941,6.818767897014682,18.324404784536156,-11.237771494133844,6.710217437599004,-0.11020290861044302,0.06819566390362031,-0.038167126570377796,-0.16649418212481137,-0.5533620416794118,0.11566009130826505,-0.11384719546466429,0.0670151200473152,-0.03128469349682915,124.6454394257834,-78.31988830101245,16.892350716362696,123.8960541817428,-78.71906041922854,16.37245411729686,122.39779349452213,-79.58447906137037,18.348028535695438,1.1444781317097297,-0.3096029368567695,0.9105874947172193,1.107561917842714,-2.4238122571363485,-0.3528457729639356,1.018708172614775,-0.12649795215512022,1.0941778918914904
583.0,17.876780825913563,-11.154607938238566,6.647897936560919,18.57751309071056,-13.046870543338033,7.122410660232554,18.267609885570984,-11.462444661557175,6.747882340031473,-0.11023235534522335,0.06817213242334574,-0.03815875735347296,-0.680478014863672,-0.7479323409553604,0.07440858667071026,-0.10902969577228958,0.04238494174815248,-0.02546258505318886,129.73997350958612,-78.85843394134197,12.862779488889165,132.80731768570996,-76.93417296130268,8.390953113613245,128.29115165069334,-80.04793987498911,13.356165668842161,1.1447714192901728,-0.30964557418457805,0.9104422050560342,2.574798804887312,1.286133900608023,1.366087699683817,1.017384455770703,-0.10484692751705862,1.0938653227919162
584.0,17.76653413663634,-11.086447848706142,6.6097432506886165,17.308681158447143,-12.367890876505662,6.967585070356103,18.026442392941266,-11.567423484466515,6.760536758816215,-0.11026023805110263,0.06814749994648128,-0.03815084165027427,0.020154120357434024,0.9661718223765225,0.05809888803493646,-0.12018742008435844,0.02994153570732838,-0.02224398272637244,135.2612371552261,-79.32081775057848,8.40586766938953,135.51786144585168,-78.81004629086875,8.252363235595263,134.22143216583632,-80.5931437528598,8.500332473177998,1.1450670002989212,-0.3096858316112864,0.9102903198743237,1.1890428799591493,0.995823874709583,1.7551778588822946,1.0152139714332844,-0.09429671757502968,1.1023120339985877
585.0,17.656260349811358,-11.018312938345604,6.5715962532603704,18.61782133142543,-11.114526898584987,7.238608436302427,18.016885538924953,-11.471723139255822,6.816079203224167,-0.11028654449780717,0.06812178203142949,-0.03814338141386342,0.6829373348928183,1.1690633546856066,0.35692329403238077,-0.11084576776358265,0.03549421393398342,-0.01567569167092158,141.1877978771385,-79.69664204694999,3.543231295588652,140.21821224329017,-80.7268799889569,4.684976307217533,140.67092678919616,-81.21256395812729,3.1275445200258987,1.1453647450843758,-0.3097236992039768,0.9101319351060241,1.814900672396803,0.6406049902338703,0.7936086785626755,1.0139289058691128,-0.09240599257355081,1.1100066020969157
586.0,17.545961047640727,-10.950204284643283,6.53345648786089,18.67455582823278,-10.029764167134449,7.681431658420864,18.025524574514403,-11.21755923910164,6.937381098304152,-0.1103112631464569,0.06809499492217785,-0.038136378484941336,-0.33134713207832966,0.14260374865742698,-0.9323305041699785,-0.10075646306045251,0.05395869671088435,-0.0041092951799298946,147.46661225546313,-79.97606491390965,-1.671903006663431,143.51429332165162,-81.72085715606184,3.1863556926233314,147.60460292437241,-81.78174954064728,-2.655765074688314,1.1456645230458329,-0.30975916761938754,0.9099671507903496,0.5860250509748008,-2.615566912181662,1.1657982402013887,1.0098795149614928,-0.09440171438821635,1.121645798198108
587.0,17.435637823518444,-10.882122948501248,6.495323496290488,17.95512706726877,-10.829319401270133,5.37394742796247,17.929488160998993,-11.111628282287784,6.6908363138258125,-0.11033438315463506,0.06806715553803588,-0.03812983459137653,-0.7607536442961429,-0.6872892115770481,0.14771253125287087,-0.10035790176447673,0.05834723779371903,-0.024580563941674335,154.01011430503382,-80.150817432129,-7.151786343679621,158.3612578481664,-79.98727996282395,-11.254536799209918,156.2794038317695,-81.99374654422226,-10.263331038629467,1.1459662026907709,-0.3097922281062177,0.9097960710086062,1.688539770654521,-0.4433478204827886,0.8260235740443767,1.0123295930399838,-0.08241410702309215,1.1306172355916968
588.0,17.325292281331457,-10.81406997356721,6.4571968186781366,17.153048539640494,-11.404342590288545,7.976856720926606,17.724016656762622,-11.107862232978157,6.870021042565266,-0.1103558943811418,0.06803828146295654,-0.038123751347776125,-0.43166055060762254,0.08475819022196962,0.7155841644303962,-0.1092337013140579,0.05373839862571285,-0.007374609141647233,160.70016839652965,-80.21527110517289,-12.778100426201757,165.23715220568127,-79.82395580229971,-16.523294628988502,165.21178290335067,-82.02934742074281,-18.071853304504494,1.146269651692527,-0.3098228725072869,0.9096188038184504,0.4595959320604638,-0.5106824607000254,-0.38162278048982323,1.0143092201858297,-0.06970237235816674,1.1430843389232028
589.0,17.21492603475616,-10.746046385575335,6.4190759935949355,17.091805966053524,-10.659803020826194,6.8051157568232625,17.533473264959923,-10.992816924199214,6.853701868743272,-0.11037578739044207,0.06800839093442335,-0.038118130255089255,-0.008993060314601564,0.9564125634458538,-1.0158753579863822,-0.11609949696033149,0.05891515817659733,-0.00812988877524415,167.3999322421372,-80.1672801079072,-18.413820506077663,164.42693482195654,-79.23117697877383,-15.231985314145211,173.0207950735032,-81.87052470283952,-24.82697936611166,1.1465747369483401,-0.3098510932615478,0.9094354611856393,1.3098357881419116,1.2757713648261353,2.281142712724317,1.0083605988368223,-0.05217140654607627,1.1531239192912874
590.0,17.104540706550573,-10.678053191698364,6.380960558167958,17.13506241901129,-9.491517463396837,5.945106004953842,17.37348149573304,-10.709647499409774,6.705572302719035,-0.11039405345680642,0.06797750283193515,-0.0381129727002385,0.019278590227546744,-0.2350088845369518,-0.6931407332416488,-0.11980576333549199,0.07785120329146364,-0.019951470787908772,173.97130903592057,-80.008529018725,-23.92066746762991,177.44883932614067,-80.85894697475325,-27.12039205898793,-178.43351375775353,-81.76438370716065,-32.31827573100535,1.1468813246377336,-0.30987688340595143,0.9092461589133094,0.11556408715220162,-0.352356992345004,0.10836184266197918,1.0065431652652754,-0.04631342422865552,1.161527736782986
591.0,16.994137927842548,-10.610091379911465,6.3428500481944585,17.130363146508618,-11.129820789900098,5.418834290339965,17.23450374511072,-10.70922650483935,6.488667574520886,-0.11041068456813186,0.06794563666508147,-0.03810827995577171,-0.3397907226153407,-0.5382851064526264,0.029563218070245423,-0.12142464721087302,0.07131299134240644,-0.03658221687881327,-179.70720653536574,-79.7442630053528,-29.17695378953385,178.30418846528872,-80.51083979276119,-27.870058822866323,-170.9759654946792,-81.50228568166152,-38.82545263963748,1.147189280281214,-0.30990023657716564,0.9090510165688331,2.6107908291714312,-2.1710264048896595,-0.5959237872303423,0.999089502036507,-0.03632400443702006,1.1654215838397062
592.0,16.88371933741431,-10.542161918368201,6.304743998256415,16.45548097378061,-10.56808767630209,6.004232441094333,17.010839226887747,-10.62705736241276,6.3824555598357575,-0.11042567342946619,0.06791281256121451,-0.0381040531795529,-0.4208856257183502,-0.16443359472961028,0.39481687532765086,-0.13005778868579385,0.07222968545846,-0.042461761613967475,-173.72769878161478,-79.382496190391,-34.09041300669539,178.09249245672257,-78.32166086683333,-24.998925674476805,-165.17256948316555,-80.96215932380265,-43.50587321502925,1.1474984687992584,-0.3099211470131448,0.908850157408298,0.8323549205869734,1.0124417684087628,4.3801277716648395,0.9883204206378229,-0.014567823315364901,1.1822267874209615
593.0,16.773286580983616,-10.474265754789036,6.266641941835353,16.288591895071917,-11.458687979359318,6.208468040995267,16.788710946691012,-10.695355086235796,6.319544870585903,-0.11043901346620011,0.06787905125274118,-0.03810029341447674,-0.42297196256020086,0.346861517511047,0.14100939869364026,-0.13783222708258483,0.06036354171804334,-0.04418847041693659,-168.14781063787575,-78.93295598643085,-38.60322003319163,-158.94958205865046,-78.59694267685883,-47.568940672751864,-157.53322065434227,-80.3598660145976,-50.112569253981064,1.1478087545715638,-0.30993960955455185,0.9086437082986548,-0.04877647111222996,0.5076104049552445,-1.3967088989787602,0.9943731543264809,-0.0057100880775120206,1.1912675250726332
594.0,16.66284131048191,-10.406403815862719,6.228543411427461,15.609537048660208,-9.874364641279996,6.286251238481613,16.488976435808777,-10.516733304989591,6.277050271886248,-0.11045069882694847,0.06784437406402866,-0.03809700158820872,-0.37824638068382477,0.45183230938171803,-0.2722647931248696,-0.15150326664199257,0.07034927529062236,-0.04404543977702192,-162.9928816022808,-78.40604573832563,-42.68985317611144,-165.05958489993952,-79.51253422080161,-41.395826458453705,-151.99526354712083,-79.83062387344116,-54.71870920101706,1.1481200014965354,-0.30995561964603086,0.9084317996375861,2.9594488759546422,-1.506882555324949,2.3141379400828503,0.9836007657230743,0.004973642709495865,1.195957041914979
595.0,16.55238518332972,-10.338577006660978,6.190447938658935,15.532099133704268,-10.555023360595882,5.663938454745527,16.21225788268392,-10.463274697069131,6.144529407856892,-0.11046072438612775,0.06780880289793334,-0.03809417851295782,0.5279024851714365,0.27094687171467235,-0.7232584564160445,-0.16207645371987278,0.0689230262199913,-0.05151631045655974,-158.26246455107923,-77.81201816165775,-46.35057727269363,-154.08950222831848,-77.2874487691035,-49.57080555472066,-146.5284572183326,-79.02588170472544,-59.06636758105784,1.1484320730509852,-0.3099691733373313,0.9082145652711442,-1.2759353218593195,-1.8667471561129512,0.026714801473062835,0.9844024850045886,0.018148215455427,1.211904240562015
596.0,16.441919861709653,-10.270786210066852,6.1523550544015455,16.66534201900308,-9.332470897850651,4.839734325649524,16.1458233370999,-10.229256076321699,5.898159956452543,-0.11046908574619607,0.06777236022196487,-0.03809182488527574,0.43993306676812516,0.11994905874109296,0.4601319438290914,-0.15400044466690327,0.0828637091486001,-0.06796972257438057,-153.93821890219036,-77.16042881412615,-49.60355047943892,-158.38088338088696,-75.56763953341553,-46.46923800358054,-142.8509642585424,-78.09264336381997,-61.872052435875695,1.1487448323500151,-0.30998026728428274,0.9079921424092109,1.793430304642708,0.27185615341262587,1.6438017132275005,0.9794122408912899,0.045715002871339804,1.217797684558816
597.0,16.331447011837326,-10.203032286217049,6.114264288888384,16.411965267240518,-10.315125243113696,6.58420234240371,16.057144402077768,-10.172626060425756,5.947420040183444,-0.11047577923958407,0.06773506905409832,-0.03808994128588461,-0.14756803800310614,-0.6646118531625884,0.5065515456068095,-0.14848469206925008,0.08064853435409093,-0.05807082997120751,-149.99111608021727,-76.45984668879487,-52.4776187603441,-150.4697427590608,-75.10257805173804,-52.79236192778614,-139.0206159064371,-77.1466311861858,-64.76437005255701,1.1490581422070603,-0.30998889874961977,0.9077646715388332,1.8284731848981746,0.2808380073086949,0.8283261794315869,0.9777448166134932,0.06714823153229409,1.2266504124720927
598.0,16.220968303230485,-10.135316071958655,6.076175171829776,16.37020594299687,-10.661694604175828,5.852837416863143,15.980418472079277,-10.180554117826357,5.883672550097929,-0.11048080193030607,0.06769695294823652,-0.03808852817953401,-0.4293489795131231,0.5003459299060697,-0.2655984779020173,-0.14242537745070244,0.07316912108395829,-0.05855016752696465,-146.38702773744325,-75.71775673277722,-55.00672761983032,-145.46388491691056,-74.90123059925708,-56.08170095632233,-135.37646765213583,-76.22851144961587,-67.3942252001483,1.1493718651940619,-0.30999506560365736,0.9075322963354884,2.882460319907901,0.7271617982487465,-0.5411097042713646,0.9744775546400161,0.08394025730735714,1.2394189693889073
599.0,16.110485407976714,-10.067638380320576,6.038087232529316,15.553267308214272,-9.314433383301557,6.053005386599676,15.79372543842775,-9.984101082595574,5.860552424238056,-0.11048415161524261,0.06765803597932774,-0.038087585914888145,0.48031376851511887,0.30961601725279664,-0.1743610768502335,-0.14616334127011724,0.08357922295395728,-0.05555845246368826,-143.09057404693758,-74.94058449326548,-57.226073764335474,-142.623621731854,-75.80746947321094,-56.03802594767852,-132.00842566912357,-75.46023876562583,-69.5570007808257,1.1496858637017495,-0.30999876632481665,0.9072951635723352,-1.2169145391542266,-1.2773855127220852,1.6185016256709581,0.9623559675003612,0.09324099205506882,1.2624544280672625
600.0,16.0,-10.0,6.0,17.330833480027106,-10.042462569670235,5.504115263162676,15.909268210284761,-9.922590048939037,5.758214944842154,-0.11048540797671436,0.06763838032057556,-0.038087232529315784,1.7775661718128344,-0.7280291863686781,-0.5488901234369994,-0.12406485975686585,0.08171578358911873,-0.05950847659387452,-140.06750836424638,-74.13378673212074,-59.169720396195665,-141.999763196073,-73.80688326792978,-57.94529866138598,-129.31018707687244,-74.52100217675502,-71.32695056942597,1.15,-0.31000000000000005,0.9070534230275096,-1.2169145391542266,-1.2773855127220852,1.6185016256709581,0.9530963130751191,0.11325691291660156,1.2732455549052186
