time,qw_true,qx_true,qy_true,qz_true,qw_est,qx_est,qy_est,qz_est,wx_true,wy_true,wz_true,wx_est,wy_est,wz_est,attitude_error_deg,nis,measurement_accepted
0.000000000000000000e+00,9.999998954176193555e-01,2.618025992064616282e-04,-1.388442213310520112e-04,3.483481470281086069e-04,9.999613604874026951e-01,-5.254013524537097871e-03,-3.735815663278572660e-03,-5.976332938915043802e-03,1.500018452300362348e+00,-7.955188169373730300e-01,1.995887932169566836e+00,-6.259510501188655929e-02,3.799279225538709087e-02,-5.386116806242533667e-02,1.046278579543383991e+00,3.323873226313105445e+00,1.000000000000000000e+00
2.000000000000000042e-02,9.999995834531336669e-01,5.237636428511706311e-04,-2.741801311718280185e-04,6.954066876913684529e-04,9.999887894312643466e-01,-4.537639473245779799e-03,-2.223789140252799604e-04,-1.334686264329655245e-03,1.500920606339324115e+00,-7.754155882540549882e-01,1.988504834391296772e+00,4.142338468113559817e-03,3.441346363848669099e-01,3.523032993293058190e-01,6.249386225703106312e-01,1.348718088826582173e+00,1.000000000000000000e+00
4.000000000000000083e-02,9.999990629620321148e-01,7.859988363961821229e-04,-4.119521745997739722e-04,1.042389702970864364e-03,9.999920046795685025e-01,-9.925693538211015441e-04,-3.530111636327677022e-03,-1.594896501649399915e-03,1.502501820074292560e+00,-7.893726089246780875e-01,1.988066057054347580e+00,8.895183454591325534e-01,-4.941775529869730788e-01,2.836555447374994321e-01,5.104354189221558258e-01,2.632083211515182875e+00,1.000000000000000000e+00
5.999999999999999778e-02,9.999983443561711871e-01,1.043250978447800336e-03,-5.530987334817133233e-04,1.384555561764529413e-03,9.999858851303553564e-01,-7.768019928098709136e-04,-5.253015388003296794e-03,-1.787401953019631187e-04,1.473983478977279882e+00,-8.087156750214526957e-01,1.960440031487471702e+00,9.168345869063335707e-01,-1.215534873846247921e+00,8.867238276431311794e-01,6.046909040316923445e-01,8.362617391067995731e-01,1.000000000000000000e+00
8.000000000000000167e-02,9.999974330533757394e-01,1.300908961677942066e-03,-6.947420064835371604e-04,1.720132575515058221e-03,9.999898205164550191e-01,-1.084823932185568487e-03,-4.335333295779382132e-03,6.220174586579106874e-04,1.476334745276643323e+00,-8.115196391909019757e-01,1.922688635825163805e+00,6.271059691869241837e-01,-5.281339720290321171e-01,1.277720283426647008e+00,5.144073028224926958e-01,4.520541375799398409e-01,1.000000000000000000e+00
1.000000000000000056e-01,9.999963331393805221e-01,1.554556881428347101e-03,-8.376323363090633269e-04,2.053151909848974829e-03,9.999969473340427628e-01,-1.730456355958350911e-03,-1.747966137886547118e-03,-2.354947488921895187e-04,1.453382708794062506e+00,-8.186859383314110117e-01,1.908010849654314223e+00,7.756797340351720416e-02,1.407443874593363509e+00,4.912941202993768020e-01,4.704949567351880968e-01,2.332893610877246005e+00,1.000000000000000000e+00
1.199999999999999956e-01,9.999950436341548121e-01,1.808122831044642288e-03,-9.782093846505621193e-04,2.384639459624081446e-03,9.999985745478013888e-01,-1.054875963331444602e-03,-1.189591465955389766e-03,5.683407529752213146e-04,1.452894883219879585e+00,-8.054200903206634177e-01,1.899256843163164454e+00,5.926025287735123825e-01,1.651303625056337321e+00,1.048873929531352722e+00,3.892810196920155619e-01,2.819732621488707514e-01,1.000000000000000000e+00
1.400000000000000133e-01,9.999935573481115725e-01,2.058485211887493317e-03,-1.118572829065454062e-03,2.719686696575279901e-03,9.999948721808903374e-01,-2.823610390056977438e-03,4.986783986808660018e-04,1.426238460006834952e-03,1.434519045823614336e+00,-8.042779868650083985e-01,1.919639194489287659e+00,-8.841746262637247833e-01,2.753129740900007061e+00,1.580474920515084758e+00,6.076966050166112687e-01,1.590025342420365639e+00,1.000000000000000000e+00
1.600000000000000033e-01,9.999918807787505637e-01,2.307184313803812680e-03,-1.253690336701581776e-03,3.056720081874595395e-03,9.999884234873827049e-01,-3.718416271145599025e-03,5.753004296059780137e-04,2.999216742603030578e-03,1.424896989912006084e+00,-7.742717386698719784e-01,1.931073090170558171e+00,-1.452010701741378806e+00,2.444635508437581262e+00,2.583452154970244941e+00,7.216222648655696847e-01,6.442922391415593086e-01,1.000000000000000000e+00
1.799999999999999933e-01,9.999900148441317471e-01,2.555393990052529530e-03,-1.387018652770552951e-03,3.393575230599710571e-03,9.999925264855612506e-01,-1.295504294439654138e-03,2.821022644515681129e-03,2.304446329691062570e-03,1.422065258031744772e+00,-7.640280846619439403e-01,1.930075330368316910e+00,5.211934766517445361e-01,3.799169891109080766e+00,1.720845850028231316e+00,6.654537352320640808e-01,3.233396157918108305e+00,1.000000000000000000e+00
2.000000000000000111e-01,9.999879514731160324e-01,2.804131328654143468e-03,-1.521560578335954574e-03,3.730765269891386619e-03,9.999933590702695385e-01,-2.213943838600160134e-03,1.362957393341990633e-03,2.553941107844797439e-03,1.425112337187588896e+00,-7.709776983100200543e-01,1.931984356536704084e+00,-1.859033909982814037e-01,2.303264427888044086e+00,1.689005149338214995e+00,6.768333539169030244e-01,1.568173583323082321e+00,1.000000000000000000e+00
2.200000000000000011e-01,9.999857062955178622e-01,3.055226970203443054e-03,-1.653122557370543090e-03,4.064477657104615879e-03,9.999953210652144930e-01,-2.303062683048521207e-03,2.012157297813645367e-03,-7.051925742386023002e-05,1.438593795269095033e+00,-7.537993681982081418e-01,1.912131439649440434e+00,-2.280084476529085635e-01,2.463092289357642795e+00,-2.558835586436665199e-01,8.820136106833502687e-01,2.567466175618460689e+00,1.000000000000000000e+00
2.399999999999999911e-01,9.999832584686397796e-01,3.305113869850750171e-03,-1.784923928166549370e-03,4.401482854631792382e-03,9.999994700929690783e-01,-5.547254774348173606e-06,9.786140229900203071e-04,3.195271555452224867e-04,1.431646247294809493e+00,-7.552586720832594747e-01,1.930986664308742551e+00,1.239593887621931012e+00,1.540717596820335489e+00,1.366187529426627321e-02,6.804495390646274622e-01,2.479493757202741566e+00,1.000000000000000000e+00
2.600000000000000089e-01,9.999806325260804929e-01,3.554360690442694235e-03,-1.912737252549204930e-03,4.737354644231101669e-03,9.999986827772145981e-01,4.782335344343966398e-04,1.097554985094462750e-03,1.095951448362850709e-03,1.427893316287040415e+00,-7.324057310764170436e-01,1.924566290170149685e+00,1.398148518357179348e+00,1.450767981034537302e+00,4.726198834876047528e-01,6.460428283487111845e-01,2.366115982799999184e-01,1.000000000000000000e+00
2.800000000000000266e-01,9.999778114718367306e-01,3.803076476657214853e-03,-2.043464435402454153e-03,5.073206718610058855e-03,9.999926230570836960e-01,7.293699882807993216e-04,2.353514980609728961e-03,2.946662191296277929e-03,1.424934052867554701e+00,-7.491167382236829653e-01,1.924393468149571573e+00,1.401994521824328377e+00,2.011311329958052507e+00,1.466181444584294224e+00,6.612995672224488697e-01,1.522473920602126718e+00,1.000000000000000000e+00
2.999999999999999889e-01,9.999748075396365232e-01,4.051735388253959250e-03,-2.172444512219404416e-03,5.408161540829214617e-03,9.999837974893885928e-01,3.085261346463346026e-03,1.705128783972559162e-03,4.469726720451454825e-03,1.424571898672405856e+00,-7.390910228746728761e-01,1.919295424873874278e+00,2.526701856455757511e+00,1.484225401308745695e+00,2.133757634531519454e+00,4.703897816456668601e-01,2.821534429232709140e+00,1.000000000000000000e+00
3.200000000000000067e-01,9.999716549305444069e-01,4.297009378858056977e-03,-2.300516227159409184e-03,5.738699413180215619e-03,9.999921141676804126e-01,8.988216479995810287e-04,7.260194154927855246e-04,3.799554961601967450e-03,1.405208499992553373e+00,-7.338908221414963684e-01,1.893972363113376245e+00,1.206354042126880355e+00,8.545682556608152902e-01,1.606262371380910325e+00,5.668327676988705877e-01,4.128389776154119062e+00,1.000000000000000000e+00
3.400000000000000244e-01,9.999683420169855896e-01,4.542740769593012554e-03,-2.422722746625602473e-03,6.067032602061588932e-03,9.999864024043232380e-01,9.389468238722155314e-04,5.320918530311202939e-04,5.101986238789816240e-03,1.407669291928236754e+00,-7.002194727442055955e-01,1.881496515392194979e+00,1.124686528118002959e+00,6.893168296099339010e-01,2.095524678428015264e+00,5.453636528444599785e-01,5.606015736031675356e-01,1.000000000000000000e+00
3.599999999999999867e-01,9.999648350532452934e-01,4.788010695067136321e-03,-2.545456772061981815e-03,6.397207229854126424e-03,9.999808906264227026e-01,2.446945232680658444e-03,-1.241219602512649801e-03,5.539874990773805200e-03,1.405023200939650385e+00,-7.033084276980039462e-01,1.892033459719002941e+00,1.728995379713741620e+00,-1.704243148581227330e-01,2.127397752357956140e+00,3.224261876971656893e-01,2.712427470485335945e+00,1.000000000000000000e+00
3.800000000000000044e-01,9.999611314360983272e-01,5.033356184201485777e-03,-2.670948197997494514e-03,6.728073891157280127e-03,9.999779640266976966e-01,2.109917665170630164e-03,-3.215548686566994593e-04,6.286200039227770806e-03,1.405552503669572628e+00,-7.191256970287406292e-01,1.895931046229118566e+00,1.446676800352010295e+00,2.409607692597650896e-01,2.291683774063149936e+00,4.327511133214167471e-01,8.040316662200713838e-01,1.000000000000000000e+00
4.000000000000000222e-01,9.999572390267136290e-01,5.278923294187652139e-03,-2.797989512680719784e-03,7.058635959817803097e-03,9.999719918818609221e-01,4.934750370245182720e-04,-2.018981421936235938e-03,7.189968583326438942e-03,1.406892100956108393e+00,-7.279911223215848048e-01,1.894151898870953366e+00,6.723602809747308839e-01,-4.918374395741546001e-01,2.497855219768166268e+00,5.557971845290472501e-01,4.056427824318441289e+00,1.000000000000000000e+00
4.199999999999999845e-01,9.999532319143823456e-01,5.518919957996861261e-03,-2.922798792111757152e-03,7.384629557385849474e-03,9.999564024022765674e-01,2.265668586451794874e-03,-3.200995303957217784e-03,8.474294638304439090e-03,1.374963595328776211e+00,-7.152919944993673118e-01,1.867960451740344752e+00,1.336268207445242329e+00,-9.234178247283907348e-01,2.840905328780731764e+00,3.944418825750218294e-01,3.019074918995340528e+00,1.000000000000000000e+00
4.400000000000000022e-01,9.999490058812562365e-01,5.759238282282953814e-03,-3.051615261592959243e-03,7.713913130881645992e-03,9.999478259558775006e-01,4.594615556808678836e-03,-3.399915286137114752e-03,8.466135484766641392e-03,1.376927863442548139e+00,-7.383445186037396191e-01,1.886697682983721869e+00,2.143496248469575871e+00,-9.275032073065542226e-01,2.653065578098502186e+00,1.638097943568221915e-01,3.242767468803292363e+00,1.000000000000000000e+00
4.600000000000000200e-01,9.999445683163288301e-01,5.999126121087147712e-03,-3.182964189533107457e-03,8.046087211939044817e-03,9.999516983191889530e-01,4.546049693921897297e-03,-3.560075727712696311e-03,7.953635744936670207e-03,1.374529858952988626e+00,-7.529718034454208064e-01,1.903176484380075584e+00,1.989713810202308197e+00,-9.255858901774463021e-01,2.290966861122698539e+00,1.723543428340946204e-01,8.484518263082803102e-01,1.000000000000000000e+00
4.799999999999999822e-01,9.999399171577656453e-01,6.237357437823666875e-03,-3.317624484396528885e-03,8.381575895632806250e-03,9.999492411464291353e-01,4.941544200582507172e-03,-2.667711206514214711e-03,8.365380356735821823e-03,1.365138762457185573e+00,-7.721376807201882908e-01,1.922032524085791394e+00,2.003457817428037302e+00,-5.485717318253233721e-01,2.298134032602400456e+00,1.661328178620433971e-01,8.981848031581938230e-01,1.000000000000000000e+00
5.000000000000000000e-01,9.999351001502125857e-01,6.473757721164583034e-03,-3.453133279622155015e-03,8.715607787478913890e-03,9.999440224816464884e-01,5.463909543643610464e-03,-3.238902096162147790e-03,8.462098376583548562e-03,1.354722709541642311e+00,-7.770379596202220407e-01,1.913629058328248034e+00,2.065098262942408169e+00,-7.111564824101672677e-01,2.192278422818192407e+00,1.218143887714235596e-01,2.993873709307044995e-01,1.000000000000000000e+00
5.200000000000000178e-01,9.999300747380380772e-01,6.706544472761300640e-03,-3.590694121599918680e-03,9.053994220322623965e-03,9.999339007952903202e-01,5.289306314325626854e-03,-4.406736975981291951e-03,9.208580143121361181e-03,1.334044089279603718e+00,-7.891406485345388022e-01,1.938439921560254575e+00,1.888551079408034905e+00,-1.062583461852522948e+00,2.310454694798093289e+00,1.882374159483512499e-01,1.387321482368787162e+00,1.000000000000000000e+00
5.400000000000000355e-01,9.999248270499593305e-01,6.942977504598830951e-03,-3.732097663982846328e-03,9.391845372774600478e-03,9.999149025613990327e-01,5.190187945174990977e-03,-6.120504017335306503e-03,1.028537871424940395e-02,1.355153172272951512e+00,-8.109510130717569876e-01,1.935312093836485614e+00,1.752723864003794985e+00,-1.561241371185009497e+00,2.524747587677413030e+00,3.545912454932638735e-01,2.916062974869346736e+00,1.000000000000000000e+00
5.600000000000000533e-01,9.999194096357709727e-01,7.179342256391358680e-03,-3.873326577520300098e-03,9.727724278621280654e-03,9.999049339607045672e-01,6.125785119665166575e-03,-6.561410225570468713e-03,1.046640786318870503e-02,1.354801513494628962e+00,-8.098793854073679244e-01,1.924027421749801903e+00,1.952879037589579481e+00,-1.611186856859811334e+00,2.444789331361773677e+00,3.415067996190674360e-01,5.132341832279446736e-01,1.000000000000000000e+00
5.799999999999999600e-01,9.999137771119382956e-01,7.412787032889989018e-03,-4.017684923320589789e-03,1.006713156758078619e-02,9.999039383376641110e-01,6.139187306683887430e-03,-6.220784869028386614e-03,1.075761644861416427e-02,1.338177601611906242e+00,-8.281209268104908761e-01,1.944060399579302212e+00,1.850610504662801858e+00,-1.420823275635444416e+00,2.403734969574250258e+00,3.021520153612493598e-01,5.681622078292446476e-01,1.000000000000000000e+00
5.999999999999999778e-01,9.999079401666808309e-01,7.645068817036096420e-03,-4.163348371059502444e-03,1.040820084114310595e-02,9.998983000838624902e-01,6.346349024357781678e-03,-6.312034647966168789e-03,1.110277271973755288e-02,1.331560423570473661e+00,-8.357403413655491997e-01,1.953511638450985854e+00,1.815614108601760979e+00,-1.373881443067643815e+00,2.381631326498062862e+00,2.985116200655870133e-01,5.120210686959622559e-02,1.000000000000000000e+00
6.199999999999999956e-01,9.999018843443271409e-01,7.880451651773352426e-03,-4.307254009051965718e-03,1.075024322187730780e-02,9.998774727522385941e-01,6.325618226151842778e-03,-7.435280728496448770e-03,1.223693740860177029e-02,1.349208048374253677e+00,-8.255326767460521298e-01,1.959250642466905612e+00,1.717992497307090360e+00,-1.634803638035945639e+00,2.589148819877596264e+00,4.350395905924583917e-01,1.743275379116218105e+00,1.000000000000000000e+00
6.400000000000000133e-01,9.998955974829552007e-01,8.118365010115990293e-03,-4.451543167905487770e-03,1.109369402818807630e-02,9.998622881739670509e-01,7.455247628921426138e-03,-6.652728237151228456e-03,1.325010103029049431e-02,1.363704755387566969e+00,-8.276433027329022085e-01,1.967378900090958282e+00,1.949393953871974894e+00,-1.326765020139703211e+00,2.754654868655250333e+00,3.612115939790846442e-01,2.795209291608308000e+00,1.000000000000000000e+00
6.600000000000000311e-01,9.998891807295718914e-01,8.355113590174240157e-03,-4.591878952157363997e-03,1.143385256725236443e-02,9.998436932802396981e-01,8.560336646009138531e-03,-6.225947934864671691e-03,1.416146943468520568e-02,1.356870490627649861e+00,-8.049187079929315258e-01,1.948680004216672756e+00,2.159836584933272796e+00,-1.139677997916270336e+00,2.879128555541913492e+00,3.651547624118025581e-01,1.650459154643659998e+00,1.000000000000000000e+00
6.800000000000000488e-01,9.998825839048373076e-01,8.596809928675524029e-03,-4.728409315435235481e-03,1.177095612863037280e-02,9.998640177463971046e-01,7.576286633773898598e-03,-5.584285462886296597e-03,1.354110973090589740e-02,1.385055615234100923e+00,-7.826520258922516904e-01,1.931502350608832907e+00,1.783998603994333410e+00,-9.111586990179475487e-01,2.569906672639917122e+00,2.538605819623776516e-01,5.493221827872304175e+00,1.000000000000000000e+00
7.000000000000000666e-01,9.998758594393905019e-01,8.838477697971910269e-03,-4.862777255624270434e-03,1.210373577393300537e-02,9.998694340456354412e-01,6.372513273826478641e-03,-5.427808473403832740e-03,1.382189679500541585e-02,1.384869534404388203e+00,-7.700561137371737530e-01,1.906845390341049384e+00,1.373401472876115692e+00,-8.313717648412611849e-01,2.522846922373839451e+00,3.504397737023791648e-01,3.647331112324447844e+00,1.000000000000000000e+00
7.199999999999999734e-01,9.998689821134379985e-01,9.079490655529624463e-03,-4.997055541180127000e-03,1.243426285679049594e-02,9.998787420340204957e-01,5.733445117625514571e-03,-5.629446077809630022e-03,1.333934677579982908e-02,1.381182488333659197e+00,-7.694780922806204737e-01,1.893937656230540112e+00,1.141242552268130428e+00,-8.484369047898188132e-01,2.276023892103651747e+00,4.037661434729474808e-01,2.557227285664342986e+00,1.000000000000000000e+00
7.399999999999999911e-01,9.998619683360218113e-01,9.316215539076189156e-03,-5.129957169591352339e-03,1.276463641016801522e-02,9.998710626509015320e-01,6.579449046975725628e-03,-6.448594698313617202e-03,1.315235910444449013e-02,1.356530268497492475e+00,-7.618928762097213481e-01,1.893016676804207599e+00,1.313978204816499851e+00,-1.021328853907728984e+00,2.123278369983860880e+00,3.509405491506596420e-01,1.979452354615327536e+00,1.000000000000000000e+00
7.600000000000000089e-01,9.998547777503387080e-01,9.550296587353377525e-03,-5.265140611235878502e-03,1.309555417912858059e-02,9.998651452625220148e-01,6.530565732551115582e-03,-6.217937698036990826e-03,1.372516852908887974e-02,1.341544623089190091e+00,-7.751925042155920487e-01,1.895947795570448458e+00,1.240307106677191129e+00,-9.166615875749833942e-01,2.175725902633023789e+00,3.699573441324798817e-01,4.875444899261157095e-01,1.000000000000000000e+00
7.800000000000000266e-01,9.998473017638518368e-01,9.789641444558114247e-03,-5.404016092356874953e-03,1.342880061679777026e-02,9.998711941341774656e-01,6.988315835925845189e-03,-6.298309151792465949e-03,1.300345662891151839e-02,1.371922037892391755e+00,-7.960843399035941736e-01,1.909266331237974068e+00,1.303545526816600075e+00,-8.938435157485165039e-01,1.894987346490714764e+00,3.404869869090806911e-01,2.260190343827185977e+00,1.000000000000000000e+00
8.000000000000000444e-01,9.998396639611973891e-01,1.002780483139900820e-02,-5.540931108990200353e-03,1.376181611084915761e-02,9.998492955248265979e-01,7.556175791947048782e-03,-6.559372630517081200e-03,1.418679232960442724e-02,1.365019130701521810e+00,-7.849363809519348534e-01,1.908029155657714471e+00,1.388351210132354518e+00,-9.205520614683873060e-01,2.110889849531707441e+00,3.101787398087401115e-01,1.568261652375500637e+00,1.000000000000000000e+00
8.200000000000000622e-01,9.998318331510617218e-01,1.026582082420948033e-02,-5.683622237699013403e-03,1.409307556397015708e-02,9.998383029837688563e-01,6.651861469399766684e-03,-8.843183229862128583e-03,1.417458062491987712e-02,1.364697042195869292e+00,-8.179426160391657374e-01,1.897648067400596883e+00,1.109635649424633330e+00,-1.454674016293207028e+00,2.009969374804686737e+00,5.501619047103664117e-01,1.131973741713550474e+01,1.000000000000000000e+00
8.399999999999999689e-01,9.998238238800487565e-01,1.050730985698801467e-02,-5.826269682531887151e-03,1.442124207663335496e-02,9.998395163870688052e-01,6.574535916627658599e-03,-8.002058576671029766e-03,1.461793442620326448e-02,1.384700439947410100e+00,-8.172358174472068582e-01,1.880059881789522214e+00,1.038660308227504769e+00,-1.184186278970023043e+00,2.033560875302107274e+00,5.155313194805003496e-01,2.512807168336443020e+00,1.000000000000000000e+00
8.599999999999999867e-01,9.998156245502778372e-01,1.074892113695107877e-02,-5.969056734580888667e-03,1.474950715206623832e-02,9.998275233146554086e-01,7.683071806439960467e-03,-7.631229060277406120e-03,1.508835223372746899e-02,1.385420428570841134e+00,-8.180377442797777121e-01,1.880635885712852451e+00,1.264446427572744946e+00,-1.039009810115929300e+00,2.064843348436509629e+00,4.015157918898118461e-01,2.440448464284547203e+00,1.000000000000000000e+00
8.800000000000000044e-01,9.998073038538910495e-01,1.098780975060927728e-02,-6.110483834309000245e-03,1.507598038630963630e-02,9.998067414892242155e-01,8.903369584382618204e-03,-8.502418956685641599e-03,1.532705303143557830e-02,1.369777403206990929e+00,-8.103711128061317215e-01,1.870372179542965085e+00,1.511298220566336781e+00,-1.203524497498092538e+00,2.036073279515044021e+00,3.647053609697128440e-01,3.098998560221248422e+00,1.000000000000000000e+00
9.000000000000000222e-01,9.997987085530414264e-01,1.122665232800913737e-02,-6.255327220135178078e-03,1.540699628564702779e-02,9.997776604969873526e-01,1.030832307987717029e-02,-8.794768006429214482e-03,1.615611655580520903e-02,1.369667028912622042e+00,-8.302407960657938180e-01,1.896201754200812495e+00,1.787525849502167308e+00,-1.220251780929016094e+00,2.153744586945966599e+00,3.211369398394352537e-01,3.281825436079487179e+00,1.000000000000000000e+00
9.200000000000000400e-01,9.997898601195392976e-01,1.146638263552504471e-02,-6.407018242454133594e-03,1.573873529380875533e-02,9.997808929284515145e-01,1.065514881360119827e-02,-8.722919020737223555e-03,1.576529805319260361e-02,1.375347169957674920e+00,-8.694441880159726743e-01,1.899957724444976126e+00,1.796702105149748929e+00,-1.148853980630907268e+00,1.969642302355006036e+00,2.812116489371228600e-01,1.469686858366436644e+00,1.000000000000000000e+00
9.400000000000000577e-01,9.997807763196118191e-01,1.170541832946792385e-02,-6.559127856286667974e-03,1.607359092584353596e-02,9.997529537208450501e-01,1.125454478199527930e-02,-8.704618233325927060e-03,1.707619306543865442e-02,1.371306964264368933e+00,-8.721180694667071132e-01,1.917779137703160774e+00,1.862436479494203434e+00,-1.097776229978069118e+00,2.203627711945792100e+00,2.762679594480831335e-01,2.397376900931893484e+00,1.000000000000000000e+00
9.599999999999999645e-01,9.997715886253923934e-01,1.194295088987700273e-02,-6.712287830697311226e-03,1.640370975050858479e-02,9.997268831442116532e-01,1.261341740153980318e-02,-8.102862969940845261e-03,1.792775590822337853e-02,1.362978245317914228e+00,-8.779595240398379019e-01,1.890527812533074892e+00,2.105627257282444376e+00,-9.046637967343257314e-01,2.320463811767696338e+00,2.486383786917851224e-01,4.408339534048091757e+00,1.000000000000000000e+00
9.799999999999999822e-01,9.997621832389613772e-01,1.218224047605231258e-02,-6.865180218746103936e-03,1.673437428807142760e-02,9.997184546041026909e-01,1.275110176492682060e-02,-8.261320718694398213e-03,1.822557290589609316e-02,1.373011722014618297e+00,-8.763072952248831538e-01,1.893760146620809826e+00,2.050872344728778440e+00,-9.050982205555787585e-01,2.294687358333506122e+00,2.430421501160013042e-01,1.507690088328161870e-01,1.000000000000000000e+00
1.000000000000000000e+00,9.997525514822465098e-01,1.242550805170736412e-02,-7.016684954198484578e-03,1.706483772699042903e-02,9.996920275492560126e-01,1.269149188866642956e-02,-8.669982850504510258e-03,1.948351830315965885e-02,1.395689164688075135e+00,-8.679719766977619377e-01,1.892883244734427040e+00,1.950880290819921870e+00,-9.694233964459820774e-01,2.497440890063383989e+00,3.371763198889367597e-01,2.329816062839666024e+00,1.000000000000000000e+00
1.020000000000000018e+00,9.997427285673045061e-01,1.267009608335508720e-02,-7.168045441106790476e-03,1.739438031646300259e-02,9.996812387504989683e-01,1.232518629219018363e-02,-8.715991164117390874e-03,2.023714829608440000e-02,1.403289474251481650e+00,-8.669587183231021177e-01,1.887690517102136090e+00,1.781554997100856630e+00,-9.445208026909591714e-01,2.572080507734624710e+00,3.730869380009786962e-01,1.503267304930413939e+00,1.000000000000000000e+00
1.040000000000000036e+00,9.997327334465497817e-01,1.291363980221576710e-02,-7.319988781253751291e-03,1.772335596863155657e-02,9.996660090073918870e-01,1.270898740039809634e-02,-9.715615722172039545e-03,2.029677032507139905e-02,1.397401415548919168e+00,-8.703673570681105254e-01,1.884375001830551177e+00,1.803894698675955865e+00,-1.140799171766963438e+00,2.477467678268776563e+00,4.036460214380160894e-01,2.110192185720256131e+00,1.000000000000000000e+00
1.060000000000000053e+00,9.997226307974260706e-01,1.315497115087829391e-02,-7.469601926191356440e-03,1.805029785231745260e-02,9.996655949387788231e-01,1.339808541093376153e-02,-8.794885622320842977e-03,2.029383132651852578e-02,1.384585482776608201e+00,-8.570985815796714480e-01,1.872816021682078169e+00,1.887879394600764371e+00,-8.718843849532744716e-01,2.378942610400188951e+00,2.999625501476795297e-01,3.988564373492291093e+00,1.000000000000000000e+00
1.080000000000000071e+00,9.997123655956492438e-01,1.339473455796686384e-02,-7.618684285719199735e-03,1.837723621840450100e-02,9.996417192066781032e-01,1.311921992110650498e-02,-8.531305677959625383e-03,2.171488230702824096e-02,1.375561838994756148e+00,-8.542270976927801573e-01,1.872785586267942781e+00,1.739626370321041948e+00,-7.797243505680389042e-01,2.617622807545919361e+00,3.978435181517132602e-01,3.977736561209852084e+00,1.000000000000000000e+00
1.100000000000000089e+00,9.997019699923240799e-01,1.363378933350750319e-02,-7.768320430931743847e-03,1.870144859518511199e-02,9.996383520429127367e-01,1.361232384131437143e-02,-9.345199394462632911e-03,2.122585717578317002e-02,1.371690159065770409e+00,-8.572702406337500136e-01,1.857111605914406383e+00,1.789771769470238860e+00,-9.359019159297470303e-01,2.392061121611069208e+00,3.411616174402218316e-01,3.588610908454733739e+00,1.000000000000000000e+00
1.120000000000000107e+00,9.996912705645193409e-01,1.387616838476890373e-02,-7.920348944353323636e-03,1.902849391449671843e-02,9.996110752890999818e-01,1.482730496757182596e-02,-9.234157750292621217e-03,2.173889411654804371e-02,1.390885168143427109e+00,-8.708520365246696926e-01,1.873331969454376411e+00,2.001711102788677810e+00,-8.664151022000731173e-01,2.417886007262681325e+00,3.620705812790965261e-01,2.355137830513227115e+00,1.000000000000000000e+00
1.140000000000000124e+00,9.996803359774932840e-01,1.412363210923621784e-02,-8.073009626322137297e-03,1.935395028263096895e-02,9.995952306843359780e-01,1.430032552448708486e-02,-9.223792752093883454e-03,2.279905985538473179e-02,1.420168932298728759e+00,-8.738029625556554825e-01,1.864436882500252413e+00,1.791938909898464383e+00,-8.350266201809374289e-01,2.567954726531909149e+00,4.168292151204671669e-01,3.188169127692509264e+00,1.000000000000000000e+00
1.159999999999999920e+00,9.996691985354783094e-01,1.437353873687367140e-02,-8.228214617320787558e-03,1.967717885840152003e-02,9.995957222402245268e-01,1.430109214481597654e-02,-9.099427637052818693e-03,2.282698532849977008e-02,1.434562863019741785e+00,-8.879343311769248848e-01,1.851606251742763165e+00,1.717186526411798253e+00,-7.711960422605166343e-01,2.468885037290469597e+00,3.746802244165680640e-01,9.287879343321527870e-01,1.000000000000000000e+00
1.179999999999999938e+00,9.996578839593424082e-01,1.462401272428353813e-02,-8.382663722951152335e-03,1.999960596306788255e-02,9.995897076369015810e-01,1.458202656909925871e-02,-9.043476577071000305e-03,2.293461181078821146e-02,1.437779672201388026e+00,-8.834832405062431615e-01,1.847124647942586462e+00,1.712114081659140918e+00,-7.248875615426482177e-01,2.393107159958725028e+00,3.448682542148534536e-01,3.804159841639219719e-01,1.000000000000000000e+00
1.199999999999999956e+00,9.996463694654589283e-01,1.487591263358255950e-02,-8.532218663701461245e-03,2.032349582429596527e-02,9.995656814345167396e-01,1.489549122200035068e-02,-1.009306192264846497e-02,2.333887188000522903e-02,1.445332485176298754e+00,-8.554201039063231704e-01,1.856004232214148786e+00,1.720603031450723686e+00,-9.434091024865787212e-01,2.387002414351102608e+00,3.892003980584769485e-01,2.317375878276589862e+00,1.000000000000000000e+00
1.219999999999999973e+00,9.996346630362556995e-01,1.512265923391191771e-02,-8.685322653448646416e-03,2.064971681384566993e-02,9.995727250231208894e-01,1.558785200376406818e-02,-1.023825639170661793e-02,2.250698482291469543e-02,1.416132308999790590e+00,-8.765556151986649835e-01,1.868823821001180052e+00,1.816417419466490379e+00,-9.318489937341221108e-01,2.091955476621611965e+00,2.825859296603157045e-01,4.694595859991331110e+00,1.000000000000000000e+00
1.239999999999999991e+00,9.996227300569976437e-01,1.536840889326694486e-02,-8.840155975205056180e-03,2.097763580145338425e-02,9.995532406701560513e-01,1.715989052656230474e-02,-1.018252422468879544e-02,2.225249251924859770e-02,1.410562081246427679e+00,-8.867366899719052453e-01,1.878376432193133105e+00,2.114782139545313466e+00,-8.707996143080231066e-01,1.949073927556354002e+00,2.953140546398356769e-01,5.541657046226485583e+00,1.000000000000000000e+00
1.260000000000000009e+00,9.996106614965707404e-01,1.561108510208665881e-02,-8.995077233463551203e-03,2.130511745773540008e-02,9.995705459992978437e-01,1.670513928490242189e-02,-1.015581525388485097e-02,2.182936803177960502e-02,1.393003808291879642e+00,-8.875781041834294172e-01,1.875724534290429180e+00,1.919857551001614482e+00,-8.283993677737307992e-01,1.766679146130334388e+00,1.924563745597264730e-01,3.593917941532647209e+00,1.000000000000000000e+00
1.280000000000000027e+00,9.995983205788414594e-01,1.585675349362626260e-02,-9.147233535697133627e-03,2.163536418102915415e-02,9.995693713770299471e-01,1.667703364619347803e-02,-9.908222144547089091e-03,2.201761766466587417e-02,1.409685417367819271e+00,-8.716383450966070923e-01,1.891995803269875376e+00,1.831876379597964455e+00,-7.358344434100975162e-01,1.739111474422262438e+00,1.355342115457225660e-01,8.427055176243198886e-01,1.000000000000000000e+00
1.300000000000000044e+00,9.995858698871521453e-01,1.610135101577028077e-02,-9.300307543121673348e-03,2.196222887176346728e-02,9.995789756793596048e-01,1.610719986604223358e-02,-9.507759397702561163e-03,2.218179441598291599e-02,1.403853236446781949e+00,-8.767255299537379809e-01,1.872500074174363371e+00,1.617767957244964139e+00,-6.131582604793383018e-01,1.706280471858090841e+00,3.462998624981138834e-02,3.068792825154018633e+00,1.000000000000000000e+00
1.320000000000000062e+00,9.995733456664723793e-01,1.634652726359637348e-02,-9.450843912687606485e-03,2.228450647633017923e-02,9.995703970087903567e-01,1.594345433302672352e-02,-9.489051638090998525e-03,2.268888685303224392e-02,1.407099609213696256e+00,-8.616998741269261686e-01,1.846503086749122113e+00,1.510333000619629162e+00,-5.858259867584951763e-01,1.755954492226171171e+00,6.557399314843728733e-02,7.325611989918440203e-01,1.000000000000000000e+00
1.340000000000000080e+00,9.995606645254263567e-01,1.659077895696334931e-02,-9.598654283397631617e-03,2.260729579222789387e-02,9.995535074932672126e-01,1.554040896005209373e-02,-1.009951225848407241e-02,2.343674890854676590e-02,1.401443492457679740e+00,-8.462621856364584971e-01,1.849659010831566697e+00,1.352938958200798458e+00,-7.117904035339404079e-01,1.858286002141581461e+00,1.637569063277532211e-01,2.542350805154235172e+00,1.000000000000000000e+00
1.360000000000000098e+00,9.995476477831491957e-01,1.683616277421089852e-02,-9.751401310184190652e-03,2.293367843808395701e-02,9.995487236589629676e-01,1.621839700144129398e-02,-9.433618249358026800e-03,2.345888908638436854e-02,1.408400964304520775e+00,-8.747481042215574654e-01,1.869874695389502683e+00,1.454738019630303025e+00,-5.196556563332851431e-01,1.789969960131063687e+00,9.979787061665090775e-02,2.587945178031286098e+00,1.000000000000000000e+00
1.380000000000000115e+00,9.995342703924846584e-01,1.708076667297705326e-02,-9.906964607014550478e-03,2.326675252591395987e-02,9.995547180800075093e-01,1.644018470303203541e-02,-8.659145374194477524e-03,2.334748578146384271e-02,1.403965370984535888e+00,-8.916449604928272654e-01,1.907928638941480903e+00,1.443015615825173237e+00,-3.113386798553998136e-01,1.692016297501266253e+00,1.610137568075410419e-01,2.650114896476021720e+00,1.000000000000000000e+00
1.400000000000000133e+00,9.995206701281067474e-01,1.732568423001618410e-02,-1.006692661923566136e-02,2.359889067446151178e-02,9.995108181818105342e-01,1.729160078300227138e-02,-9.536532147403416204e-03,2.425241090058256888e-02,1.406422988869532320e+00,-9.167152477913783626e-01,1.902185631709979452e+00,1.589561710880359691e+00,-5.070938722721280989e-01,1.836165394948524376e+00,9.653383412252344864e-02,4.022882951475905244e+00,1.000000000000000000e+00
1.419999999999999929e+00,9.995068618410879457e-01,1.757140313259945158e-02,-1.022966198920961453e-02,2.392975010564448238e-02,9.995097774420019787e-01,1.730622174783695219e-02,-9.702309478131448603e-03,2.421909737056985104e-02,1.411481556107259339e+00,-9.323745116661421584e-01,1.894661672638594530e+00,1.527599726997811214e+00,-5.253211225588259037e-01,1.750888137826448920e+00,7.533052411607973897e-02,5.717224877095975488e-01,1.000000000000000000e+00
1.439999999999999947e+00,9.994929526496965089e-01,1.781490725511958306e-02,-1.039318778849177005e-02,2.425795396723143954e-02,9.994964152432597171e-01,1.686805506316837663e-02,-9.844244724495385818e-03,2.500950779330440507e-02,1.399072237595191393e+00,-9.369433272038644178e-01,1.879258326559458903e+00,1.357922761274310774e+00,-5.430212891449054391e-01,1.865548148471380951e+00,1.521400053607856739e-01,2.111714082480863119e+00,1.000000000000000000e+00
1.459999999999999964e+00,9.994789638386939457e-01,1.805438863231332777e-02,-1.055663559579460460e-02,2.458449389232488652e-02,9.995043929325421184e-01,1.663905400213613883e-02,-9.498705390985120664e-03,2.497768977226958592e-02,1.376131662018430735e+00,-9.368907049319049607e-01,1.869508983637439226e+00,1.244177588490451791e+00,-4.387738477965185124e-01,1.780650246639323031e+00,2.074594323348726288e-01,1.550472496624830665e+00,1.000000000000000000e+00
1.479999999999999982e+00,9.994646653732818242e-01,1.829774752427561213e-02,-1.072220008690490632e-02,2.491203586839243339e-02,9.994796115764429389e-01,1.683831529587818260e-02,-1.008496172000753269e-02,2.559825634892949620e-02,1.398606187264403999e+00,-9.485882953941008333e-01,1.875306513541826980e+00,1.242062647591187785e+00,-5.622183791957778842e-01,1.853313863361377045e+00,1.987143804463377961e-01,1.026141069240536385e+00,1.000000000000000000e+00
1.500000000000000000e+00,9.994502007289498557e-01,1.854073535898004971e-02,-1.088617630226710979e-02,2.523942473049030355e-02,9.994743793473092053e-01,1.656176359320069014e-02,-1.028160587443323511e-02,2.590292639137547689e-02,1.396281448668281966e+00,-9.395401366833961987e-01,1.874597140933571771e+00,1.124162176259944301e+00,-5.887675242373987539e-01,1.847410390498590793e+00,2.490266145990739088e-01,7.320024386907912906e-01,1.000000000000000000e+00
1.520000000000000018e+00,9.994354721414580034e-01,1.878616645755468509e-02,-1.105258694568583312e-02,2.556672245357376888e-02,9.994952513642326730e-01,1.595355665315861815e-02,-1.005711542122362905e-02,2.556522950939518410e-02,1.410658392976499975e+00,-9.531341717934237456e-01,1.874007193134562321e+00,9.303685122194027546e-01,-5.127934425590940926e-01,1.688102926425278483e+00,3.441225618722171808e-01,3.434984487771768791e+00,1.000000000000000000e+00
1.540000000000000036e+00,9.994205616904440204e-01,1.902689555281934439e-02,-1.121897508874069964e-02,2.589696341152389683e-02,9.994973022431958842e-01,1.547134821171432771e-02,-1.083207561733350206e-02,2.546460938058680429e-02,1.383563000160245693e+00,-9.540224243075449140e-01,1.890592467514505159e+00,7.803496272287318014e-01,-6.800766134726512480e-01,1.589431446687397109e+00,4.129184240947947337e-01,3.010483262669226168e+00,1.000000000000000000e+00
1.560000000000000053e+00,9.994055801493820779e-01,1.926466767874107297e-02,-1.138433193755845722e-02,2.622510117883790001e-02,9.995016000916551180e-01,1.549994550884607747e-02,-1.065364831240082043e-02,2.535355756259131260e-02,1.366620550465115658e+00,-9.483310059825260652e-01,1.878481955838837703e+00,7.537550919199510480e-01,-6.082790236038866372e-01,1.496580483790330485e+00,4.507959640288023428e-01,7.238325512111627447e-01,1.000000000000000000e+00
1.580000000000000071e+00,9.993904397286744734e-01,1.950346563959389976e-02,-1.155231902309645890e-02,2.655009853391347707e-02,9.995156590487072057e-01,1.493547500641529031e-02,-9.750085970144988998e-03,2.550126911226069729e-02,1.373112251931826622e+00,-9.629017835607568410e-01,1.860299878125608375e+00,5.808078496847477457e-01,-3.693344835515159352e-01,1.470535136814761890e+00,5.755914559551720266e-01,4.381079264077473390e+00,1.000000000000000000e+00
1.600000000000000089e+00,9.993750835121198994e-01,1.974290077391363182e-02,-1.172039392305959486e-02,2.687550353878402631e-02,9.995220643596282040e-01,1.546766815892674715e-02,-8.904307821653698399e-03,2.524098655381772083e-02,1.376771252451052918e+00,-9.633675261954688374e-01,1.862699304480717188e+00,6.799626749245005763e-01,-1.467120804034599268e-01,1.349686842176301749e+00,6.160431299047197662e-01,3.696287807936516678e+00,1.000000000000000000e+00
1.620000000000000107e+00,9.993596807234474966e-01,1.997814512265766798e-02,-1.189107364813813544e-02,2.719751145384193686e-02,9.995138364945553855e-01,1.636923481888393969e-02,-8.728505857235604667e-03,2.505897030764890621e-02,1.353409320859580545e+00,-9.785469212227341229e-01,1.842678669334339103e+00,8.675342731787342165e-01,-9.266450481230338598e-02,1.251377635868541116e+00,6.022683623388909169e-01,2.385531083978473799e+00,1.000000000000000000e+00
1.640000000000000124e+00,9.993440518004792494e-01,2.020976592066749122e-02,-1.206250762529573715e-02,2.752321569553408537e-02,9.995370469975553007e-01,1.523226557278100669e-02,-8.684507958621839191e-03,2.486461514771792433e-02,1.332552784212635677e+00,-9.838688710198504328e-01,1.863545527502484811e+00,5.573893025457293815e-01,-8.377154240748548031e-02,1.150260707084808320e+00,7.539737232100905961e-01,5.316771676667689128e+00,1.000000000000000000e+00
1.660000000000000142e+00,9.993281642346159011e-01,2.044401807810579050e-02,-1.223684952000004753e-02,2.784819215173197152e-02,9.995035663717470875e-01,1.488947986884444318e-02,-9.494937395098608512e-03,2.609157648086973119e-02,1.348158291410754606e+00,-1.000037730133001679e+00,1.859264290094247096e+00,4.538861965220973849e-01,-2.811005238337820344e-01,1.394405290539455500e+00,7.380940502599450115e-01,5.453454225752840223e+00,1.000000000000000000e+00
1.679999999999999938e+00,9.993120923646445775e-01,2.068035599457933998e-02,-1.241234633373183155e-02,2.817088192132121208e-02,9.994964588267505334e-01,1.435758904513564915e-02,-9.966022149406323846e-03,2.648333121256571387e-02,1.360466971699105576e+00,-1.006062752415261885e+00,1.846211704541183440e+00,3.087859124799308685e-01,-3.872151664673986748e-01,1.427642130086314021e+00,8.008622071741424708e-01,1.667675569382545575e+00,1.000000000000000000e+00
1.699999999999999956e+00,9.992959147725848368e-01,2.091642670660484940e-02,-1.258814070265538293e-02,2.849063927503453150e-02,9.994553105462293807e-01,1.490841368306667497e-02,-1.024332201378176134e-02,2.760245960991044092e-02,1.359206156331588256e+00,-1.007469631334904525e+00,1.829384560132779391e+00,4.276812090682835521e-01,-4.376066215799148118e-01,1.637797543486242180e+00,7.462437343667432943e-01,3.035393623108914696e+00,1.000000000000000000e+00
1.719999999999999973e+00,9.992794980010276662e-01,2.115734163375446869e-02,-1.276447226575161929e-02,2.880833243323384363e-02,9.994422039510096889e-01,1.543036129218403919e-02,-1.086493249050502104e-02,2.755246184858907779e-02,1.387207158146873676e+00,-1.009524466738671356e+00,1.817889970865141258e+00,5.396894012301758359e-01,-5.654303885633940041e-01,1.556318225391399190e+00,7.064860941968446051e-01,1.771971799508696543e+00,1.000000000000000000e+00
1.739999999999999991e+00,9.992628127550844397e-01,2.139804064706632425e-02,-1.294349278820582615e-02,2.912766546953957092e-02,9.994253480286608982e-01,1.594305683698186288e-02,-1.098163924513026121e-02,2.782438240056406276e-02,1.386327405868041707e+00,-1.025174033205956015e+00,1.826981572132466480e+00,6.405797504994454883e-01,-5.674214282370437790e-01,1.557416353781317930e+00,6.811288549105151136e-01,5.079094157631528494e-01,1.000000000000000000e+00
1.760000000000000009e+00,9.992459623359075671e-01,2.163675267935537619e-02,-1.312494858254185590e-02,2.944644993176946668e-02,9.994092182283432768e-01,1.620039182253535381e-02,-1.110373712281646601e-02,2.820405727755180558e-02,1.375418589159255411e+00,-1.039393426602188919e+00,1.823422432067598242e+00,6.754773416743677927e-01,-5.727124872826666602e-01,1.583692312042660255e+00,6.799598009099874218e-01,9.655386353786851727e-02,1.000000000000000000e+00
1.780000000000000027e+00,9.992291052330694034e-01,2.187185581567361800e-02,-1.330619734003716560e-02,2.976175886344801028e-02,9.994226000246823061e-01,1.639901617587689875e-02,-1.155319925321679486e-02,2.742375640540066495e-02,1.354983987940414414e+00,-1.038386607110763693e+00,1.803279525810486783e+00,7.000948798823599661e-01,-6.526656569931226226e-01,1.327923441691899020e+00,7.112877739943763711e-01,3.610719721533639959e+00,1.000000000000000000e+00
1.800000000000000044e+00,9.992120729238934684e-01,2.210720048744311758e-02,-1.348706480985839735e-02,3.007663698884124187e-02,9.994148234829909327e-01,1.671889984953078487e-02,-1.202882817178110852e-02,2.730927100999757523e-02,1.356356599658314011e+00,-1.036121856865048541e+00,1.800909162909116734e+00,7.511610491601961037e-01,-7.373351241811306744e-01,1.243651934213186205e+00,7.143364811290257022e-01,8.414918997792169009e-01,1.000000000000000000e+00
1.820000000000000062e+00,9.991948419306533324e-01,2.234179521632516027e-02,-1.366934879960891858e-02,3.039179081730960727e-02,9.994005479760847965e-01,1.661949921290267404e-02,-1.212433229852429017e-02,2.784488314446437185e-02,1.352311094112381928e+00,-1.044411033917771459e+00,1.802284443799427649e+00,6.946891938331711813e-01,-7.320761661330011938e-01,1.319712172617039991e+00,7.396345518497517979e-01,4.487726419790085686e-01,1.000000000000000000e+00
1.840000000000000080e+00,9.991773712448099865e-01,2.257600024304151631e-02,-1.385273555264789937e-02,3.070841453161816947e-02,9.993899665816818878e-01,1.628355671252217085e-02,-1.208962525638974592e-02,2.843204948320057421e-02,1.350187651629701113e+00,-1.050999106264065786e+00,1.810569542186479142e+00,5.825984684576871464e-01,-6.974187548489338973e-01,1.404734499188575292e+00,7.933397130403416764e-01,1.046591468976748818e+00,1.000000000000000000e+00
1.860000000000000098e+00,9.991597619254017904e-01,2.281094939240708649e-02,-1.403517842490033946e-02,3.102328969617176163e-02,9.993637800156588424e-01,1.677181925817979036e-02,-1.198875148455979568e-02,2.910345528328813283e-02,1.354438296017720367e+00,-1.045249417377575707e+00,1.800764876087586508e+00,6.730993209581602743e-01,-6.430805211419623468e-01,1.509367006551938228e+00,7.634456351171738930e-01,1.101249557250350453e+00,1.000000000000000000e+00
1.880000000000000115e+00,9.991418518459027620e-01,2.304633171570638628e-02,-1.422156445779235341e-02,3.133964882960203757e-02,9.993287956420330298e-01,1.806421808247302835e-02,-1.172038934895990557e-02,2.963569974239925464e-02,1.357538987499359973e+00,-1.067964221054370055e+00,1.808833182810834384e+00,9.527478432996046021e-01,-5.445166294625485293e-01,1.579198808305842139e+00,6.683333005316440811e-01,4.625898195611375385e+00,1.000000000000000000e+00
1.900000000000000133e+00,9.991238940739451957e-01,2.327770704009413799e-02,-1.440536342556805217e-02,3.165561798557772755e-02,9.993551863396931134e-01,1.720685819891774881e-02,-1.178626588363109427e-02,2.922703377696955415e-02,1.334173808445296983e+00,-1.053826048840949658e+00,1.806624363260037835e+00,7.076935968820727840e-01,-5.417394426967353516e-01,1.411452364866328191e+00,8.075786811794545272e-01,4.396882519928745126e+00,1.000000000000000000e+00
1.919999999999999929e+00,9.991056980074919380e-01,2.350568225884595158e-02,-1.459063555205966124e-02,3.197499749328496649e-02,9.993032003782186257e-01,1.763932994385438574e-02,-1.191651689652891560e-02,3.065883849783798340e-02,1.314727199742371067e+00,-1.063350432226557452e+00,1.825713230928280861e+00,7.791467962593667806e-01,-5.532690051367233908e-01,1.697983741900813914e+00,7.543610135821061657e-01,4.354226045743787132e+00,1.000000000000000000e+00
1.939999999999999947e+00,9.990872308392936274e-01,2.373780457497461083e-02,-1.477632355039210088e-02,3.229368467931115205e-02,9.992760568212338823e-01,1.753804896748861405e-02,-1.259734182737406658e-02,3.132229367566390782e-02,1.338637646182207819e+00,-1.064900733463967963e+00,1.822090415597373170e+00,7.253488228383123682e-01,-6.976461215988166709e-01,1.783363558244424718e+00,7.615326809789594309e-01,1.547008104126324834e+00,1.000000000000000000e+00
1.959999999999999964e+00,9.990684681281846169e-01,2.397100522867691777e-02,-1.496169201716354182e-02,3.261494553594995738e-02,9.992427747195539167e-01,1.774396329152252635e-02,-1.290613056298177061e-02,3.213192697874436149e-02,1.344573607609352628e+00,-1.063247159996358437e+00,1.837012440460832119e+00,7.444206359762394198e-01,-7.445767813423715964e-01,1.902919846342633559e+00,7.537409936980404845e-01,8.406559061517686615e-01,1.000000000000000000e+00
1.979999999999999982e+00,9.990494845043424998e-01,2.420583612876996138e-02,-1.514428144876706593e-02,3.293714845452376527e-02,9.992393655372810990e-01,1.820892340624900158e-02,-1.300860501326156320e-02,3.193589930855961212e-02,1.353335796202771446e+00,-1.047182973360372360e+00,1.842967746562307996e+00,8.265696289918281758e-01,-7.333978306575166251e-01,1.776780320631050625e+00,7.387625885340970422e-01,1.136162528674813821e+00,1.000000000000000000e+00
2.000000000000000000e+00,9.990304414012092238e-01,2.443642226767294909e-02,-1.532521135765168609e-02,3.325922905457000950e-02,9.992009740428591247e-01,1.898268327619437312e-02,-1.427868004895504854e-02,3.214328084525337054e-02,1.328743906229624683e+00,-1.038472896646914556e+00,1.842140641569992798e+00,9.876938066596524513e-01,-1.003278971094087924e+00,1.749195217606711816e+00,6.493713115445873818e-01,4.964967121387379834e+00,1.000000000000000000e+00
2.020000000000000018e+00,9.990114103592299122e-01,2.466526918562877979e-02,-1.550849072338516405e-02,3.357548485942683097e-02,9.991764696898941533e-01,1.943028154963127516e-02,-1.402183829762521962e-02,3.274499393338688169e-02,1.319746049523651710e+00,-1.051436078367964599e+00,1.808315416473056159e+00,1.049761395900925764e+00,-8.986276079697206320e-01,1.823602550592998472e+00,6.311100065171650897e-01,1.014500874323926105e+00,1.000000000000000000e+00
2.040000000000000036e+00,9.989921645645256643e-01,2.489256920080697849e-02,-1.569170440897848379e-02,3.389373909748265301e-02,9.991665152460457167e-01,1.848732020344137292e-02,-1.431013693166585665e-02,3.346212461524466358e-02,1.310731850378664687e+00,-1.051659217942719104e+00,1.819667417676626320e+00,7.784345873020291906e-01,-9.414621372478192418e-01,1.914744030911739836e+00,7.527609072122992684e-01,4.178008461442393795e+00,1.000000000000000000e+00
2.060000000000000053e+00,9.989726562163641077e-01,2.512184609927568812e-02,-1.587045369794762989e-02,3.421481667359776296e-02,9.991217428880787566e-01,1.933571311178252164e-02,-1.441044645731792868e-02,3.426677865874866447e-02,1.320963779757177381e+00,-1.026148264837568602e+00,1.836693102863073301e+00,9.480017783001548626e-01,-9.226699070447096362e-01,2.030987391248468832e+00,6.840644716060547692e-01,2.126104427109631878e+00,1.000000000000000000e+00
2.080000000000000071e+00,9.989529122390717886e-01,2.534974181266311938e-02,-1.604919718806194912e-02,3.453828294411010608e-02,9.990701590028993051e-01,2.107094930896008869e-02,-1.481803696073544577e-02,3.457250736887800685e-02,1.312873874836042232e+00,-1.026751085661716578e+00,1.850286687909251437e+00,1.328472932618681712e+00,-9.685894393234686373e-01,2.024121656968074223e+00,5.103992387907222428e-01,7.329918176385167961e+00,1.000000000000000000e+00
2.100000000000000089e+00,9.989330260891960966e-01,2.557827200681821525e-02,-1.622444479661320355e-02,3.486156594974550160e-02,9.990186868373704954e-01,2.245343337391386349e-02,-1.566296305363023070e-02,3.481635058186967335e-02,1.315851077742857367e+00,-1.006603030251595809e+00,1.849831988355414403e+00,1.612075971597649593e+00,-1.120627125436087113e+00,1.998806399816197121e+00,3.639841536647269726e-01,5.198781000019799592e+00,1.000000000000000000e+00
2.120000000000000107e+00,9.989129031653989355e-01,2.580639532438368591e-02,-1.639754440011956943e-02,3.518753170772525446e-02,9.989947148353101047e-01,2.211661289361527630e-02,-1.638381067867026447e-02,3.538341296253334073e-02,1.312878600392574535e+00,-9.948054443901523936e-01,1.865510894010088405e+00,1.467371624761681259e+00,-1.253328493942404309e+00,2.045617147343627984e+00,4.235202507323796994e-01,2.033118382461146734e+00,1.000000000000000000e+00
2.140000000000000124e+00,9.988924740711161432e-01,2.603269549448340714e-02,-1.657449142390671551e-02,3.551633769711105143e-02,9.989745154051243858e-01,2.294952908715969589e-02,-1.634050384768722872e-02,3.544325915852402503e-02,1.302998195704287321e+00,-1.017641861024866978e+00,1.881088093590440602e+00,1.605665338079947047e+00,-1.183147325107345882e+00,1.978154076178670229e+00,3.545445830977036472e-01,1.427531028470277574e+00,1.000000000000000000e+00
2.160000000000000142e+00,9.988716699767519192e-01,2.626170668289903865e-02,-1.675208371771986712e-02,3.584797582947607530e-02,9.989458460155143937e-01,2.294425740397373903e-02,-1.702438004375542505e-02,3.592949018082939455e-02,1.318432272486797174e+00,-1.021241260971273990e+00,1.897534622757784728e+00,1.541056675718454727e+00,-1.300974874711704699e+00,2.008017674093738325e+00,3.816393026797973986e-01,9.458889696684585902e-01,1.000000000000000000e+00
2.180000000000000160e+00,9.988507257100617265e-01,2.648895095043056827e-02,-1.692782263649378338e-02,3.618027151385369566e-02,9.989375922733890745e-01,2.295402293699385504e-02,-1.717200591975358293e-02,3.608215329971795754e-02,1.307897290299841142e+00,-1.011109494990741542e+00,1.901435938919720403e+00,1.479391331302849499e+00,-1.282564067251362516e+00,1.959540668518248152e+00,4.063160038366674387e-01,3.240756277946528208e-01,1.000000000000000000e+00
2.200000000000000178e+00,9.988295378745025710e-01,2.671850559420724247e-02,-1.710532959358172789e-02,3.651141503304124875e-02,9.988722983390820875e-01,2.423970610880238352e-02,-1.610878779182315160e-02,3.751100124545956455e-02,1.321634782737497016e+00,-1.020597789738414418e+00,1.894848342487627235e+00,1.710972513404650064e+00,-9.700757407926045017e-01,2.233717916339340803e+00,3.269084301003249982e-01,1.130629591213634377e+01,1.000000000000000000e+00
2.220000000000000195e+00,9.988080134869372628e-01,2.694830992636759390e-02,-1.728215969503774097e-02,3.684654315761349413e-02,9.988347032166968731e-01,2.464327560104292991e-02,-1.690553529799691465e-02,3.789653670129246310e-02,1.322583127912406065e+00,-1.017314969132391278e+00,1.917850222421866979e+00,1.742363750827460978e+00,-1.119667885867508428e+00,2.229452767343938824e+00,2.934580321668857072e-01,1.167513776552256966e+00,1.000000000000000000e+00
2.240000000000000213e+00,9.987863826848177862e-01,2.717913516749869210e-02,-1.746131422649994588e-02,3.717739743993952323e-02,9.988500177418498938e-01,2.432445936921669161e-02,-1.673870954435530481e-02,3.777271947174570127e-02,1.329355879620387926e+00,-1.029752213399665051e+00,1.893156755299379546e+00,1.591276341970050634e+00,-1.034541683773489762e+00,2.105553544082254369e+00,3.443432681021088571e-01,2.268462753472286764e+00,1.000000000000000000e+00
2.260000000000000231e+00,9.987645159730749178e-01,2.740963448555222906e-02,-1.763985172729902462e-02,3.750985472481630639e-02,9.988499601816309692e-01,2.464106693844058185e-02,-1.670473195752910506e-02,3.758359742649330232e-02,1.327235673234821389e+00,-1.026563833134597425e+00,1.902443868485800271e+00,1.601019889267828900e+00,-9.786463708117139060e-01,1.973121606744311363e+00,3.351124306098535177e-01,1.036706433097045688e+00,1.000000000000000000e+00
2.280000000000000249e+00,9.987423197473022096e-01,2.763913426941086438e-02,-1.782094761432513955e-02,3.784535412362620421e-02,9.988213256585314337e-01,2.510441214778330946e-02,-1.737431418510477013e-02,3.773408415538213878e-02,1.321809962849651132e+00,-1.041930066951415546e+00,1.919420376731229227e+00,1.650905000775910292e+00,-1.095293700582292695e+00,1.924354738418058819e+00,2.953468061792207111e-01,9.227183106445761007e-01,1.000000000000000000e+00
2.300000000000000266e+00,9.987201339275306733e-01,2.786804382623580406e-02,-1.800030183697786876e-02,3.817663362387831855e-02,9.987476389761540396e-01,2.502469227177539848e-02,-1.775320251684142647e-02,3.951888430430442606e-02,1.318484035638802121e+00,-1.031422270081540304e+00,1.895485834058450614e+00,1.558492516465662892e+00,-1.152868745853860455e+00,2.270690629866762844e+00,3.614288945664925201e-01,6.584018461924010523e+00,1.000000000000000000e+00
2.319999999999999840e+00,9.986976061644688984e-01,2.809946909208985155e-02,-1.817998750699744218e-02,3.850973035932103022e-02,9.986954777907319780e-01,2.667026225071846349e-02,-1.815511181393277343e-02,3.957817159550389152e-02,1.332819219026782021e+00,-1.033094045268504457e+00,1.906165827794612966e+00,1.892829340582493636e+00,-1.185306240551851520e+00,2.194903303656154048e+00,2.045009273217684165e-01,5.923811864932629234e+00,1.000000000000000000e+00
2.339999999999999858e+00,9.986747469393599808e-01,2.833413928527887121e-02,-1.835845030647976356e-02,3.884448067502178914e-02,9.986565723893109370e-01,2.688051087867233263e-02,-1.724330026756698900e-02,4.080633718452467140e-02,1.350998372175110207e+00,-1.025681412796510372e+00,1.916235825124451342e+00,1.849439238455297563e+00,-9.228144494091009564e-01,2.405810299161220467e+00,3.076054701484464138e-01,5.758891799176634407e+00,1.000000000000000000e+00
2.359999999999999876e+00,9.986518872753570308e-01,2.857025571295498598e-02,-1.853532831612986209e-02,3.917384502544075248e-02,9.986081998299448648e-01,2.767273311192422827e-02,-1.761340599120666400e-02,4.129952788958134863e-02,1.359487589008201436e+00,-1.015417065224301751e+00,1.885826912040805770e+00,1.964240459622547341e+00,-9.684434718620424931e-01,2.424566583356066563e+00,2.847762095551648609e-01,7.801160022658353288e-01,1.000000000000000000e+00
2.379999999999999893e+00,9.986289384603064256e-01,2.880803379720695695e-02,-1.871329143679956869e-02,3.949877443645549713e-02,9.985767386209895013e-01,2.826644238640588572e-02,-1.829010029542613158e-02,4.136396440221239146e-02,1.369724480185892990e+00,-1.020536441745925726e+00,1.860469685037999588e+00,2.031383733589613882e+00,-1.084779679125768004e+00,2.336192949378963046e+00,2.278635714022997638e-01,1.291810947869500348e+00,1.000000000000000000e+00
2.399999999999999911e+00,9.986060654354957933e-01,2.904407744517104387e-02,-1.889225564648076491e-02,3.981771361322816727e-02,9.985077628431301422e-01,2.935620117677374338e-02,-1.838197315902731499e-02,4.222042227710563755e-02,1.360656832524480109e+00,-1.025660055574753482e+00,1.825826870679010616e+00,2.205570833520248186e+00,-1.056569303011007266e+00,2.449004063804015807e+00,2.839579042174346646e-01,2.191949069343107848e+00,1.000000000000000000e+00
2.419999999999999929e+00,9.985830414101231067e-01,2.928520477816230413e-02,-1.907150064146719351e-02,4.013183340556339407e-02,9.984976648249547226e-01,2.916854490597614244e-02,-1.927711943668430558e-02,4.219006984355957307e-02,1.390354459971629097e+00,-1.025321158736312244e+00,1.798790326841401832e+00,2.077437259681214954e+00,-1.229037601246160571e+00,2.331118376133110459e+00,2.376087560361886397e-01,3.001546528669860603e+00,1.000000000000000000e+00
2.439999999999999947e+00,9.985596848422940708e-01,2.952634148704668532e-02,-1.925595839603654047e-02,4.044699039853183464e-02,9.985039830366218006e-01,2.868533888303646459e-02,-1.927565799517107215e-02,4.237211585489334548e-02,1.391549179642618705e+00,-1.055353967741660792e+00,1.803927459241525311e+00,1.873022392964339033e+00,-1.183329199909031404e+00,2.274492648112025339e+00,2.408300706399519042e-01,2.353029372174651801e+00,1.000000000000000000e+00
2.459999999999999964e+00,9.985362148353670309e-01,2.976661769583294898e-02,-1.944061192957191944e-02,4.076075000551270672e-02,9.984705464655603269e-01,2.868824073495202659e-02,-2.041351709098356698e-02,4.262441793473616819e-02,1.386844711054729951e+00,-1.056449613580780378e+00,1.795830789005549821e+00,1.805938624195920328e+00,-1.409086001578983005e+00,2.231684124580056050e+00,2.708585341498050969e-01,2.863842055759461935e+00,1.000000000000000000e+00
2.479999999999999982e+00,9.985123688798404062e-01,3.001199132391800528e-02,-1.962017832503439724e-02,4.107770895798166372e-02,9.983911039747952465e-01,2.947913812789270879e-02,-2.094965192753775463e-02,4.367260014404094476e-02,1.414527716714079730e+00,-1.026742187637511350e+00,1.815658052953724066e+00,1.920889741865521305e+00,-1.478358642752540586e+00,2.391049160063755785e+00,3.399258594650116372e-01,2.169749239010222652e+00,1.000000000000000000e+00
2.500000000000000000e+00,9.984883621642157703e-01,3.025719006356903176e-02,-1.979993782259194604e-02,4.139390697071931163e-02,9.983636237347974784e-01,2.988792526586533244e-02,-2.134417813119986879e-02,4.383164138301757357e-02,1.413685803397465079e+00,-1.027775320283957239e+00,1.811289645976134954e+00,1.942140738415262913e+00,-1.507927276688168394e+00,2.328336999825448839e+00,3.336789195652704043e-01,2.628581136066211466e-01,1.000000000000000000e+00
2.520000000000000018e+00,9.984639807679821510e-01,3.049962546192166307e-02,-1.998037205495294469e-02,4.171614421519499044e-02,9.983260910198696880e-01,3.020698031674123873e-02,-2.160161727426179734e-02,4.433874671511808113e-02,1.397416816766556380e+00,-1.033380275855065200e+00,1.845497993025382311e+00,1.937554363697648663e+00,-1.506957280993592940e+00,2.352572124159532319e+00,3.552549466838604841e-01,3.045799927632199255e-02,1.000000000000000000e+00
2.540000000000000036e+00,9.984393109242839515e-01,3.074377340203772457e-02,-2.016380759786137386e-02,4.203788364323080007e-02,9.982883924767008699e-01,3.108216278086503581e-02,-2.159733350143289848e-02,4.458407550657771806e-02,1.408038644092108216e+00,-1.050086808742646260e+00,1.842390611283333479e+00,2.065456776125151883e+00,-1.435032703398034792e+00,2.317975277711772364e+00,3.375179464921546635e-01,1.136202344890394400e+00,1.000000000000000000e+00
2.560000000000000053e+00,9.984142726410378810e-01,3.099190706551151198e-02,-2.034917513529685765e-02,4.235980352200733462e-02,9.983425352014924092e-01,3.112438243048994829e-02,-2.091356382191772098e-02,4.365865405671975896e-02,1.431348909121239243e+00,-1.060253400137240787e+00,1.843631799709948060e+00,1.986059421249419366e+00,-1.202193649096181538e+00,2.003128641334536386e+00,1.631971942943141740e-01,7.980795186871928237e+00,1.000000000000000000e+00
2.580000000000000071e+00,9.983889867017382569e-01,3.123825953522362670e-02,-2.053579356959717162e-02,4.268352792768518450e-02,9.983622327726853207e-01,3.180622225381701113e-02,-2.033746516074591559e-02,4.298376332889951301e-02,1.421296783688982934e+00,-1.068190754627659667e+00,1.853584894057521693e+00,2.063853270257763217e+00,-1.000543584265816355e+00,1.764513390942234805e+00,7.710682796267759320e-02,5.181743825000880044e+00,1.000000000000000000e+00
2.600000000000000089e+00,9.983634973008521651e-01,3.148649874065234666e-02,-2.072331274150331776e-02,4.300548759500229939e-02,9.983656502204233396e-01,3.236670647309879134e-02,-2.110126372213447579e-02,4.210892353604728938e-02,1.432553908824440114e+00,-1.072589952591984197e+00,1.843600515498649228e+00,2.123720673921939195e+00,-1.129234604359283578e+00,1.476644284800433748e+00,1.503485181931100700e-01,5.149971224995048225e+00,1.000000000000000000e+00
2.620000000000000107e+00,9.983378294989591062e-01,3.173356013508094736e-02,-2.091475429371000491e-02,4.332588608781380579e-02,9.982970576721459377e-01,3.288839934939229159e-02,-2.107911177712048709e-02,4.332446050510750657e-02,1.427000631490600524e+00,-1.095056515366612748e+00,1.833866778182589030e+00,2.154114015521237491e+00,-1.081444974576089013e+00,1.710429372114745439e+00,1.337500739661342530e-01,2.892808764202064342e+00,1.000000000000000000e+00
2.640000000000000124e+00,9.983119794059220897e-01,3.197987800354400861e-02,-2.111023939090258400e-02,4.364443802327068467e-02,9.982628114440531553e-01,3.261685962865091409e-02,-2.191496500771086126e-02,4.390027408217832272e-02,1.424005810286448126e+00,-1.118056489224830807e+00,1.822525325333053781e+00,2.004183529066274616e+00,-1.244435040837322592e+00,1.769066243192206400e+00,1.213371807036229405e-01,2.623893726350796207e+00,1.000000000000000000e+00
2.660000000000000142e+00,9.982857925439913016e-01,3.222431562232102448e-02,-2.131075615708727736e-02,4.396500380417682485e-02,9.982411070420558197e-01,3.285114613704594871e-02,-2.186515688997674872e-02,4.424261885456164112e-02,1.414327325216969689e+00,-1.147717081475135847e+00,1.832979167379842123e+00,1.974150837930757296e+00,-1.180469097487665264e+00,1.778915506524280987e+00,1.011619337480238190e-01,2.545092489983354911e-01,1.000000000000000000e+00
2.680000000000000160e+00,9.982592077438275924e-01,3.247047081921214384e-02,-2.151113760946667119e-02,4.428875295366797860e-02,9.982018754809519612e-01,3.338812946063524772e-02,-2.181303518035927758e-02,4.474863231039047373e-02,1.423802146229195209e+00,-1.147146800269902789e+00,1.851522204632015445e+00,2.017382845337166497e+00,-1.116882129202986906e+00,1.829512714451007493e+00,1.227796897535132770e-01,4.235900913382725230e-01,1.000000000000000000e+00
2.700000000000000178e+00,9.982325627292565340e-01,3.271277883058950481e-02,-2.171179806314395624e-02,4.461191133573185613e-02,9.981135254486368513e-01,3.375762387824050165e-02,-2.272722720320706838e-02,4.597049369152612919e-02,1.401952580090664480e+00,-1.149616336546958717e+00,1.847632457288772789e+00,2.025482868309083084e+00,-1.296213874057427828e+00,2.041706146768401453e+00,2.286873952924487474e-01,3.862362983999075183e+00,1.000000000000000000e+00
2.720000000000000195e+00,9.982058364738166656e-01,3.295511438456349279e-02,-2.191577826185279326e-02,4.493069250173634122e-02,9.981130632288672810e-01,3.384595267351266090e-02,-2.292988416461467019e-02,4.581468008954164145e-02,1.403518410053012255e+00,-1.167786099656718646e+00,1.821999152835090063e+00,1.964769872446796128e+00,-1.288115884922008014e+00,1.917241579703973242e+00,1.852008462786464693e-01,9.621106212298554672e-01,1.000000000000000000e+00
2.740000000000000213e+00,9.981787974248990114e-01,3.319764018296973707e-02,-2.212139282258626660e-02,4.525095620264101698e-02,9.980766387403966489e-01,3.370988374526585896e-02,-2.305987699482730732e-02,4.663591975651398130e-02,1.404900117471871157e+00,-1.177403736165312020e+00,1.830274026610684279e+00,1.846600146568812884e+00,-1.273694420907585556e+00,2.032577354375951995e+00,2.008364511142950726e-01,1.373669329755179636e+00,1.000000000000000000e+00
2.760000000000000231e+00,9.981513256896913378e-01,3.344673321313469672e-02,-2.232998104855372576e-02,4.556993534834587189e-02,9.981089523839974387e-01,3.351608674161723339e-02,-2.276709019916037940e-02,4.622608251096652077e-02,1.443475150715525457e+00,-1.192518384054771285e+00,1.823306410059377658e+00,1.721173740149248843e+00,-1.148488314115925002e+00,1.849522584430503436e+00,9.082412682593467290e-02,3.245780965593426437e+00,1.000000000000000000e+00
2.780000000000000249e+00,9.981238048324216905e-01,3.369449287745768240e-02,-2.253866991794028357e-02,4.588637853340504086e-02,9.981490715401858393e-01,3.322737791216309744e-02,-2.321784136878017948e-02,4.533546274961317707e-02,1.436209795031629266e+00,-1.192962403303333918e+00,1.808626231967181308e+00,1.589013339746997211e+00,-1.204431316155571530e+00,1.552052600900615253e+00,1.136490023081534601e-01,5.454098288778467918e+00,1.000000000000000000e+00
2.800000000000000266e+00,9.980961644537204025e-01,3.393842760211591286e-02,-2.274824673213671905e-02,4.620332136634578563e-02,9.981120464741081166e-01,3.337970590609072585e-02,-2.437711406615640855e-02,4.543010264897345135e-02,1.414527621775529376e+00,-1.199157914620231358e+00,1.810849691512311121e+00,1.570964028669464829e+00,-1.431786352068533663e+00,1.501723867338171203e+00,2.163171544321340067e-01,2.727403423526408410e+00,1.000000000000000000e+00
2.819999999999999840e+00,9.980682913601067741e-01,3.418450424928502762e-02,-2.295646998156406979e-02,4.651995202849301680e-02,9.981238388264893624e-01,3.320200943138791605e-02,-2.412841752339815043e-02,4.543400052611540341e-02,1.426504186383121819e+00,-1.190819931940361620e+00,1.809668473589393978e+00,1.459627733829599094e+00,-1.313620043343095123e+00,1.440142465912530145e+00,2.150274599241331352e-01,1.507547799838902414e+00,1.000000000000000000e+00
2.839999999999999858e+00,9.980400928734465271e-01,3.442750803628952250e-02,-2.316651254666478657e-02,4.684049961303381193e-02,9.981175334907864682e-01,3.367867964113298307e-02,-2.362784433821587746e-02,4.548473202985753999e-02,1.408965460346011556e+00,-1.202852725467788320e+00,1.831393652966006202e+00,1.507441685081653437e+00,-1.133431772948798821e+00,1.398470425468862688e+00,1.854003017145646193e-01,1.824510306430760176e+00,1.000000000000000000e+00
2.859999999999999876e+00,9.980115855393090207e-01,3.467287262498760375e-02,-2.337825118426177518e-02,4.716062345655883115e-02,9.980607880436451751e-01,3.540826353926965209e-02,-2.343738952882096563e-02,4.551490980882995363e-02,1.423037700433788855e+00,-1.211875286122059636e+00,1.829032242430513655e+00,1.858196107280305931e+00,-1.022221764594509752e+00,1.358818946431064045e+00,2.067446515782123961e-01,6.848389433330344112e+00,1.000000000000000000e+00
2.879999999999999893e+00,9.979827477256693058e-01,3.491812271155123742e-02,-2.358901223089610033e-02,4.748387568633059830e-02,9.980236790270626823e-01,3.533881863416978714e-02,-2.459007557661899851e-02,4.577370622927447175e-02,1.421765414848388032e+00,-1.206981934808774914e+00,1.847189106273252390e+00,1.774511673073626339e+00,-1.259353748675660967e+00,1.353985971689408929e+00,2.321849302238518931e-01,3.162886503808891803e+00,1.000000000000000000e+00
2.899999999999999911e+00,9.979535410563712405e-01,3.516350055984236028e-02,-2.379936365673389689e-02,4.781054706821559475e-02,9.980263336657357875e-01,3.578998373940155131e-02,-2.430685222775708088e-02,4.551583579855351946e-02,1.421996196705844540e+00,-1.205338865277746363e+00,1.866939458315992395e+00,1.806986345334626876e+00,-1.131179510784523057e+00,1.240201576522723448e+00,2.788374873416559763e-01,1.521500655107948630e+00,1.000000000000000000e+00
2.919999999999999929e+00,9.979240766753697534e-01,3.541144899667236778e-02,-2.400427085554282872e-02,4.813898059016768344e-02,9.979446153355784332e-01,3.621626795405664956e-02,-2.435442875492276407e-02,4.692321875389575403e-02,1.435014719032212671e+00,-1.173895567802902162e+00,1.878533097669744967e+00,1.826547452728051191e+00,-1.103160712541476851e+00,1.529329007659378181e+00,1.718431467048078531e-01,4.238102559224855348e+00,1.000000000000000000e+00
2.939999999999999947e+00,9.978944216574029413e-01,3.565698252695297110e-02,-2.420930371080862523e-02,4.846867479050509520e-02,9.978844966820782370e-01,3.687158638024034402e-02,-2.478408356445252828e-02,4.746331848101324052e-02,1.421106996781349885e+00,-1.175562103172212769e+00,1.885436211563817910e+00,1.909463293137170226e+00,-1.157780562495362986e+00,1.595587095268396371e+00,1.923116388250233066e-01,7.124240202456588733e-01,1.000000000000000000e+00
2.959999999999999964e+00,9.978646058811100339e-01,3.590178936426203365e-02,-2.441399378123138356e-02,4.879802001957830870e-02,9.978544733334416827e-01,3.646673735223497637e-02,-2.490750675032127673e-02,4.833469998671480194e-02,1.416938174561082953e+00,-1.173755036180193390e+00,1.883454838458209268e+00,1.728377439674435800e+00,-1.151408171631137956e+00,1.734747249400454772e+00,1.010415223267931428e-01,2.609911563806172285e+00,1.000000000000000000e+00
2.979999999999999982e+00,9.978345698435885369e-01,3.614407406462726707e-02,-2.461912250017106452e-02,4.912917608095151295e-02,9.978780301118423957e-01,3.610470826293901703e-02,-2.496121699277807984e-02,4.809183618449968528e-02,1.402432900187957854e+00,-1.177371412411815976e+00,1.893426539425066668e+00,1.570601963294623538e+00,-1.117923969570674636e+00,1.600541687356486165e+00,1.253477294980185064e-01,2.201270283089828972e+00,1.000000000000000000e+00
3.000000000000000000e+00,9.978041032521542952e-01,3.638974291802621330e-02,-2.481815872440197579e-02,4.946531250335697155e-02,9.978576565435590684e-01,3.627612760239438267e-02,-2.470708268121587364e-02,4.851494521232533469e-02,1.419452357700464518e+00,-1.142679091683618031e+00,1.923760368688752997e+00,1.540483724005078603e+00,-1.011654745162574809e+00,1.638364460561704927e+00,1.105860401991137637e-01,6.815405487116908967e-01,1.000000000000000000e+00
3.020000000000000018e+00,9.977736867987712088e-01,3.663578550492913033e-02,-2.501328546528305136e-02,4.979783833317454750e-02,9.977634333329229444e-01,3.716174679040849110e-02,-2.492426699502975004e-02,4.965799627395182936e-02,1.420983946141503917e+00,-1.119462735769550576e+00,1.903972675045990659e+00,1.685212492834527565e+00,-1.021382009274197866e+00,1.848601499906280976e+00,6.320433543797653042e-02,3.262031144026958707e+00,1.000000000000000000e+00
3.040000000000000036e+00,9.977429618575095471e-01,3.688223990467344449e-02,-2.521016189183602693e-02,5.013112985766118856e-02,9.977039698031343606e-01,3.782963438632809539e-02,-2.510378783897379909e-02,5.025442505291512207e-02,1.423792446674995604e+00,-1.129552815687443257e+00,1.908129780697261246e+00,1.773986567958899085e+00,-1.019214159692606980e+00,1.917296899010513700e+00,1.102460073109535338e-01,6.302296622389396141e-01,1.000000000000000000e+00
3.060000000000000053e+00,9.977118157172997215e-01,3.712710312939783430e-02,-2.541245146181319095e-02,5.046700211037920270e-02,9.976592969470088335e-01,3.845440631074571042e-02,-2.522969483871010873e-02,5.060284921655706925e-02,1.415967319039465711e+00,-1.161561074200119448e+00,1.921630134453861549e+00,1.849345264934658895e+00,-1.002424424666089608e+00,1.923578913018519021e+00,1.544372276293968227e-01,3.000144938456944521e-01,1.000000000000000000e+00
3.080000000000000071e+00,9.976804173221500704e-01,3.737455778187905031e-02,-2.561613512529417949e-02,5.080099353115299227e-02,9.976902331450097083e-01,3.857108422382587998e-02,-2.478028809261272405e-02,5.012392114451971747e-02,1.431511755579786715e+00,-1.168417675082267682e+00,1.911032123473483724e+00,1.796550760789527246e+00,-8.461943172912769207e-01,1.732279394389055094e+00,1.843763482891408456e-01,3.189526056636709406e+00,1.000000000000000000e+00
3.100000000000000089e+00,9.976487909085006711e-01,3.762495851125405993e-02,-2.582174916157559466e-02,5.113208157380193242e-02,9.976661144673144577e-01,3.946852053205607280e-02,-2.512167757607479748e-02,4.973390439595294643e-02,1.449389205468996744e+00,-1.178006467895350573e+00,1.894520970977623175e+00,1.943194173734586805e+00,-8.782222181821197626e-01,1.568082160991701279e+00,2.770183930851931042e-01,2.474535559508669547e+00,1.000000000000000000e+00
3.120000000000000107e+00,9.976168878047586563e-01,3.787461938420219609e-02,-2.602476042169181436e-02,5.146620462247880612e-02,9.976289032496696851e-01,3.943271519776352096e-02,-2.508485360685912269e-02,5.052110937534851076e-02,1.444008209583150348e+00,-1.164040681432044977e+00,1.912402083866949987e+00,1.848167149375435470e+00,-8.406911834143179219e-01,1.691996247144003318e+00,2.349668623587414518e-01,1.289668158199173575e+00,1.000000000000000000e+00
3.140000000000000124e+00,9.975848620577311143e-01,3.812263415160077606e-02,-2.622675510983224489e-02,5.180024203620799822e-02,9.975995865766341675e-01,3.930848104224051592e-02,-2.557518434103717153e-02,5.094917198740965547e-02,1.434338812177404998e+00,-1.158715140304548141e+00,1.911923915145616437e+00,1.744332214387716684e+00,-9.289489238511148272e-01,1.718702446388814531e+00,1.831786447658064476e-01,9.642139085303309542e-01,1.000000000000000000e+00
3.160000000000000142e+00,9.975526379179154857e-01,3.837061276149122957e-02,-2.643026759625608998e-02,5.213321028007232572e-02,9.975193502683188385e-01,4.015627313641070145e-02,-2.568970209916021652e-02,5.179438940774921257e-02,1.434786614481784461e+00,-1.167197489604413274e+00,1.905534738519613747e+00,1.871700498332454110e+00,-9.154926607133795358e-01,1.854601708861202569e+00,2.249303907933248858e-01,1.743612182222656903e+00,1.000000000000000000e+00
3.180000000000000160e+00,9.975198070940727302e-01,3.862195919652459258e-02,-2.663217243721160629e-02,5.247195550101780431e-02,9.975277910731391584e-01,3.988773193559468078e-02,-2.544434003043312409e-02,5.196018127560208394e-02,1.452813947960845731e+00,-1.158364855709820063e+00,1.939598033220350404e+00,1.724256740336693294e+00,-8.230685114461281371e-01,1.817201756859890160e+00,2.073791893243542017e-01,1.584026468968781742e+00,1.000000000000000000e+00
3.200000000000000178e+00,9.974869577802786269e-01,3.887824091417601408e-02,-2.683008328683219798e-02,5.280528451287626324e-02,9.975027831976798209e-01,3.957039293466747126e-02,-2.527138479063289686e-02,5.276114694206843897e-02,1.480650696911414821e+00,-1.132858253888933575e+00,1.910284865490249340e+00,1.568755040958703217e+00,-7.588507183272426015e-01,1.933382008312717337e+00,1.955059177586604413e-01,2.090119803208583704e+00,1.000000000000000000e+00
3.220000000000000195e+00,9.974537481780467729e-01,3.913645980343706532e-02,-2.702822884891767363e-02,5.313974599967581647e-02,9.974227340027804756e-01,4.016793917636245909e-02,-2.557616294572376964e-02,5.366829833073081396e-02,1.491699160153803883e+00,-1.133921233811533646e+00,1.917111677858701624e+00,1.645647715749281703e+00,-8.015515779534677643e-01,2.071742878326022996e+00,2.129299735847263730e-01,1.343972664332582889e+00,1.000000000000000000e+00
3.240000000000000213e+00,9.974207431816790592e-01,3.938878494939989511e-02,-2.722450513415653264e-02,5.347159069372489637e-02,9.973925783100067166e-01,4.088795096680776509e-02,-2.601519993632372615e-02,5.347363434559551654e-02,1.457806701417168282e+00,-1.124414331017983715e+00,1.901600888674415568e+00,1.756604996787502371e+00,-8.621636801857659460e-01,1.938419504321911235e+00,2.207402395463398947e-01,1.688015712506390376e+00,1.000000000000000000e+00
3.260000000000000231e+00,9.973875496687714115e-01,3.964188540893859303e-02,-2.742330178936904297e-02,5.380110785028505149e-02,9.973807426984632185e-01,4.019600278692302131e-02,-2.622554797995914344e-02,5.411243930342177211e-02,1.463415233768331936e+00,-1.138084333485670285e+00,1.887909370211084514e+00,1.515438092711142382e+00,-8.919753728573438512e-01,2.004201569337715316e+00,1.553818503236779613e-01,3.168859124736842947e+00,1.000000000000000000e+00
3.280000000000000249e+00,9.973538778464278165e-01,3.989770389406562673e-02,-2.762249796911424651e-02,5.413329081647103025e-02,9.973281697877853791e-01,4.043131677167233901e-02,-2.652123996043133369e-02,5.475814279919027916e-02,1.478760623560300580e+00,-1.140210251412505427e+00,1.903627198337799253e+00,1.508602005028243820e+00,-9.289863317512069285e-01,2.074390512713550461e+00,1.574795364390440822e-01,3.171497080240348043e-01,1.000000000000000000e+00
3.300000000000000266e+00,9.973198886159473364e-01,4.015621122748917055e-02,-2.782275511223991638e-02,5.446478466763699650e-02,9.973282396334485211e-01,4.054933830636741482e-02,-2.674362107778011435e-02,5.456108800427876548e-02,1.494636515202186988e+00,-1.145331768229384428e+00,1.899970774008459928e+00,1.477744013819288105e+00,-9.400002494642430984e-01,1.938463644102085714e+00,1.320750804571501069e-01,9.774763707796522150e-01,1.000000000000000000e+00
3.320000000000000284e+00,9.972854775050006282e-01,4.041737044587390831e-02,-2.802414958018487057e-02,5.479744121919916805e-02,9.973062378644268478e-01,4.032897905706699787e-02,-2.676178127692134187e-02,5.511486576055706771e-02,1.510056606103181487e+00,-1.151337912706059452e+00,1.906907425860127736e+00,1.359567918407009524e+00,-9.133526214594931414e-01,1.988662819975821616e+00,1.495222850850214114e-01,8.597774700163407502e-01,1.000000000000000000e+00
3.339999999999999858e+00,9.972509869476559041e-01,4.067773957488277081e-02,-2.822016196864600077e-02,5.513087151014179482e-02,9.972655093984543750e-01,4.159209217962123173e-02,-2.655644446400697717e-02,5.501233397878532022e-02,1.503746385001221375e+00,-1.121024571211102439e+00,1.912473025278756067e+00,1.604025669266758047e+00,-8.080238130594195045e-01,1.891002493197605272e+00,2.179728984613168719e-01,4.019542799931092425e+00,1.000000000000000000e+00
3.359999999999999876e+00,9.972163429338301022e-01,4.093716948110207726e-02,-2.841496795066904973e-02,5.546443127731509604e-02,9.972811928117460978e-01,4.178676167665743013e-02,-2.704109000424530923e-02,5.434030239096496878e-02,1.498013582766352991e+00,-1.114483040200743957e+00,1.913390613256337636e+00,1.593846007878461313e+00,-8.810454238569455088e-01,1.646303121508702061e+00,2.256383168854267651e-01,3.265657918879086186e+00,1.000000000000000000e+00
3.379999999999999893e+00,9.971812856599044927e-01,4.119570745842263820e-02,-2.861548598902297763e-02,5.579920410070602493e-02,9.972571143577130259e-01,4.155996031421918535e-02,-2.769588710155158201e-02,5.462559289624389913e-02,1.494632093115042748e+00,-1.147754862159585221e+00,1.918967906788111577e+00,1.479270035735975819e+00,-1.007215518682676558e+00,1.637884544576848844e+00,1.760931873827133454e-01,1.455862129366663593e+00,1.000000000000000000e+00
3.399999999999999911e+00,9.971461279848514714e-01,4.145460803741655292e-02,-2.881996457379848095e-02,5.612953375227298231e-02,9.972414737891974745e-01,4.110785548293679342e-02,-2.908494469804455071e-02,5.453121275247194144e-02,1.498722178309480624e+00,-1.169234954825624673e+00,1.892738888944810682e+00,1.327475778424066277e+00,-1.303567777279524664e+00,1.529724927717948102e+00,1.901727373768512808e-01,6.128198904142706738e+00,1.000000000000000000e+00
3.419999999999999929e+00,9.971104014187442965e-01,4.171754635976602371e-02,-2.902735809757793495e-02,5.646154611898809156e-02,9.972491826153885297e-01,4.059935488509485574e-02,-2.908636303713018137e-02,5.476991547488550133e-02,1.522585423767325308e+00,-1.185083743573080328e+00,1.902509966568313393e+00,1.147881412675239243e+00,-1.257962304100049167e+00,1.518749156472721129e+00,2.330103092626653327e-01,1.722710054600367968e+00,1.000000000000000000e+00
3.439999999999999947e+00,9.970742408118812294e-01,4.198053670211610716e-02,-2.923305968986662437e-02,5.679807275587771959e-02,9.972361000553895405e-01,4.098768861012951764e-02,-2.925907530672656673e-02,5.462670263626930728e-02,1.521688231984311246e+00,-1.176552079657567251e+00,1.928853568448055888e+00,1.196446002690218613e+00,-1.240329780427596784e+00,1.421756032818542792e+00,2.742421291126627136e-01,6.038507715152403588e-01,1.000000000000000000e+00
3.459999999999999964e+00,9.970376468991709595e-01,4.224506729811697975e-02,-2.943939226742164211e-02,5.713674069866767763e-02,9.972843152587825832e-01,4.127480028037173315e-02,-2.854160412231877136e-02,5.390512252802573401e-02,1.530438326814296257e+00,-1.180243164615746299e+00,1.941333674091682671e+00,1.210793560624606968e+00,-1.004945618479273994e+00,1.196890053935849574e+00,4.010975554052653713e-01,5.308786673279223933e+00,1.000000000000000000e+00
3.479999999999999982e+00,9.970009792650678104e-01,4.250891891107164838e-02,-2.964341168683448310e-02,5.747440561739444731e-02,9.972950383870297086e-01,4.108843118738293027e-02,-2.895039226199174268e-02,5.363042064956738408e-02,1.525989336411970099e+00,-1.167020940033727472e+00,1.936073291135407937e+00,1.122138011552541670e+00,-1.060465509410769114e+00,1.075171989612857981e+00,4.774602433229402920e-01,1.287869388453556585e+00,1.000000000000000000e+00
3.500000000000000000e+00,9.969640897536339308e-01,4.277352745746111629e-02,-2.984094491180259642e-02,5.781476539193863146e-02,9.972709895363668364e-01,4.074196359034128884e-02,-2.965834086546591600e-02,5.395413467999397861e-02,1.527773642987316549e+00,-1.130414012431129045e+00,1.953248763608808725e+00,9.985814005776370017e-01,-1.193466374026538324e+00,1.098753371116864885e+00,5.015823668401514501e-01,1.675570293700037183e+00,1.000000000000000000e+00
3.520000000000000018e+00,9.969269019909191565e-01,4.304056961414721300e-02,-3.004084480852555958e-02,5.815332404315522868e-02,9.972274321527091479e-01,4.160067453017781552e-02,-2.943432223612874044e-02,5.422594503784908954e-02,1.542839884903325576e+00,-1.142736317568666893e+00,1.942895292324595680e+00,1.158611722315098458e+00,-1.081578879181356312e+00,1.126695511726469423e+00,4.855737853570367135e-01,1.945455614478339035e+00,1.000000000000000000e+00
3.540000000000000036e+00,9.968895987185205643e-01,4.330439379483781714e-02,-3.024469123758801586e-02,5.849030771701942133e-02,9.972619160672298033e-01,4.068120181400964458e-02,-2.919622794232361318e-02,5.441774393362268369e-02,1.526073433687733738e+00,-1.165982489917607445e+00,1.932410440420944342e+00,8.844257150740842954e-01,-9.921781655643222564e-01,1.120636437512108952e+00,5.695656789725915825e-01,4.160340843835744984e+00,1.000000000000000000e+00
3.560000000000000053e+00,9.968519834036708716e-01,4.356984324146824517e-02,-3.044359548298805965e-02,5.883008956435275411e-02,9.972142926260932905e-01,4.045483665892408986e-02,-2.890159194430871534e-02,5.560358582164604685e-02,1.533292838651410861e+00,-1.137957616603587407e+00,1.950005376027937221e+00,7.813024522175849862e-01,-8.940160475907451554e-01,1.360067007194349475e+00,5.450353045975921962e-01,3.879845181099493612e+00,1.000000000000000000e+00
3.580000000000000071e+00,9.968141680788024095e-01,4.383317943569135788e-02,-3.064487825405963137e-02,5.916974002577458230e-02,9.972968590526974930e-01,3.995894668586052328e-02,-2.836367517566026550e-02,5.475179845365968356e-02,1.522097490879969373e+00,-1.152257070449667520e+00,1.948359997567858937e+00,6.272629703574096327e-01,-7.255218432337593448e-01,1.098715287013320774e+00,7.244225891014167695e-01,6.021133114797069474e+00,1.000000000000000000e+00
3.600000000000000089e+00,9.967762682077484504e-01,4.409355737159235955e-02,-3.084671218459518124e-02,5.950890423754973124e-02,9.972466883426147621e-01,4.049007619391343377e-02,-2.853705365254218321e-02,5.518362880720121405e-02,1.505495379643838616e+00,-1.156300547909804965e+00,1.944953691197898626e+00,7.283304372161674145e-01,-7.341493550950212166e-01,1.158790340697407828e+00,6.993748948291979017e-01,6.949006986025025867e-01,1.000000000000000000e+00
3.620000000000000107e+00,9.967378381523084308e-01,4.435655875215427368e-02,-3.105429907158880135e-02,5.984820966663795261e-02,9.972003321177829172e-01,4.052456142907037012e-02,-2.875251347647074865e-02,5.587978627330496273e-02,1.522548674425387771e+00,-1.188391190454362700e+00,1.944951223489143954e+00,7.046057081618254392e-01,-7.614298523209055425e-01,1.276103185561078046e+00,6.870221547728214695e-01,7.534680472072770030e-01,1.000000000000000000e+00
3.640000000000000124e+00,9.966991091462198415e-01,4.461713459902496431e-02,-3.126331645796121689e-02,6.018971815313508417e-02,9.970570010279100615e-01,4.117543691262737227e-02,-2.941739353202347043e-02,5.758938317143624114e-02,1.508871241277965902e+00,-1.198005425402395074e+00,1.956840024337921591e+00,8.299919586036840213e-01,-8.973984639933856311e-01,1.633149629530833424e+00,5.392209750725414086e-01,8.084551404009250319e+00,1.000000000000000000e+00
3.660000000000000142e+00,9.966597115197884937e-01,4.488351978553280219e-02,-3.147647127771058262e-02,6.053198196703540174e-02,9.969470493058613103e-01,4.304548834083929409e-02,-2.936402905014933937e-02,5.814998376420420917e-02,1.543508906005391923e+00,-1.219942362586800444e+00,1.961366948742426786e+00,1.240454292925308177e+00,-8.267524406961281880e-01,1.714296300060913714e+00,4.225503040894335038e-01,9.002706862572582125e+00,1.000000000000000000e+00
3.680000000000000160e+00,9.966200931481439262e-01,4.514924827307254668e-02,-3.169102280949259720e-02,6.087375778650188501e-02,9.969315718024722717e-01,4.312326873429056517e-02,-2.925688150190270537e-02,5.841112669608546082e-02,1.540388053505000521e+00,-1.228060276874951118e+00,1.958179228203130950e+00,1.203725351902849461e+00,-7.680472273866179034e-01,1.706859322403087909e+00,4.610972635665184782e-01,2.425301209257675894e-01,1.000000000000000000e+00
3.700000000000000178e+00,9.965802005300777866e-01,4.541361940717060508e-02,-3.190863905106620935e-02,6.121556858904030063e-02,9.968598315911735286e-01,4.301215531699670303e-02,-2.963706644999599890e-02,5.951533371528910932e-02,1.533770780824849744e+00,-1.246092687177387415e+00,1.957435380087426458e+00,1.124953423563666677e+00,-8.407359879158424754e-01,1.896519043234345947e+00,4.271680700300941602e-01,2.372966441948613614e+00,1.000000000000000000e+00
3.720000000000000195e+00,9.965400143441304204e-01,4.567904517309774592e-02,-3.212494722173457606e-02,6.155820342631278946e-02,9.968114106287134790e-01,4.343141399570310535e-02,-3.005127475937092313e-02,5.981341658913198051e-02,1.539259654119516485e+00,-1.238521807755605941e+00,1.962776743583793726e+00,1.182744020738955681e+00,-9.021541846763984074e-01,1.887748429192404043e+00,4.046544742956655893e-01,3.594423850856179325e-01,1.000000000000000000e+00
3.740000000000000213e+00,9.964991923300235976e-01,4.594637855010832994e-02,-3.234403844343104739e-02,6.190438725091172018e-02,9.967587320367901071e-01,4.380801197941451564e-02,-3.081262660890706634e-02,6.002891166997818828e-02,1.550646409252012470e+00,-1.254785404894929624e+00,1.982887582377176772e+00,1.233638259776335122e+00,-1.044119995086771668e+00,1.855621091316061788e+00,3.713652811931315578e-01,1.188831115344850087e+00,1.000000000000000000e+00
3.760000000000000231e+00,9.964583427325059972e-01,4.621189993866505613e-02,-3.256268058989585795e-02,6.224872155833566234e-02,9.967372988603548922e-01,4.476998291491811333e-02,-3.165726203243188208e-02,5.923025790059956858e-02,1.540491553234190958e+00,-1.252382307409508844e+00,1.972119936709852306e+00,1.431441982220187370e+00,-1.180397976580453090e+00,1.584513207306476934e+00,3.984073309727605428e-01,6.559863114748581303e+00,1.000000000000000000e+00
3.780000000000000249e+00,9.964171785377289314e-01,4.647517258271190166e-02,-3.278644031659162100e-02,6.259324228449537897e-02,9.967096956799519347e-01,4.572554383895006264e-02,-3.164818988842141995e-02,5.896905336696730421e-02,1.529526575843302538e+00,-1.282510125009003854e+00,1.971521903951262367e+00,1.602930300338557101e+00,-1.112171205038410049e+00,1.463271297855822439e+00,4.449619574504340980e-01,2.438131579545681937e+00,1.000000000000000000e+00
3.800000000000000266e+00,9.963759699217351606e-01,4.673676451472634497e-02,-3.300538879206672133e-02,6.293842797449916704e-02,9.965874656913775720e-01,4.614583008644716766e-02,-3.128316958170048595e-02,6.087157705688895498e-02,1.518092746619782440e+00,-1.255830621975503547e+00,1.976299575082277382e+00,1.617797520697274560e+00,-9.944656197896303285e-01,1.867626903789472381e+00,3.165683964349401136e-01,8.878942447370864244e+00,1.000000000000000000e+00
3.820000000000000284e+00,9.963343187631005238e-01,4.700178104511847782e-02,-3.322413597563730198e-02,6.328439477570656224e-02,9.965413321616124476e-01,4.677774225554027360e-02,-3.199441494494604382e-02,6.077477713133859483e-02,1.537541345783478564e+00,-1.253739393153944892e+00,1.981619897722049828e+00,1.713330709495201498e+00,-1.113053824140368464e+00,1.763243599278838225e+00,3.221520646216150530e-01,1.704278540683229703e+00,1.000000000000000000e+00
3.839999999999999858e+00,9.962923497856399635e-01,4.726676082300208803e-02,-3.344536213969589306e-02,6.363029806038800196e-02,9.965539845093394078e-01,4.721094362355986868e-02,-3.100562663181874803e-02,6.074482593522385898e-02,1.538328082035819167e+00,-1.267947561595891726e+00,1.980697961436523880e+00,1.730673522526731789e+00,-8.220391304403313892e-01,1.696838381111337002e+00,4.340864411678229673e-01,4.469986390513683183e+00,1.000000000000000000e+00
3.859999999999999876e+00,9.962500685652083687e-01,4.753142247099206158e-02,-3.366693439080336442e-02,6.397735763867790082e-02,9.964876812133345307e-01,4.806786015125173728e-02,-3.169053061880836714e-02,6.080700847476398080e-02,1.536501248056255209e+00,-1.270412104939659503e+00,1.987257619437154066e+00,1.873944087690599281e+00,-9.403269873524776612e-01,1.639724017508263021e+00,4.333550349315503092e-01,1.889022629549252486e+00,1.000000000000000000e+00
3.879999999999999893e+00,9.962075796652136717e-01,4.779168553819117260e-02,-3.389057266457137785e-02,6.432606077993091587e-02,9.964235755928212424e-01,4.832613334678293598e-02,-3.260524276130603860e-02,6.116813699175805558e-02,1.511890588817280445e+00,-1.284305172391702277e+00,1.995304231955802754e+00,1.868606232352451046e+00,-1.121229833052904024e+00,1.649353482251830538e+00,3.962425698870952195e-01,1.642352012532707350e+00,1.000000000000000000e+00
3.899999999999999911e+00,9.961649920212297671e-01,4.805205137590149583e-02,-3.411296871043718870e-02,6.467313503821985055e-02,9.963791928646130724e-01,4.837157332981730645e-02,-3.395360708793437876e-02,6.112157954256873527e-02,1.512362683034134347e+00,-1.276749988417568149e+00,1.986403316663224894e+00,1.821900708973464900e+00,-1.396608511159816768e+00,1.553526769965123400e+00,4.097658995753346578e-01,4.359881208666403829e+00,1.000000000000000000e+00
3.919999999999999929e+00,9.961218219343684899e-01,4.831622387895676690e-02,-3.434137948005244745e-02,6.501944348916037508e-02,9.963365976704603444e-01,4.874670371308544720e-02,-3.445390292337054128e-02,6.123782812042492807e-02,1.536628417906817035e+00,-1.309572098507990834e+00,1.981336278373714288e+00,1.842320291682718825e+00,-1.454060833720220769e+00,1.513919309374718525e+00,4.370242552249815615e-01,2.643241219773486694e-01,1.000000000000000000e+00
3.939999999999999947e+00,9.960784304123733168e-01,4.858021709926955978e-02,-3.456979482214393717e-02,6.536552806920047087e-02,9.963570935524286298e-01,4.794665131751632559e-02,-3.473887697622331933e-02,6.137484160162271635e-02,1.535712239921007027e+00,-1.309646579530525212e+00,1.980104517299735578e+00,1.575818256580940435e+00,-1.474450140706242030e+00,1.472319001008783212e+00,4.645306127708133115e-01,3.658480372610001030e+00,1.000000000000000000e+00
3.959999999999999964e+00,9.960347768189685702e-01,4.884286697004804750e-02,-3.479743463351848975e-02,6.571328827763596447e-02,9.962300937344483742e-01,4.876733848753265349e-02,-3.526977235246381986e-02,6.247711735427796675e-02,1.527496201798804076e+00,-1.306241958080403220e+00,1.989715448556944155e+00,1.706192560021408511e+00,-1.541689552715006517e+00,1.677741982250771091e+00,3.755347050621466454e-01,3.185859973877449125e+00,1.000000000000000000e+00
3.979999999999999982e+00,9.959905935003333655e-01,4.910888764875197265e-02,-3.502212621987629837e-02,6.606440409021506477e-02,9.961433578674622202e-01,4.898983274820725708e-02,-3.556969390733941139e-02,6.350750931329320059e-02,1.545102114788163838e+00,-1.289192389212212353e+00,2.010561967639115544e+00,1.684289691889539364e+00,-1.558549375036648588e+00,1.854043092026764317e+00,3.004628313606970136e-01,1.592303234455115124e+00,1.000000000000000000e+00
4.000000000000000000e+00,9.959464528990387144e-01,4.937132066788644386e-02,-3.524609500649360933e-02,6.641421865929704460e-02,9.960933404083537335e-01,4.899480794512568044e-02,-3.678277652942128079e-02,6.359711738227176447e-02,1.524604250061243338e+00,-1.286050953503187211e+00,2.002603582756567135e+00,1.633492448829006793e+00,-1.785463027646012391e+00,1.783783687878180091e+00,3.706252527674452346e-01,2.950328395793331282e+00,1.000000000000000000e+00
4.020000000000000462e+00,9.959019820505387033e-01,4.963393404926187691e-02,-3.546760713814811616e-02,6.676648547359670394e-02,9.960647652732386170e-01,4.923093365656031062e-02,-3.709101454590058022e-02,6.368324106409213592e-02,1.524296841119386459e+00,-1.272724155891783226e+00,2.017453981597687740e+00,1.625919400780637236e+00,-1.781978015791625847e+00,1.728341069770993554e+00,4.023904755555344215e-01,1.571691285016515449e-01,1.000000000000000000e+00
4.040000000000000036e+00,9.958570859422225530e-01,4.989759729954756917e-02,-3.568974767871211512e-02,6.712031043601390801e-02,9.960107831357004615e-01,5.048738137925645741e-02,-3.739209371873104121e-02,6.336699082490786228e-02,1.530332188574028640e+00,-1.276437825899396250e+00,2.026542249684923025e+00,1.867391857353198237e+00,-1.756513768908978479e+00,1.588938061767908083e+00,4.774066896569774676e-01,3.919532993803937160e+00,1.000000000000000000e+00
4.060000000000000497e+00,9.958121321908788293e-01,5.015863587038606880e-02,-3.591568618414863606e-02,6.747126881124698716e-02,9.959748515211547248e-01,5.146052212011574534e-02,-3.752516428711918234e-02,6.306957940056059919e-02,1.517419431928596074e+00,-1.298310037519445403e+00,2.008585604343698261e+00,2.027758082855347421e+00,-1.696241709685802901e+00,1.458959693045184691e+00,5.577057288452760275e-01,2.312224843868488477e+00,1.000000000000000000e+00
4.080000000000000071e+00,9.957670319414752003e-01,5.042155504689418977e-02,-3.613849281369822808e-02,6.782104557047528848e-02,9.959195217673534328e-01,5.130639028667483004e-02,-3.784820806965021739e-02,6.387075719258224205e-02,1.527223914419047812e+00,-1.279404414408262136e+00,2.003187485982160343e+00,1.903668497948554306e+00,-1.715413991643937708e+00,1.584980515492984798e+00,5.038657726396107428e-01,1.582355172082126948e+00,1.000000000000000000e+00
4.099999999999999645e+00,9.957215007915377614e-01,5.068645488665383947e-02,-3.635816226821236147e-02,6.817374999917033551e-02,9.958316404184942572e-01,5.228315574955824663e-02,-3.727176219517961547e-02,6.478141175633952975e-02,1.536823466672893490e+00,-1.261671161837658817e+00,2.021374659070858115e+00,2.041513329914405261e+00,-1.502317379565811351e+00,1.754718165724939771e+00,4.423920854313451168e-01,4.661116003079037284e+00,1.000000000000000000e+00
4.120000000000000107e+00,9.956758611399626480e-01,5.094735809912530333e-02,-3.657784935065194754e-02,6.852741920424669508e-02,9.958186965915611921e-01,5.230948072489498279e-02,-3.694704111835194621e-02,6.514413172017108344e-02,1.513859867607913579e+00,-1.263635625280363106e+00,2.026083466760208562e+00,1.953732621118865920e+00,-1.365674486789568931e+00,1.772673135030079283e+00,4.203922475287897864e-01,1.334954398103191275e+00,1.000000000000000000e+00
4.139999999999999680e+00,9.956301221848100624e-01,5.120615871972501038e-02,-3.679350782736064140e-02,6.888270384638450761e-02,9.957339384318785180e-01,5.270987479822059063e-02,-3.661684309180048696e-02,6.629328590201580274e-02,1.499973662158457843e+00,-1.241971140288777198e+00,2.036073531407303516e+00,1.953141941156378403e+00,-1.238341857313532524e+00,1.982993540733035021e+00,3.439320581456357107e-01,3.022432271906005052e+00,1.000000000000000000e+00
4.160000000000000142e+00,9.955839808417008552e-01,5.146532755662355102e-02,-3.701571546365571563e-02,6.923650741910032658e-02,9.956628147504247295e-01,5.262991425971388221e-02,-3.737905872907658356e-02,6.699595074931635752e-02,1.505089199323048410e+00,-1.278836061572191651e+00,2.025939689647287878e+00,1.859001148979191109e+00,-1.380153062225861316e+00,2.058729032729762487e+00,2.924800667821945699e-01,1.735438810916007712e+00,1.000000000000000000e+00
4.179999999999999716e+00,9.955375947396732927e-01,5.172739336752679024e-02,-3.723954694722336062e-02,6.958728604071946766e-02,9.955827510088864907e-01,5.394469005732895756e-02,-3.795918221603607201e-02,6.681359737123911124e-02,1.522972231315818492e+00,-1.286109645350297592e+00,2.008917199602224812e+00,2.108287528657683652e+00,-1.437869953113724231e+00,1.934273386084954804e+00,4.152214004757807109e-01,4.048208578203047914e+00,1.000000000000000000e+00
4.200000000000000178e+00,9.954911042358729478e-01,5.199007486993076355e-02,-3.746239869026272984e-02,6.993612933694147438e-02,9.955282223870421943e-01,5.452448774331412895e-02,-3.848587593226309583e-02,6.685413989388916400e-02,1.526537390060095367e+00,-1.279724406626454591e+00,1.998341448257014319e+00,2.167608395373783470e+00,-1.495203830076925922e+00,1.861952888420263186e+00,4.720673643626908111e-01,6.018197700316273435e-01,1.000000000000000000e+00
4.219999999999999751e+00,9.954445405449720008e-01,5.225328820850088513e-02,-3.768335158377913302e-02,7.028318137379972741e-02,9.953529751699717876e-01,5.492476700571228415e-02,-3.864947571135236848e-02,6.900683166825939685e-02,1.529216253087968047e+00,-1.268162871969580330e+00,1.988833675889093877e+00,2.157114405782321054e+00,-1.495910458338017168e+00,2.304175167885980535e+00,3.570341883253287385e-01,9.783558559028053381e+00,1.000000000000000000e+00
4.240000000000000213e+00,9.953979816832442262e-01,5.251489200910251787e-02,-3.790056499731047496e-02,7.062996071838617551e-02,9.952873996363809095e-01,5.504943869452248728e-02,-3.839566245540607103e-02,6.998803132736104715e-02,1.518587857870521640e+00,-1.247400297961487770e+00,1.988048481562510572e+00,2.083454491833759636e+00,-1.384160333838806212e+00,2.448284543165657468e+00,3.051957312960932311e-01,1.934068623187403579e+00,1.000000000000000000e+00
4.259999999999999787e+00,9.953511551568744453e-01,5.277978627206977164e-02,-3.811722976153986142e-02,7.097498773692323404e-02,9.952427520815380069e-01,5.493022652980058401e-02,-3.827168702576107945e-02,7.078002977361244619e-02,1.537593092484822677e+00,-1.242470521934460281e+00,1.979042535716141638e+00,1.958243238780616347e+00,-1.309683673630291700e+00,2.536582892910220544e+00,2.483760350622296609e-01,1.451061909053224186e+00,1.000000000000000000e+00
4.280000000000000249e+00,9.953037412677755436e-01,5.304849448219250974e-02,-3.833290830305014635e-02,7.132256299777540998e-02,9.952090126833919026e-01,5.591632121004738720e-02,-3.849848800102478180e-02,7.035803093974551947e-02,1.558563856595269970e+00,-1.236194065103179751e+00,1.994945059695007794e+00,2.120399546763803933e+00,-1.286242788737819831e+00,2.335490866815172151e+00,3.474061810405305595e-01,3.364109843063553207e+00,1.000000000000000000e+00
4.299999999999999822e+00,9.952558076019044631e-01,5.331400820361564125e-02,-3.855188276447479162e-02,7.167458614641597503e-02,9.951892787184888345e-01,5.563258214693063419e-02,-3.796913667485414534e-02,7.114534410350027704e-02,1.540874700297761191e+00,-1.257761108126037364e+00,2.018818915410219184e+00,1.946930630951988483e+00,-1.121402238070790425e+00,2.431113731392553934e+00,2.806886115118134573e-01,3.320383238382715430e+00,1.000000000000000000e+00
4.320000000000000284e+00,9.952075109238021078e-01,5.358415600342324864e-02,-3.876857028537093741e-02,7.202601185876890411e-02,9.951398757195224487e-01,5.567548695745890702e-02,-3.815209479101643736e-02,7.170275844094681217e-02,1.566603737200346957e+00,-1.242714700833719821e+00,2.017283361492018035e+00,1.874111692882810543e+00,-1.125492276046644369e+00,2.461363843673363139e+00,2.526939131437173636e-01,3.117200641215938650e-01,1.000000000000000000e+00
4.339999999999999858e+00,9.951587362146175897e-01,5.385306493561933805e-02,-3.898500740642565909e-02,7.238167123164621075e-02,9.951848168027290775e-01,5.486681353759659263e-02,-3.821189068265978817e-02,7.167052802935072742e-02,1.558642582133495713e+00,-1.243204125297549645e+00,2.041423162422054016e+00,1.602134812319999879e+00,-1.106225475742966147e+00,2.341363536906155396e+00,1.673115610901258210e-01,4.437138056188080881e+00,1.000000000000000000e+00
4.360000000000000320e+00,9.951097853345721722e-01,5.412260109173990669e-02,-3.919929034578784749e-02,7.273702508923959864e-02,9.950269089792376231e-01,5.545668962256217194e-02,-3.935469059871214703e-02,7.278196418901007603e-02,1.561448138375568950e+00,-1.230606288669426451e+00,2.040559009715188665e+00,1.688253747549500083e+00,-1.339311842667131325e+00,2.502497067283625309e+00,1.542876399539456211e-01,4.385490213118842462e+00,1.000000000000000000e+00
4.379999999999999893e+00,9.950607036185903365e-01,5.439068987811122857e-02,-3.941180142287226129e-02,7.309281002440065622e-02,9.950307905686031074e-01,5.416561086434894257e-02,-3.988104299532830438e-02,7.341195290766695802e-02,1.552401199735847337e+00,-1.221270167622541036e+00,2.043295731154835426e+00,1.311331834705737442e+00,-1.440985032757706508e+00,2.528852567047287891e+00,7.004115041769935768e-02,7.655108589093555516e+00,1.000000000000000000e+00
4.400000000000000355e+00,9.950111349587332787e-01,5.466289498297927790e-02,-3.962381507373169409e-02,7.344904695920914661e-02,9.949780737699324140e-01,5.372226951264694877e-02,-3.916794655550544235e-02,7.482260646429476914e-02,1.575710840959384296e+00,-1.216961143333985973e+00,2.047161169351396914e+00,1.123887925426497292e+00,-1.236269789010817410e+00,2.766071448873924421e+00,1.978273800020469986e-01,6.665800910188684369e+00,1.000000000000000000e+00
4.419999999999999929e+00,9.949616049265727069e-01,5.493495081100779887e-02,-3.983662858042180677e-02,7.380107671759456034e-02,9.949277279234689519e-01,5.462516004923233248e-02,-3.790948289623816830e-02,7.548363534687185794e-02,1.576139466606243822e+00,-1.220257499057287642e+00,2.022875423614251655e+00,1.263664097027328959e+00,-8.749345558258047051e-01,2.833033952075786566e+00,2.953266071830950024e-01,7.729218611860402710e+00,1.000000000000000000e+00
4.440000000000000391e+00,9.949118958474758578e-01,5.521028686546226166e-02,-4.004840610635568288e-02,7.415031283652942506e-02,9.948165296544158043e-01,5.557329817800926719e-02,-3.896614450141871328e-02,7.571869279548783249e-02,1.595095019378541812e+00,-1.212126189651665076e+00,2.008100185315720765e+00,1.456773586425506473e+00,-1.077727922786486880e+00,2.767079501025810018e+00,2.225549511423058624e-01,4.138316681690884735e+00,1.000000000000000000e+00
4.459999999999999964e+00,9.948619143314272328e-01,5.548655070973926989e-02,-4.025786812695562183e-02,7.450045742823513395e-02,9.947927536738836451e-01,5.595863368214546579e-02,-3.971849222899662829e-02,7.535549037339309142e-02,1.599277795553579518e+00,-1.198882544740015321e+00,2.014339970297184923e+00,1.505500132604525643e+00,-1.201027838130663383e+00,2.557793030783912069e+00,1.280994921584291124e-01,3.068890424928855776e+00,1.000000000000000000e+00
4.480000000000000426e+00,9.948118608294908016e-01,5.576268476328884172e-02,-4.046937200029458032e-02,7.484727430479773402e-02,9.948492643404294178e-01,5.541297322361561639e-02,-4.024536466078718067e-02,7.473054437875858991e-02,1.600200005577527840e+00,-1.209535466398658832e+00,1.994723185876146276e+00,1.326382952969990869e+00,-1.278106444188465751e+00,2.287257749601795176e+00,4.961991157977903300e-02,5.560667483678347622e+00,1.000000000000000000e+00
4.500000000000000000e+00,9.947615524794755082e-01,5.603499476079708969e-02,-4.068483392985020736e-02,7.519492907691194272e-02,9.948899280558817226e-01,5.595342833887487211e-02,-3.942065942049930577e-02,7.422436608649407574e-02,1.579987975034862213e+00,-1.234062520334697544e+00,1.997457077832871075e+00,1.389585382436909988e+00,-1.010111894292224033e+00,2.085087930171356074e+00,1.834633272073813715e-01,5.834405717286220039e+00,1.000000000000000000e+00
4.520000000000000462e+00,9.947112422034056767e-01,5.630567786157145149e-02,-4.089780730233880113e-02,7.554193956053413539e-02,9.948940665759544721e-01,5.608648098939563592e-02,-3.873835410636078391e-02,7.442743353976852272e-02,1.569794020651217092e+00,-1.220373349494855431e+00,1.994205470758036780e+00,1.348935390400462397e+00,-8.045000158108781552e-01,2.056369545096746076e+00,2.803827798345470135e-01,2.237670586627994673e+00,1.000000000000000000e+00
4.540000000000000036e+00,9.946606544474470013e-01,5.657311193930322085e-02,-4.111392214949925045e-02,7.589012389741157938e-02,9.948350112985190341e-01,5.643381637594663269e-02,-3.986865856028255078e-02,7.435734481895617254e-02,1.552451097611206920e+00,-1.240127448892859530e+00,1.999240885592745709e+00,1.396890306234562784e+00,-1.034994759521931318e+00,1.942285315259816958e+00,2.277432778917641565e-01,3.422134202633078104e+00,1.000000000000000000e+00
4.560000000000000497e+00,9.946099372293574215e-01,5.684197021284011220e-02,-4.132872535969726174e-02,7.623647189553699188e-02,9.948420973348703900e-01,5.702116972690432495e-02,-3.991413873309832688e-02,7.378786555069220821e-02,1.560471787178441261e+00,-1.231468447304982394e+00,1.989592554338685648e+00,1.485022202889610510e+00,-9.842484107251774361e-01,1.729034690018068643e+00,3.257857285730280106e-01,2.790909388777478739e+00,1.000000000000000000e+00
4.580000000000000071e+00,9.945591870583643246e-01,5.711002311585509222e-02,-4.154246071036419435e-02,7.658128136587816215e-02,9.948093797778388980e-01,5.607244981928222183e-02,-4.024643461337917838e-02,7.476899610270741625e-02,1.555790830921710555e+00,-1.225241563438165704e+00,1.980996418806225901e+00,1.192212282271910340e+00,-1.052654275770137593e+00,1.878514241032179788e+00,2.830949472523282551e-01,5.638053436945110519e+00,1.000000000000000000e+00
4.600000000000000533e+00,9.945071959453471999e-01,5.738202206832386520e-02,-4.176181631091237245e-02,7.693303227279468803e-02,9.947497964010829641e-01,5.580715903768300457e-02,-3.990948446458303378e-02,7.593178919213053324e-02,1.579496914708907518e+00,-1.258103303356975511e+00,2.020196238989690141e+00,1.062157195520048614e+00,-9.483764364228708388e-01,2.081093809743722378e+00,3.025884140768257957e-01,3.441332971755328707e+00,1.000000000000000000e+00
4.620000000000000107e+00,9.944550607085177463e-01,5.765646933646562111e-02,-4.198114446660825699e-02,7.728161025849085430e-02,9.947566572728381296e-01,5.638762271889219413e-02,-4.073183192313935969e-02,7.497030534596081652e-02,1.594242174210914742e+00,-1.255859026163569814e+00,2.002774974049370993e+00,1.180548594731712475e+00,-1.082442638055733042e+00,1.757828471257918634e+00,3.361236407480458488e-01,6.824542508171080435e+00,1.000000000000000000e+00
4.639999999999999680e+00,9.944019588345895944e-01,5.793861018836674037e-02,-4.219891647924082362e-02,7.763448436970354916e-02,9.946839395633140235e-01,5.629109002423595548e-02,-4.010782957897184725e-02,7.633174677126955410e-02,1.636675653716658685e+00,-1.245237495834159880e+00,2.030046130976669527e+00,1.084395668878826546e+00,-9.080150011669265719e-01,2.018762418989460627e+00,3.411599150159118632e-01,5.387852536620391319e+00,1.000000000000000000e+00
4.660000000000000142e+00,9.943486101994011284e-01,5.822464616246891128e-02,-4.241723131186296569e-02,7.798403978770711287e-02,9.946446098569534655e-01,5.638532229003138940e-02,-4.171532963193241156e-02,7.591196734677155278e-02,1.659993896584176287e+00,-1.245555590832342130e+00,2.012009200320530322e+00,1.095360505475051260e+00,-1.248148337754196868e+00,1.813632661281554981e+00,3.292764861275939148e-01,7.894460560145455830e+00,1.000000000000000000e+00
4.679999999999999716e+00,9.942949174725366213e-01,5.851068595704723985e-02,-4.263815997235291533e-02,7.833328814296977582e-02,9.945687943775397555e-01,5.678376652296689836e-02,-4.085742663694862109e-02,7.706612614163770025e-02,1.661372978301430381e+00,-1.260426567818864863e+00,2.009542497488709056e+00,1.118570189589662478e+00,-9.991052440226279030e-01,2.030634045284526845e+00,3.207330565024971158e-01,5.482544650957402510e+00,1.000000000000000000e+00
4.700000000000000178e+00,9.942412738678390038e-01,5.879675496115119998e-02,-4.285604120004079393e-02,7.868030678864681993e-02,9.945865249971372890e-01,5.694721738630638408e-02,-4.068992453916421559e-02,7.680487463092905420e-02,1.660699889538987950e+00,-1.242293074806324782e+00,1.997846800318353822e+00,1.109862377868657601e+00,-9.103485654275460526e-01,1.886195980872360289e+00,3.927884783321062834e-01,1.440793494751510639e+00,1.000000000000000000e+00
4.719999999999999751e+00,9.941872490138562446e-01,5.908182401677502388e-02,-4.307727407856318247e-02,7.902784589669525905e-02,9.944350408730743274e-01,5.818361957634673315e-02,-4.151043796831519611e-02,7.739831675456985971e-02,1.656515178614484496e+00,-1.262105762707645518e+00,1.999608886435773503e+00,1.370779209059147297e+00,-1.055423342618354132e+00,1.952680745109094840e+00,2.801878587549456734e-01,4.677217650907143920e+00,1.000000000000000000e+00
4.740000000000000213e+00,9.941332376944210791e-01,5.936416540055947100e-02,-4.330149359181401786e-02,7.937242739277190762e-02,9.943520601428137429e-01,5.942898802891629501e-02,-4.054848909021545322e-02,7.802561056538895312e-02,1.643055350089936972e+00,-1.279348996856251253e+00,1.981071143630647402e+00,1.588403491325596661e+00,-7.671387724683559339e-01,2.048375560071718393e+00,3.521717985915354676e-01,6.981285679937897726e+00,1.000000000000000000e+00
4.759999999999999787e+00,9.940792381505115793e-01,5.964473624512391103e-02,-4.352377080297119977e-02,7.971609054286800389e-02,9.942518547071522717e-01,6.017201272562637537e-02,-4.077489728909590438e-02,7.861288728318356622e-02,1.632310955552876974e+00,-1.268775622341103304e+00,1.976056290735501930e+00,1.699597161147607283e+00,-7.845649310952189648e-01,2.108662505692613376e+00,3.453217508193170415e-01,8.151104090971804661e-01,1.000000000000000000e+00
4.780000000000000249e+00,9.940249140438335296e-01,5.992670562189375549e-02,-4.374773515804073615e-02,8.005870272492575379e-02,9.942964668047918897e-01,5.940893911222394630e-02,-4.135858842142212111e-02,7.832356744208489319e-02,1.641420096443506171e+00,-1.277468026895760778e+00,1.969990773388809124e+00,1.458587432076831725e+00,-9.010404094989908907e-01,1.934021015623670792e+00,3.449290913840334927e-01,5.107598396258440587e+00,1.000000000000000000e+00
4.799999999999999822e+00,9.939702326903271379e-01,6.020809435454849839e-02,-4.397413443751273243e-02,8.040172510712895182e-02,9.942133743994252537e-01,5.987690888591133687e-02,-4.255610222157082956e-02,7.838048297429524303e-02,1.639249878457907039e+00,-1.291832491136554628e+00,1.971509289693628597e+00,1.532476353719795403e+00,-1.142709376308550739e+00,1.855319593616364227e+00,2.868233841748389912e-01,3.502865737199821528e+00,1.000000000000000000e+00
4.820000000000000284e+00,9.939151768118206220e-01,6.048736682498503242e-02,-4.419811260339928660e-02,8.074915850957313512e-02,9.940407657800437446e-01,6.066612963201133135e-02,-4.305670937114654956e-02,7.967870770177407080e-02,1.625100199930376244e+00,-1.280635089760377765e+00,1.997104720104430964e+00,1.655488525908883179e+00,-1.220352575817898355e+00,2.092320483381504559e+00,1.810545008009867840e-01,3.866496520318774888e+00,1.000000000000000000e+00
4.839999999999999858e+00,9.938604251161664571e-01,6.076292544497649550e-02,-4.441796215649857632e-02,8.109480203530343434e-02,9.939848390579553161e-01,6.095208957058173560e-02,-4.326929431616933358e-02,8.004218056307148277e-02,1.602388583883757267e+00,-1.258144718978456478e+00,1.987261507009903561e+00,1.655488525908883179e+00,-1.220352575817898355e+00,2.092320483381504559e+00,1.804121069059284876e-01,1.555110175858589905e+01,0.000000000000000000e+00
4.860000000000000320e+00,9.938056585806073207e-01,6.103579519512109669e-02,-4.463717609671322140e-02,8.143996063466431290e-02,9.939078802578658056e-01,6.119025591322894975e-02,-4.450921006049738532e-02,8.013618634786663641e-02,1.586910327976955637e+00,-1.255609589264558901e+00,1.984044015226105406e+00,1.667131612846352917e+00,-1.462575390276935172e+00,2.012645905106396516e+00,1.516124856533705989e-01,2.791809783686467039e+00,1.000000000000000000e+00
4.879999999999999893e+00,9.937503431767762407e-01,6.131005508796868314e-02,-4.485570779827685595e-02,8.178812908402753601e-02,9.939360322129463521e-01,6.160479501454155238e-02,-4.339301372556813446e-02,8.008158002820535415e-02,1.593929747218170156e+00,-1.252269146715225379e+00,2.002032592876205275e+00,1.674922697422701168e+00,-1.126747019996212851e+00,1.936164631533957348e+00,2.606331518203597875e-01,5.186629054030278851e+00,1.000000000000000000e+00
4.900000000000000355e+00,9.936947835659410977e-01,6.158441701797861406e-02,-4.507947062434294883e-02,8.213329423944018548e-02,9.937662278592428455e-01,6.262780454633989913e-02,-4.432712714959231859e-02,8.087983841960061371e-02,1.597819733097473271e+00,-1.281013915154227467e+00,1.983235595944736751e+00,1.860021829743657928e+00,-1.295609058538856884e+00,2.044944090386646263e+00,2.059760526414959880e-01,3.318986639624333712e+00,1.000000000000000000e+00
4.919999999999999929e+00,9.936389392586175706e-01,6.185833728656710273e-02,-4.530598252400189901e-02,8.247770877446645998e-02,9.936707350770981328e-01,6.254648152651214044e-02,-4.485565772328316270e-02,8.181917788761401689e-02,1.596893170237202453e+00,-1.296682149519541083e+00,1.978011856831929594e+00,1.764950085836410887e+00,-1.383795694727910641e+00,2.175265248290644937e+00,1.207845546487885113e-01,1.527983503982974334e+00,1.000000000000000000e+00
4.940000000000000391e+00,9.935828701802840168e-01,6.213370690599405444e-02,-4.553427302363277640e-02,8.281975930077560555e-02,9.935436167014632947e-01,6.297825761294068014e-02,-4.516916543584811178e-02,8.285268416679741899e-02,1.606678338553451102e+00,-1.305343534968946839e+00,1.964405314774341216e+00,1.790551040353384860e+00,-1.408972445295016973e+00,2.331812270477628513e+00,1.055981199660858821e-01,1.183222683838228928e+00,1.000000000000000000e+00
4.959999999999999964e+00,9.935262292628554981e-01,6.241614657827711937e-02,-4.576094092569718552e-02,8.316124517253026260e-02,9.935107448189711699e-01,6.304577603313785139e-02,-4.597031436953533806e-02,8.275482010371651431e-02,1.646507742112651940e+00,-1.292699668452574890e+00,1.963884360708378019e+00,1.749866547341261791e+00,-1.537262905898949095e+00,2.201037977713705907e+00,8.918224736376982598e-02,1.636367872996539852e+00,1.000000000000000000e+00
4.980000000000000426e+00,9.934695494901968349e-01,6.269582346956562025e-02,-4.598847700727332760e-02,8.350178403944416572e-02,9.934201631971683044e-01,6.369905154520139057e-02,-4.649344275874967708e-02,8.304920207920248043e-02,1.631456509455135873e+00,-1.298629696023655633e+00,1.957477209021965425e+00,1.840056096276942332e+00,-1.589474679426131187e+00,2.180427089154338915e+00,1.388746917689858695e-01,5.304813762963976886e-01,1.000000000000000000e+00
5.000000000000000000e+00,9.934129107158428118e-01,6.297273677827254501e-02,-4.621137478429172829e-02,8.384349757898457156e-02,9.932410237143891596e-01,6.504378950957070971e-02,-4.629452048640934902e-02,8.425195327089174402e-02,1.613182399071798612e+00,-1.273961061585700660e+00,1.965082005165763812e+00,2.066164124841646910e+00,-1.470374586326520516e+00,2.395857900322037271e+00,2.428842499630339824e-01,5.305760127580289698e+00,1.000000000000000000e+00
5.020000000000000462e+00,9.933555592459316630e-01,6.324947293674676452e-02,-4.643189535729907308e-02,8.419213848070819517e-02,9.931794139369747310e-01,6.461631707298683136e-02,-4.573973009792488970e-02,8.559941816566025985e-02,1.609455086190124229e+00,-1.263203649466347001e+00,2.005664600708405576e+00,1.854149492862019466e+00,-1.309399478397527572e+00,2.619643234563143075e+00,2.392418327024051772e-01,5.795841170361551775e+00,1.000000000000000000e+00
5.040000000000000036e+00,9.932976995785010033e-01,6.352761261118979041e-02,-4.665029519284310394e-02,8.454390815665684122e-02,9.932049769924705673e-01,6.443212778646263683e-02,-4.578121414508160014e-02,8.541928949421934147e-02,1.615771999855765584e+00,-1.251725462930593835e+00,2.024859117724101321e+00,1.736198788878550392e+00,-1.265707671441609339e+00,2.465375632811746431e+00,1.756034788129994251e-01,1.913731248740952351e+00,1.000000000000000000e+00
5.060000000000000497e+00,9.932396599368766843e-01,6.380378108265435944e-02,-4.687019695337080877e-02,8.489546563619582153e-02,9.932252535948054017e-01,6.472632153396425114e-02,-4.586595953386316676e-02,8.491414886963487285e-02,1.605403294235944189e+00,-1.261198904114767316e+00,2.022665093633718936e+00,1.740514626824396949e+00,-1.219151471122227770e+00,2.245464914447730997e+00,1.562875357517139741e-01,2.458383681204401316e+00,1.000000000000000000e+00
5.080000000000000071e+00,9.931810103230834796e-01,6.408555790543929431e-02,-4.708733558566928490e-02,8.524848871980335308e-02,9.931475999616721229e-01,6.475116693696067460e-02,-4.617457946371713445e-02,8.563316695078541929e-02,1.635804925563552503e+00,-1.243445969763423697e+00,2.033818535174610087e+00,1.673782225895016129e+00,-1.252927467916923110e+00,2.319114888871433688e+00,1.368039358749287837e-01,5.390801057438802113e-01,1.000000000000000000e+00
5.100000000000000533e+00,9.931216535094692377e-01,6.436812357877000346e-02,-4.730890380875446555e-02,8.560370095959671244e-02,9.930837783542817432e-01,6.504124932147813121e-02,-4.639055844999024486e-02,8.603581314187318252e-02,1.642126525359481892e+00,-1.269261906334576029e+00,2.045207724138661032e+00,1.673782225895016129e+00,-1.252927467916923110e+00,2.319114888871433688e+00,1.396236952741010673e-01,1.234478489380427924e+01,0.000000000000000000e+00
5.120000000000000107e+00,9.930616448985659650e-01,6.465180521991727158e-02,-4.753060491718023861e-02,8.596252153914062111e-02,9.929960892022458019e-01,6.457714603723868629e-02,-4.646083367286359123e-02,8.734958484820225244e-02,1.647804054985621214e+00,-1.270978134630249112e+00,2.066312960238995800e+00,1.483508659131627105e+00,-1.248554189260597802e+00,2.528061036167083220e+00,2.010494932957979930e-01,3.370325264956645306e+00,1.000000000000000000e+00
5.139999999999999680e+00,9.930013301584301733e-01,6.493486256345171181e-02,-4.775334412340600382e-02,8.632172410514880878e-02,9.930503017673584232e-01,6.462280483256356567e-02,-4.581047935424890916e-02,8.704246800651323224e-02,1.644772576813132936e+00,-1.277417080125647697e+00,2.068082618574965004e+00,1.421756881262667083e+00,-1.038141673004837839e+00,2.360714910701789737e+00,2.402046584296272103e-01,3.288166473077474450e+00,1.000000000000000000e+00
5.160000000000000142e+00,9.929402840655640050e-01,6.522002964062989516e-02,-4.797950146503284635e-02,8.668279790500221793e-02,9.929143407547523781e-01,6.469730744089552399e-02,-4.775865858425829003e-02,8.748989006557285342e-02,1.658226545868091595e+00,-1.296717337119144053e+00,2.078396204615792886e+00,1.418284912343973359e+00,-1.459142514959211434e+00,2.342480425346749939e+00,1.130967582420271955e-01,7.840077502809585930e+00,1.000000000000000000e+00
5.179999999999999716e+00,9.928787433232373338e-01,6.550242316697892087e-02,-4.820631443802908533e-02,8.704817553760227367e-02,9.927867595652388744e-01,6.428602826755744348e-02,-4.855840727331774132e-02,8.879097749554364094e-02,1.641774789748977836e+00,-1.303569059808049824e+00,2.102119481595531525e+00,1.267216761951999837e+00,-1.616223957700971381e+00,2.536556759531316096e+00,2.470878719485188890e-01,3.832013679588532895e+00,1.000000000000000000e+00
5.200000000000000178e+00,9.928170402969616060e-01,6.578551209956753909e-02,-4.842896535001790098e-02,8.741410760801615609e-02,9.926932156836349996e-01,6.410545138138915022e-02,-4.873832118793372525e-02,8.986237636883716295e-02,1.643562743556000738e+00,-1.279798096044176381e+00,2.107108592207269648e+00,1.165456660381151810e+00,-1.612914147532226394e+00,2.679968008758338183e+00,3.423903770434209015e-01,1.415560126363122340e+00,1.000000000000000000e+00
5.219999999999999751e+00,9.927548930039372665e-01,6.607110468307093865e-02,-4.865181368099510961e-02,8.778002374258976614e-02,9.925156166088929810e-01,6.441331222591825667e-02,-4.924297508797340767e-02,9.131705974263915060e-02,1.658075321928767831e+00,-1.279784423063039300e+00,2.107860747267956469e+00,1.185988620810160210e+00,-1.681773307209613488e+00,2.909922582252874701e+00,4.535516672611976663e-01,2.695927287761096469e+00,1.000000000000000000e+00
5.240000000000000213e+00,9.926924417640742293e-01,6.635636898538931072e-02,-4.887775787441368119e-02,8.814484184979429204e-02,9.924615098467508556e-01,6.523339004365349969e-02,-4.912323628256018426e-02,9.138743870602727970e-02,1.658186219481241119e+00,-1.297228059844924841e+00,2.100504484038697051e+00,1.326328258932723880e+00,-1.568314453024802324e+00,2.819273883252243706e+00,3.951185592276694192e-01,1.919220222566884404e+00,1.000000000000000000e+00
5.259999999999999787e+00,9.926302448397918976e-01,6.663961495875415919e-02,-4.910376544572828822e-02,8.850524824265977586e-02,9.925103319262854606e-01,6.480848731396071649e-02,-4.883035580770668516e-02,9.131646808404056403e-02,1.647877365131719118e+00,-1.296859328030828262e+00,2.074694170787901637e+00,1.165931387258930974e+00,-1.443172592008607147e+00,2.684908554441650441e+00,3.859733597270466054e-01,2.829046794960743405e+00,1.000000000000000000e+00
5.280000000000000249e+00,9.925677236260533887e-01,6.692422110829024384e-02,-4.932647767353334767e-02,8.886709877770265775e-02,9.924777625993710384e-01,6.531656920505971020e-02,-4.779343327534563146e-02,9.185545312490991932e-02,1.653659624140110029e+00,-1.278070440034765110e+00,2.084712858175399308e+00,1.208324875065894144e+00,-1.138499068959004212e+00,2.722647999215016767e+00,4.268153405031204217e-01,4.616355008799069459e+00,1.000000000000000000e+00
5.299999999999999822e+00,9.925050027434365596e-01,6.720809172106811946e-02,-4.954706264813075328e-02,8.922993062535482245e-02,9.924637355388153948e-01,6.516057711113518169e-02,-4.802732282466151692e-02,9.199570149294872268e-02,1.648192718980980187e+00,-1.266779989137911677e+00,2.091003055583851022e+00,1.125655711843248419e+00,-1.152306547914486723e+00,2.638325570321272462e+00,4.311008982518947374e-01,6.851362739526513090e-01,1.000000000000000000e+00
5.320000000000000284e+00,9.924424213878190182e-01,6.748661274374179175e-02,-4.976767412015398184e-02,8.959227613432534099e-02,9.923912177980608318e-01,6.517818001798661443e-02,-4.930826815081252451e-02,9.208784055885113617e-02,1.617869433825428693e+00,-1.269438760996970617e+00,2.086637225391001937e+00,1.111537713115361869e+00,-1.407177877163759305e+00,2.533469951572492551e+00,3.931407541702027220e-01,3.717843578590859899e+00,1.000000000000000000e+00
5.339999999999999858e+00,9.923798764136494421e-01,6.776488267350661010e-02,-4.998819703770225609e-02,8.995155208441871220e-02,9.922818357477660722e-01,6.586939222681041650e-02,-5.033741594898727412e-02,9.221781914734714092e-02,1.617257402464560734e+00,-1.267866827886341419e+00,2.069126831384142218e+00,1.250657029955920541e+00,-1.578857862609519991e+00,2.454231809801930453e+00,3.410985325092030229e-01,2.706738145463570167e+00,1.000000000000000000e+00
5.360000000000000320e+00,9.923168659148042803e-01,6.804638435513982175e-02,-5.021096522690238900e-02,9.030939136211524332e-02,9.921851431558716961e-01,6.684527814116342226e-02,-5.086537453976543166e-02,9.226626774679108633e-02,1.637382283271411776e+00,-1.278543187416475657e+00,2.061251806214610127e+00,1.440833384916354820e+00,-1.618209376959368173e+00,2.369950378689136716e+00,2.740062810731049292e-01,2.212626942334668723e+00,1.000000000000000000e+00
5.379999999999999893e+00,9.922542357652684997e-01,6.832841639032666281e-02,-5.043137602928558089e-02,9.066110208499496281e-02,9.921882255872375156e-01,6.662066952129210018e-02,-5.167163275527016791e-02,9.194701608528955961e-02,1.640792663546557506e+00,-1.262366900819055671e+00,2.027282417550263283e+00,1.350088944391325541e+00,-1.740626825121702081e+00,2.181097962921282551e+00,2.833117588018039257e-01,2.919310611796035460e+00,1.000000000000000000e+00
5.400000000000000355e+00,9.921913215999248470e-01,6.860798704702354700e-02,-5.065374832906303221e-02,9.101386287465212943e-02,9.921445568795810299e-01,6.649100614859855540e-02,-5.172643134694256128e-02,9.247973105322633558e-02,1.627625911416386906e+00,-1.275290125452634316e+00,2.031920658318266959e+00,1.258967500465537626e+00,-1.693162405872724152e+00,2.214533287040824749e+00,3.196923462788405779e-01,5.807253320464060842e-01,1.000000000000000000e+00
5.419999999999999929e+00,9.921279049052034171e-01,6.888585132627339513e-02,-5.087528031403980300e-02,9.137103287385073269e-02,9.920544578227135091e-01,6.703132295779516692e-02,-5.231086740845463517e-02,9.272716758094665113e-02,1.616405113706158803e+00,-1.273281982821433234e+00,2.057083445049958215e+00,1.345371265725843424e+00,-1.753910193212631974e+00,2.180558033072311996e+00,3.105555159984442759e-01,6.140573919493005350e-01,1.000000000000000000e+00
5.440000000000000391e+00,9.920642273554199919e-01,6.916144547431825329e-02,-5.109569584376419393e-02,9.173054631821461746e-02,9.919591784332916218e-01,6.695944142455813319e-02,-5.251937590740813483e-02,9.367569951890793167e-02,1.602335983214276505e+00,-1.269124939561012022e+00,2.070320182141668575e+00,1.266668337131652056e+00,-1.748163446414495059e+00,2.311620955741317207e+00,3.743191201852797412e-01,1.169973216912349789e+00,1.000000000000000000e+00
5.459999999999999964e+00,9.920006644628627246e-01,6.943560743763531329e-02,-5.131566664608157302e-02,9.208735245229766886e-02,9.917992256722669708e-01,6.691950215770450794e-02,-5.285888285389452046e-02,9.519461481772535649e-02,1.594708697576386447e+00,-1.266243402015858388e+00,2.054628220140846562e+00,1.195341619099265840e+00,-1.782762793199354379e+00,2.571905514787305336e+00,4.916497026096449119e-01,3.706846925455939967e+00,1.000000000000000000e+00
5.480000000000000426e+00,9.919369881581010517e-01,6.970848598695338072e-02,-5.153700448746671714e-02,9.244282380856302939e-02,9.917597336402420583e-01,6.727776504444629713e-02,-5.263990384631041242e-02,9.547446560998228138e-02,1.588572945456338426e+00,-1.274192782306902805e+00,2.046180317213689648e+00,1.222346525885091406e+00,-1.653622040459159726e+00,2.539944272406704062e+00,4.633111852422161503e-01,9.238010823200224486e-01,1.000000000000000000e+00
5.500000000000000000e+00,9.918723603194893323e-01,6.998693758606185089e-02,-5.175800777953089987e-02,9.280171352008405317e-02,9.917887247880611268e-01,6.783366041569369176e-02,-5.255399806699231902e-02,9.482508731899329246e-02,1.619440165576844226e+00,-1.270985865605909204e+00,2.067891379454038336e+00,1.308853473683494473e+00,-1.540945946077057815e+00,2.288186044944788833e+00,3.507933220685952036e-01,4.192370776417487122e+00,1.000000000000000000e+00
5.520000000000000462e+00,9.918075484788603235e-01,7.026499144386291751e-02,-5.197919034643418840e-02,9.315997814875388860e-02,9.918580506899230542e-01,6.706057692683378701e-02,-5.215455580717407585e-02,9.487037795003699925e-02,1.617534273854756677e+00,-1.272020081715341311e+00,2.064247024350576165e+00,1.060406963512896095e+00,-1.399398510810213381e+00,2.198622052856496367e+00,4.167582988350876927e-01,4.506776997081797909e+00,1.000000000000000000e+00
5.540000000000000036e+00,9.917425818422688222e-01,7.054179640124924600e-02,-5.220095716008544412e-02,9.351773303971112894e-02,9.917886256094411435e-01,6.764219978858655724e-02,-5.314531197376319571e-02,9.463313761420097392e-02,1.610963204021061967e+00,-1.275847653630943546e+00,2.060825836517459653e+00,1.180556663380557314e+00,-1.560043728675834185e+00,2.043649226270645602e+00,3.721266830407166104e-01,3.226374856688833503e+00,1.000000000000000000e+00
5.560000000000000497e+00,9.916774179863493410e-01,7.081932193580969814e-02,-5.242247324464070074e-02,9.387441928126534496e-02,9.917225610615634235e-01,6.771319079933725560e-02,-5.377024852125897314e-02,9.492126235585215954e-02,1.615322703459552978e+00,-1.273663911461138110e+00,2.055176014383828687e+00,1.159579030783077114e+00,-1.647111139853488782e+00,2.018973696757119463e+00,4.061536168290550974e-01,4.332981483414538038e-01,1.000000000000000000e+00
5.580000000000000071e+00,9.916112573064680413e-01,7.109984347930392579e-02,-5.264673033997287893e-02,9.423507003666152515e-02,9.915677300314273968e-01,6.863590175896724932e-02,-5.420431978571847720e-02,9.562657301515863073e-02,1.633033690557424533e+00,-1.289534672731823761e+00,2.078025785083581045e+00,1.333506812209495296e+00,-1.673954231114092472e+00,2.110639877823264232e+00,3.701729143000919708e-01,1.976717807394437365e+00,1.000000000000000000e+00
5.600000000000000533e+00,9.915451890696651560e-01,7.137593589092058877e-02,-5.287534728825302871e-02,9.459287212916180076e-02,9.915382541797719274e-01,6.880013001406189155e-02,-5.454134598076127577e-02,9.562256107627060964e-02,1.611045139304493334e+00,-1.315508296909242425e+00,2.058679051241313118e+00,1.325090478095811930e+00,-1.680543426437400845e+00,2.018622896047037596e+00,3.707996601439529916e-01,4.306993275217729233e-01,1.000000000000000000e+00
5.620000000000000107e+00,9.914784235229654463e-01,7.165180745064508860e-02,-5.310942496330033069e-02,9.495232044314756703e-02,9.915303249334244118e-01,6.839140225631369641e-02,-5.500118155557373600e-02,9.573453327991879314e-02,1.612536479662964650e+00,-1.347535605525022495e+00,2.066109292336586467e+00,1.181606597804382597e+00,-1.730757076898685520e+00,1.947835782257493875e+00,4.411931880014547946e-01,1.410815904777761531e+00,1.000000000000000000e+00
5.639999999999999680e+00,9.914116729665161110e-01,7.192417826900406042e-02,-5.334694862899719281e-02,9.530955019323823774e-02,9.914513973700666005e-01,6.889741521903303134e-02,-5.478633349855108886e-02,9.631059386622033147e-02,1.595193320111827573e+00,-1.368100600554586377e+00,2.051018067358371777e+00,1.241354248992539766e+00,-1.606001919409636658e+00,2.015399015202458788e+00,4.008543491644526724e-01,1.188461186587139506e+00,1.000000000000000000e+00
5.660000000000000142e+00,9.913449694841344195e-01,7.219362297452619481e-02,-5.358643808758958155e-02,9.566465352154621127e-02,9.912349346231000835e-01,6.953266458162359054e-02,-5.605416775867090584e-02,9.734702468899988914e-02,1.580275954537770033e+00,-1.379974257777765612e+00,2.037209019888622574e+00,1.359667965479036011e+00,-1.846007945878688883e+00,2.170182166372831567e+00,4.585508500707144441e-01,4.789870677022662449e+00,1.000000000000000000e+00
5.679999999999999716e+00,9.912779039871875142e-01,7.246164199707920417e-02,-5.382776149461038911e-02,9.602082898170963277e-02,9.910852088502715151e-01,7.060348139647767973e-02,-5.598661966964257192e-02,9.813641337891669536e-02,1.573003881408425286e+00,-1.391727130734771389e+00,2.042300826827236016e+00,1.547863734256879731e+00,-1.742670418103062113e+00,2.286589217016451236e+00,4.071835173104994543e-01,2.988240096810491409e+00,1.000000000000000000e+00
5.700000000000000178e+00,9.912104136400861076e-01,7.273047530099702174e-02,-5.406567725841389394e-02,9.637995847960154072e-02,9.910667329220234079e-01,7.104211751473457626e-02,-5.529128797447634830e-02,9.840031457476793031e-02,1.575019263658231639e+00,-1.373282551649155359e+00,2.060978227406516705e+00,1.567659979064891074e+00,-1.498162003707526280e+00,2.271983133671059196e+00,3.332066094359297237e-01,3.023846738259521327e+00,1.000000000000000000e+00
5.719999999999999751e+00,9.911425887181883887e-01,7.299924159628107256e-02,-5.430604693431504565e-02,9.673847642868912966e-02,9.908970190399275513e-01,7.182826412842803487e-02,-5.619742008300381703e-02,9.902347250069956641e-02,1.576322661962762162e+00,-1.387104656705866246e+00,2.056646527319708539e+00,1.705417769459481869e+00,-1.645592853633134123e+00,2.323951318894076135e+00,3.665139111518331827e-01,2.172681558321056805e+00,1.000000000000000000e+00
5.740000000000000213e+00,9.910750365972389453e-01,7.326865000921391202e-02,-5.454619218652373425e-02,9.709114108691688227e-02,9.909074698929949410e-01,7.216492794756883267e-02,-5.599015022499065353e-02,9.879125650769296496e-02,1.581551901231804225e+00,-1.382941235462114449e+00,2.023549144388348875e+00,1.712068079130744547e+00,-1.514612074598233438e+00,2.179074023229121693e+00,2.858293776806130060e-01,1.910255115567959461e+00,1.000000000000000000e+00
5.759999999999999787e+00,9.910066978409398653e-01,7.353776498994488153e-02,-5.479238756652696912e-02,9.744596563962668045e-02,9.910042408132442304e-01,7.216473030844043623e-02,-5.568988466408321403e-02,9.798715801459235986e-02,1.582906501718270853e+00,-1.418612334498137839e+00,2.033620039932676260e+00,1.642071625971284643e+00,-1.363625764466393830e+00,1.898855431416095696e+00,1.979358558742694840e-01,5.310492394469764399e+00,1.000000000000000000e+00
5.780000000000000249e+00,9.909377231590648094e-01,7.380871193601737379e-02,-5.503920427796030190e-02,9.780280596753737621e-02,9.908312408437975893e-01,7.207258736317859182e-02,-5.605888512740696966e-02,9.958110120394193798e-02,1.593290512543155568e+00,-1.422166423812922353e+00,2.045734096897710685e+00,1.541527719132821606e+00,-1.426834818191306642e+00,2.195849678313634090e+00,3.080692215742237283e-01,5.112713847260732969e+00,1.000000000000000000e+00
5.799999999999999822e+00,9.908686143215588160e-01,7.407726549872874211e-02,-5.528767890932052148e-02,9.815915876536797369e-02,9.907506253995772560e-01,7.202502627162148119e-02,-5.542974551069291406e-02,1.007627767260245721e-01,1.580841230286597066e+00,-1.432756831924040686e+00,2.041585366340234131e+00,1.435729943422207278e+00,-1.239631693288026915e+00,2.397940925412549440e+00,3.804824029923108974e-01,4.349725308665027157e+00,1.000000000000000000e+00
5.820000000000000284e+00,9.907988261145829201e-01,7.434369882275730645e-02,-5.554020801093154797e-02,9.851896218199987509e-02,9.906029795237477620e-01,7.314188367185991968e-02,-5.518575892260396687e-02,1.015407988137863593e-01,1.570279639287846862e+00,-1.458647314609240020e+00,2.059165025885095535e+00,1.628159801414551744e+00,-1.117449779547352362e+00,2.505391529945219631e+00,3.755362421022271913e-01,3.170854907090999930e+00,1.000000000000000000e+00
5.839999999999999858e+00,9.907292744234504900e-01,7.460761728396582415e-02,-5.579320496865300405e-02,9.887530795359766866e-02,9.906709511007925073e-01,7.276504903859108697e-02,-5.481127934622589265e-02,1.013510628454030310e-01,1.557266760300489938e+00,-1.461174760739319289e+00,2.038403381819987370e+00,1.461500638068950364e+00,-9.861324486438768355e-01,2.355038274981116952e+00,3.711777627951390324e-01,3.375526664470487326e+00,1.000000000000000000e+00
5.860000000000000320e+00,9.906591900885677315e-01,7.487735409882875781e-02,-5.604670982371071780e-02,9.922961883509610892e-02,9.906012473916451233e-01,7.373361403073203091e-02,-5.408294579106853045e-02,1.017229462935686918e-01,1.591460334210790695e+00,-1.460062059089580533e+00,2.028797009591481348e+00,1.609627324203876997e+00,-7.544488432004835543e-01,2.371847941502162271e+00,3.866435437079859261e-01,3.787460993092623518e+00,1.000000000000000000e+00
5.879999999999999893e+00,9.905887763041767435e-01,7.514421238188917496e-02,-5.629865161939331952e-02,9.958757669276641078e-02,9.904742602844744948e-01,7.382508116575052515e-02,-5.474074464755281089e-02,1.025380318722024647e-01,1.573203156648885992e+00,-1.454497017061304742e+00,2.049430980507482403e+00,1.571856379516007207e+00,-8.937684211719422178e-01,2.459260182545851769e+00,4.113421165681702685e-01,1.420649813150158591e+00,1.000000000000000000e+00
5.900000000000000355e+00,9.905180057508633507e-01,7.541107006754629860e-02,-5.655354879433827781e-02,9.994471928704695696e-02,9.904454900749773971e-01,7.380825019576249535e-02,-5.481323712546577048e-02,1.027890190098391665e-01,1.575302672756415667e+00,-1.471035148601545828e+00,2.043734781483759644e+00,1.500610634637724150e+00,-8.787882701181944922e-01,2.415061038155916773e+00,4.240357066426418964e-01,3.617955243677992150e-01,1.000000000000000000e+00
5.919999999999999929e+00,9.904472571337272768e-01,7.568084506946003154e-02,-5.680720025235075354e-02,1.002974701841385374e-01,9.903651735016700819e-01,7.449683284601717193e-02,-5.461303105689645915e-02,1.031720012876460174e-01,1.592559378402319092e+00,-1.460390172971827161e+00,2.020281771573319229e+00,1.593200704127602174e+00,-7.847523912419168690e-01,2.419423557956108972e+00,4.361401656515030423e-01,8.694145267492816576e-01,1.000000000000000000e+00
5.940000000000000391e+00,9.903762081091158631e-01,7.595298509301935674e-02,-5.706272046014892324e-02,1.006476845265494996e-01,9.903530406562769395e-01,7.526510589402736484e-02,-5.567264902708363855e-02,1.021595558327015457e-01,1.608010273291511583e+00,-1.468633827861878682e+00,2.006019294164031574e+00,1.748968668191694942e+00,-9.671621912649001063e-01,2.066890899875480692e+00,2.482109721140161041e-01,9.065337711641310747e+00,1.000000000000000000e+00
5.959999999999999964e+00,9.903046622363805840e-01,7.622752661418205622e-02,-5.732043406103704691e-02,1.009970691566173945e-01,9.903689743411598911e-01,7.473065423592933909e-02,-5.667262730411519456e-02,1.018471270795498762e-01,1.623389772461366842e+00,-1.479496601746909112e+00,2.001428301148886479e+00,1.576025066701116195e+00,-1.172127673383136948e+00,1.879542279958992479e+00,2.108925564093916127e-01,5.335429515798709943e+00,1.000000000000000000e+00
5.980000000000000426e+00,9.902335876281668225e-01,7.650086581669891805e-02,-5.757753632864125864e-02,1.013404498345509691e-01,9.902887766285568549e-01,7.543946983634933212e-02,-5.768345000379541954e-02,1.015364213963959594e-01,1.617980024685389706e+00,-1.473946615604570187e+00,1.966961132912524945e+00,1.709216599533915915e+00,-1.342298409857190622e+00,1.719624609021368489e+00,1.244376710972313893e-01,3.602823233670791492e+00,1.000000000000000000e+00
6.000000000000000000e+00,9.901625132490970982e-01,7.677569079285460896e-02,-5.783530449474912072e-02,1.016797335436687988e-01,9.900956280872426074e-01,7.680065948356903927e-02,-5.849107143927975011e-02,1.019367475805589979e-01,1.628147855506514530e+00,-1.475066124592286032e+00,1.943914626118914857e+00,1.979733624092218758e+00,-1.455766847184095214e+00,1.751848176310289329e+00,8.112431560471837499e-02,4.341496769490677643e+00,1.000000000000000000e+00
6.020000000000000462e+00,9.900914753109113509e-01,7.705132059597732952e-02,-5.808954387062684882e-02,1.020174955778746645e-01,9.898950641735827505e-01,7.768433721839862471e-02,-5.912372314624945308e-02,1.028459578060429147e-01,1.631146210735632263e+00,-1.453896217164338145e+00,1.937079593587226700e+00,2.113502316055140273e+00,-1.543960180488951561e+00,1.900765706036013691e+00,1.697798460974354329e-01,2.385176185252997350e+00,1.000000000000000000e+00
6.040000000000000036e+00,9.900197713041828385e-01,7.732514417943564533e-02,-5.834412071131200167e-02,1.023603345191245323e-01,9.896914352117806013e-01,7.824026892879643036e-02,-5.917649829791103711e-02,1.043430181449274130e-01,1.619701441291904631e+00,-1.459329353643555427e+00,1.965519091805712382e+00,2.140667845344275566e+00,-1.509490066077555648e+00,2.190109448882706200e+00,2.704250881888151659e-01,4.269380293962876216e+00,1.000000000000000000e+00
6.060000000000000497e+00,9.899474113099467898e-01,7.759977744411367118e-02,-5.860074559064796379e-02,1.027051605206834167e-01,9.896526358458206385e-01,7.797000899011448383e-02,-5.862762495538311608e-02,1.052194832414231618e-01,1.625121791402406757e+00,-1.471571413259484595e+00,1.976538511780130181e+00,1.960346590315006354e+00,-1.339334955898588975e+00,2.314741520550273268e+00,2.931956385642315865e-01,3.838609351536621528e+00,1.000000000000000000e+00
6.080000000000000071e+00,9.898747610168269206e-01,7.787276342270992024e-02,-5.885879230910462390e-02,1.030506321509198769e-01,9.895273861075872812e-01,7.824249644390461611e-02,-5.938419216129453559e-02,1.057694739263730366e-01,1.616527403724288270e+00,-1.480989940998742371e+00,1.979186075715393622e+00,1.956769267917246591e+00,-1.468694796626655696e+00,2.341165621466839930e+00,3.226016500901919271e-01,8.696991339237370999e-01,1.000000000000000000e+00
6.100000000000000533e+00,9.898023077808676407e-01,7.814025831394570687e-02,-5.911747671030483792e-02,1.033954326346438191e-01,9.895668749397944497e-01,7.836704157686859296e-02,-5.946658620616016716e-02,1.052603056302037488e-01,1.585899268280331231e+00,-1.487482832872598415e+00,1.973126961242539501e+00,1.912932725521087285e+00,-1.412956330067300703e+00,2.120522492662324510e+00,2.206144700884394572e-01,2.677934680924985322e+00,1.000000000000000000e+00
6.120000000000000107e+00,9.897296223799830761e-01,7.840910830551356403e-02,-5.937690474075150993e-02,1.037384668371298807e-01,9.895053934912649840e-01,7.785116606367724346e-02,-6.025320727776249663e-02,1.057725068577164695e-01,1.594726994528868458e+00,-1.490185143102423782e+00,1.963373719565334907e+00,1.723233310396832252e+00,-1.564801361201360708e+00,2.132503716784651449e+00,2.629821453155437583e-01,2.951139616801738974e+00,1.000000000000000000e+00
6.140000000000000568e+00,9.896565963379559960e-01,7.867562277870054910e-02,-5.963567105747439451e-02,1.040843621428337307e-01,9.894697512934774730e-01,7.884277371324512063e-02,-5.965809359645918297e-02,1.057087516569095581e-01,1.580269257885736689e+00,-1.489222162634644686e+00,1.979303463886706860e+00,1.873676895441204859e+00,-1.331066271797087142e+00,2.054333950090019290e+00,1.883627025386384601e-01,4.157693180642491271e+00,1.000000000000000000e+00
6.160000000000000142e+00,9.895836097036432299e-01,7.893963155019839695e-02,-5.989141820396449989e-02,1.044309915788610710e-01,9.892861457059374253e-01,7.981266840066227053e-02,-5.990072885671354069e-02,1.065587282182522966e-01,1.563992021808454869e+00,-1.473914279978826958e+00,1.983947521644275236e+00,2.023561276405763998e+00,-1.327155783313502591e+00,2.184635055769042378e+00,2.657444833032759912e-01,1.967908983885918062e+00,1.000000000000000000e+00
6.179999999999999716e+00,9.895101643707677752e-01,7.920608728023380285e-02,-6.014542100219909954e-02,1.047786174615812776e-01,9.892046187094402088e-01,8.032631685387470188e-02,-6.002120895975487230e-02,1.068614037883251211e-01,1.576687833109268855e+00,-1.463167966427562749e+00,1.991500364811223722e+00,2.061181305758420290e+00,-1.293834507426191438e+00,2.172155637535559958e+00,2.736244560596168829e-01,1.337388473972384584e-01,1.000000000000000000e+00
6.200000000000000178e+00,9.894356953481435735e-01,7.947522005842112824e-02,-6.040064590354731616e-02,1.051306622353141845e-01,9.891906670806894786e-01,8.057958114305502351e-02,-5.971296975773557336e-02,1.069725035043229688e-01,1.591540752042664320e+00,-1.470847661536226925e+00,2.017535641852630679e+00,2.025540544095748352e+00,-1.161717238713997347e+00,2.117480531896644091e+00,2.599216505949061840e-01,1.083217437726975652e+00,1.000000000000000000e+00
6.219999999999999751e+00,9.893614217092815410e-01,7.974420322949594964e-02,-6.065058706905284563e-02,1.054814939828857129e-01,9.891835592174914593e-01,8.006886516827513289e-02,-6.031684556788704382e-02,1.070828704565773282e-01,1.587840762111210058e+00,-1.440364039250265238e+00,2.012895470074610227e+00,1.832738261897154830e+00,-1.272125601241407278e+00,2.035803316589412493e+00,1.921871982862704276e-01,2.795563866696624711e+00,1.000000000000000000e+00
6.240000000000000213e+00,9.892862099383615826e-01,8.001895297516180283e-02,-6.090037660660145569e-02,1.058343333693032712e-01,9.891374626568405493e-01,7.983931892232611072e-02,-6.028460605515059689e-02,1.076964688166788670e-01,1.620168639901976793e+00,-1.437262700267170512e+00,2.026916171071599493e+00,1.692113238033300604e+00,-1.229388489299055420e+00,2.094925744645712129e+00,2.263326079335233332e-01,1.252279771203091308e+00,1.000000000000000000e+00
6.259999999999999787e+00,9.892100750224714911e-01,8.029825049879921184e-02,-6.115232573766100216e-02,1.061885657580109721e-01,9.890259929754442458e-01,8.025077126561117047e-02,-6.114053803755117866e-02,1.079316151027570336e-01,1.647193044233941972e+00,-1.447706756992030108e+00,2.035968513012007541e+00,1.739964996779035156e+00,-1.377125944665012369e+00,2.055287988140237498e+00,2.009277698300365178e-01,1.281884134197221359e+00,1.000000000000000000e+00
6.280000000000000249e+00,9.891331850654863089e-01,8.057629302379684666e-02,-6.141008107791862125e-02,1.065448503999759100e-01,9.890046028882815143e-01,8.077792635134734001e-02,-6.172232846308253751e-02,1.074019378282551340e-01,1.643240920590895993e+00,-1.482587238381231964e+00,2.044948549877740884e+00,1.815851591507773977e+00,-1.434184859197053630e+00,1.839773121406237832e+00,1.080621325902472313e-01,2.768055698105032381e+00,1.000000000000000000e+00
6.299999999999999822e+00,9.890554666407843643e-01,8.085838297888557624e-02,-6.166732881640303587e-02,1.069034441291297627e-01,9.888068765523118087e-01,8.184863797191717361e-02,-6.229103469522193071e-02,1.080813968340617742e-01,1.665439133597885535e+00,-1.478597249070324970e+00,2.060199069287914853e+00,2.002940468692519627e+00,-1.498032012775259547e+00,1.934369033373246394e+00,1.923972907952450906e-01,2.397327202970243043e+00,1.000000000000000000e+00
6.320000000000000284e+00,9.889775360345032240e-01,8.113979453590879076e-02,-6.192467187070600787e-02,1.072618383932466002e-01,9.887773174138533294e-01,8.217346991275217838e-02,-6.188211023445448766e-02,1.083399365113943136e-01,1.661821898392833896e+00,-1.479535478692823203e+00,2.058914835038334612e+00,1.982223515517204326e+00,-1.334719364257286767e+00,1.928503028717212242e+00,1.727514692946648944e-01,1.354624401884021889e+00,1.000000000000000000e+00
6.339999999999999858e+00,9.888992201685210537e-01,8.142076299051875798e-02,-6.218259788548152062e-02,1.076211699636532848e-01,9.887411579795942762e-01,8.189236900314879330e-02,-6.235532331174978987e-02,1.086111231454236492e-01,1.659515907171962290e+00,-1.483683537165572330e+00,2.064034547276412557e+00,1.840944038376049141e+00,-1.404480797650241808e+00,1.899304361659856610e+00,1.284876165017172223e-01,1.282116167676503382e+00,1.000000000000000000e+00
6.360000000000000320e+00,9.888209010250590403e-01,8.170011090951274924e-02,-6.244078399236657750e-02,1.079790075328651427e-01,9.886018110371198597e-01,8.337621179791647463e-02,-6.195293401562114444e-02,1.089802756796475341e-01,1.651028182488836871e+00,-1.485460679459625455e+00,2.054872894332627542e+00,2.103667809302741443e+00,-1.220278643186859080e+00,1.941443764440050401e+00,2.319694200927259475e-01,5.229606297373604384e+00,1.000000000000000000e+00
6.379999999999999893e+00,9.887425856128577717e-01,8.197996943580466989e-02,-6.269319723737809547e-02,1.083371913382495666e-01,9.885347893537507202e-01,8.357611833725503425e-02,-6.202876822559377085e-02,1.093911997988342849e-01,1.650223904716753953e+00,-1.452599217017637390e+00,2.059717187953732154e+00,2.060048855765018949e+00,-1.191063668547381660e+00,1.960950122815514174e+00,2.332514428946835250e-01,1.566422480145859553e-01,1.000000000000000000e+00
6.400000000000000355e+00,9.886630925890593780e-01,8.226379486789603401e-02,-6.294559148706044271e-02,1.087005516017004597e-01,9.885987647473141182e-01,8.331143065038368323e-02,-6.190745979120544640e-02,1.090832447503806840e-01,1.671378670314009884e+00,-1.452883687404896262e+00,2.091207060314590915e+00,1.910493444563741372e+00,-1.111736855518576927e+00,1.802143294934832385e+00,1.747606077891920295e-01,2.690999964443750336e+00,1.000000000000000000e+00
6.419999999999999929e+00,9.885828893572627951e-01,8.255219648966857782e-02,-6.319935309407152813e-02,1.090635021135302890e-01,9.885978641308900139e-01,8.410372787521977478e-02,-6.160674390600679590e-02,1.086528191011761485e-01,1.698635184663369380e+00,-1.457842168988293885e+00,2.090334221237404311e+00,2.017363052687004554e+00,-9.639485908935051528e-01,1.641783295209653604e+00,2.591021484137503439e-01,2.945949793601450928e+00,1.000000000000000000e+00
6.440000000000000391e+00,9.885022076721209361e-01,8.283930299071377845e-02,-6.345657828597789374e-02,1.094271354810661401e-01,9.885595432711676844e-01,8.421875060357428278e-02,-6.214189656636767700e-02,1.086076247111973647e-01,1.693442799788746456e+00,-1.478766018080290623e+00,2.092393798508037417e+00,1.975198412301535367e+00,-1.047358281480738063e+00,1.553849782534923119e+00,2.377919964832167776e-01,8.226242490825459441e-01,1.000000000000000000e+00
6.459999999999999964e+00,9.884210494083887077e-01,8.312526099432422655e-02,-6.371549151848861225e-02,1.097923322076850006e-01,9.883507089418052116e-01,8.516145728210766652e-02,-6.362242607637001723e-02,1.089155141748669731e-01,1.687654202831028405e+00,-1.489961948161247163e+00,2.100328226138429066e+00,2.154546580202407746e+00,-1.340792855380440907e+00,1.551042402565928180e+00,2.543962591641034110e-01,5.909076819394088353e+00,1.000000000000000000e+00
6.480000000000000426e+00,9.883400539785431871e-01,8.341009579309109634e-02,-6.397319928724659599e-02,1.101549971378145976e-01,9.882063091820967315e-01,8.523337446506502879e-02,-6.441673148867890775e-02,1.096998043494692016e-01,1.681381626219616621e+00,-1.482576419333727857e+00,2.086051720878273397e+00,2.092626663600169135e+00,-1.489988237587392073e+00,1.660887249876010996e+00,2.217918143044265156e-01,1.906571716360918600e+00,1.000000000000000000e+00
6.500000000000000000e+00,9.882586202370747808e-01,8.369517902507725426e-02,-6.423125435152883533e-02,1.105186070284220057e-01,9.880553916640495427e-01,8.521965491228912504e-02,-6.547356781383101287e-02,1.104416829732324801e-01,1.682870745668991086e+00,-1.484998537817180830e+00,2.091604539813428865e+00,2.020659366877951779e+00,-1.696852041856242499e+00,1.749415333937016870e+00,2.267230964193807374e-01,2.788645131944815336e+00,1.000000000000000000e+00
6.520000000000000462e+00,9.881765278485553639e-01,8.398110502395157717e-02,-6.448955715853649240e-02,1.108847186298689141e-01,9.879379408626548509e-01,8.600976886256010701e-02,-6.639588037228241757e-02,1.103291971050998493e-01,1.687194798225853054e+00,-1.487309731840353866e+00,2.106378413772932223e+00,2.152604947391758117e+00,-1.823488796078371887e+00,1.645923337697149158e+00,3.264367102662779074e-01,2.206579653953068210e+00,1.000000000000000000e+00
6.540000000000000036e+00,9.880942638010710155e-01,8.427129687971375571e-02,-6.474478222991580934e-02,1.112483147720968318e-01,9.879368405713008228e-01,8.548089513169214448e-02,-6.687163831303122308e-02,1.104626615595151740e-01,1.710404074662370766e+00,-1.466026953841484293e+00,2.095302516844140150e+00,1.946915161254291426e+00,-1.876664569286988993e+00,1.589687206516714024e+00,2.950300154653779927e-01,2.413688734255829083e+00,1.000000000000000000e+00
6.560000000000000497e+00,9.880124449173993684e-01,8.455715903147049961e-02,-6.499972925020791603e-02,1.116088291411990729e-01,9.880032896636824491e-01,8.505797718700892907e-02,-6.647761301630446262e-02,1.104326360196588863e-01,1.686643087184069856e+00,-1.465559445050245380e+00,2.076099833198017386e+00,1.753401095453526848e+00,-1.713417676900925501e+00,1.514868445319023760e+00,2.239224194230903520e-01,3.483190878678033897e+00,1.000000000000000000e+00
6.580000000000000071e+00,9.879302310128083020e-01,8.484313452988388737e-02,-6.525282969748835704e-02,1.119712882420939859e-01,9.879976236067617990e-01,8.508930765274186347e-02,-6.665444193363458114e-02,1.103525751447797798e-01,1.685571019452353214e+00,-1.456122999715109945e+00,2.088298194279385900e+00,1.693418978619369852e+00,-1.681067012349220846e+00,1.429073737540114575e+00,2.471007943087634440e-01,6.000218492118942759e-01,1.000000000000000000e+00
6.600000000000000533e+00,9.878477829898708595e-01,8.513360741790573782e-02,-6.550498787282081625e-02,1.123304192718643235e-01,9.879158036023154565e-01,8.541201165398160100e-02,-6.641905893401997552e-02,1.109759517568143783e-01,1.711781714899238693e+00,-1.446373752448662620e+00,2.071749597580495816e+00,1.684465055365202746e+00,-1.559842821416931091e+00,1.529419937454647327e+00,1.901061361157074525e-01,1.241816453251775032e+00,1.000000000000000000e+00
6.620000000000000107e+00,9.877650409087495031e-01,8.542909779559804129e-02,-6.575423652011232190e-02,1.126875041343263217e-01,9.877771482091037836e-01,8.554718249703634203e-02,-6.731689627438323942e-02,1.115635268297539423e-01,1.739219266669844721e+00,-1.425788965750911519e+00,2.063660000713098075e+00,1.663110459869233448e+00,-1.718524415768581948e+00,1.592403882513728552e+00,2.209960598568125045e-01,1.479704808221506518e+00,1.000000000000000000e+00
6.640000000000000568e+00,9.876824228363606517e-01,8.572576895956876553e-02,-6.599649823169068119e-02,1.130441788750825433e-01,9.877677524681500731e-01,8.460866587802315375e-02,-6.772576984268478817e-02,1.121136072989192684e-01,1.741484582563039618e+00,-1.385236722811626020e+00,2.065123627276241880e+00,1.372141556818852859e+00,-1.780110897422547245e+00,1.632597201786846641e+00,2.590769531886664145e-01,4.502420702460015356e+00,1.000000000000000000e+00
6.660000000000000142e+00,9.875997685140511795e-01,8.601884856360422771e-02,-6.624069418917261087e-02,1.134002881659515877e-01,9.877203235339848675e-01,8.507192241888084094e-02,-6.804745070058428047e-02,1.119860480016497406e-01,1.722644353174147547e+00,-1.398244838072399521e+00,2.059639090152820540e+00,1.436541572273734246e+00,-1.767652719231962877e+00,1.535990062712582427e+00,2.847698265114003702e-01,6.816278707221645750e-01,1.000000000000000000e+00
6.679999999999999716e+00,9.875167152574496621e-01,8.631369388679240029e-02,-6.648661316033822877e-02,1.137550596906433537e-01,9.876323006915695979e-01,8.459151412646676027e-02,-6.852352378646482667e-02,1.128328013316821227e-01,1.734459571691574498e+00,-1.406339399815267566e+00,2.052149457501644125e+00,1.262459763033413118e+00,-1.838093315878388090e+00,1.657448497423616329e+00,3.236848237270590345e-01,2.500468279847294806e+00,1.000000000000000000e+00
6.700000000000000178e+00,9.874335252784764982e-01,8.660443666299447174e-02,-6.673205360960182686e-02,1.141119526055487526e-01,9.876473116906027139e-01,8.470257067048600486e-02,-6.856751645488716462e-02,1.125911094151999664e-01,1.710194744313568105e+00,-1.407407005234773356e+00,2.062915332850767669e+00,1.240881525176680045e+00,-1.763345131331287341e+00,1.530658589155483584e+00,3.502959942048454178e-01,1.106259773818457193e+00,1.000000000000000000e+00
6.719999999999999751e+00,9.873498841245708091e-01,8.689891249122083661e-02,-6.697496712361383775e-02,1.144689438486724276e-01,9.875407708943879648e-01,8.405478340531118142e-02,-6.914060006390736202e-02,1.136556053646585879e-01,1.729848912846339237e+00,-1.390891250193231787e+00,2.066447819098517158e+00,1.034549517482844072e+00,-1.866175292511388806e+00,1.699958964916428616e+00,4.206775946166478874e-01,4.089958982965345768e+00,1.000000000000000000e+00
6.740000000000000213e+00,9.872652525009426583e-01,8.719809956815567642e-02,-6.721732462186054413e-02,1.148287590572653200e-01,9.874748014869997315e-01,8.410693971335651831e-02,-6.934300273254680180e-02,1.140661522639317277e-01,1.755545729200519878e+00,-1.386442018593456726e+00,2.085157603109052626e+00,1.003467583568259158e+00,-1.843802950235552407e+00,1.724620833876637116e+00,4.393398317503059980e-01,1.037300036380507662e-01,1.000000000000000000e+00
6.759999999999999787e+00,9.871796890361299592e-01,8.749806111071270487e-02,-6.746352671886536589e-02,1.151912471459905635e-01,9.873638716463039033e-01,8.513399916859680505e-02,-7.026973311247496079e-02,1.136967535221834746e-01,1.761892180506544836e+00,-1.409374162450130585e+00,2.099267605747127341e+00,1.239644450733499159e+00,-1.953128138873389652e+00,1.566278085052763780e+00,4.544973144814232202e-01,4.639808092638853410e+00,1.000000000000000000e+00
6.780000000000000249e+00,9.870943606032009932e-01,8.779828741839540429e-02,-6.771204922894612233e-02,1.155476628105114867e-01,9.872725315285387770e-01,8.596877929733803825e-02,-7.036384917322005550e-02,1.138035421455960566e-01,1.767150582225809119e+00,-1.419188841041817417e+00,2.063705160508158887e+00,1.388737918160949825e+00,-1.874365407778229242e+00,1.540687058368374496e+00,4.203005279912659931e-01,1.454266526630395351e+00,1.000000000000000000e+00
6.799999999999999822e+00,9.870085154922220161e-01,8.810385855185005888e-02,-6.796100584239404829e-02,1.159016917003629910e-01,9.871856017573064079e-01,8.630315354012020601e-02,-7.109336119616729843e-02,1.138511632172758553e-01,1.798852246616470030e+00,-1.417105277266622387e+00,2.052403709603580761e+00,1.430897737336075393e+00,-1.962366954615458292e+00,1.480292811926065655e+00,4.764892865847996095e-01,6.584249963380488513e-01,1.000000000000000000e+00
6.820000000000000284e+00,9.869223349307809645e-01,8.841015423992802658e-02,-6.821159615353440675e-02,1.162545809516121187e-01,9.869960221928392174e-01,8.769567992416242574e-02,-7.076922995287193707e-02,1.146299960308325427e-01,1.804647688648347792e+00,-1.425418250359806294e+00,2.045639098494027142e+00,1.683379107938266284e+00,-1.784174745477033142e+00,1.639338621610174851e+00,3.568322639713191746e-01,6.039494918008660562e+00,1.000000000000000000e+00
6.839999999999999858e+00,9.868353888530142504e-01,8.871819809895747921e-02,-6.846073943029304387e-02,1.166109934356616279e-01,9.870449523078813625e-01,8.810493091287513456e-02,-6.988876715452875532e-02,1.144348875911099100e-01,1.812579939181321320e+00,-1.418155226933943469e+00,2.067487871977633951e+00,1.687897855822040327e+00,-1.483584556572060231e+00,1.548519625947173184e+00,3.073686041536846103e-01,4.930994095998372018e+00,1.000000000000000000e+00
6.860000000000000320e+00,9.867480718007335394e-01,8.902507468062778595e-02,-6.871342635199514937e-02,1.169668496395973728e-01,9.870258737389774328e-01,8.879455694112792230e-02,-6.929910190317466190e-02,1.144250221885510233e-01,1.808754373865502751e+00,-1.438834172354581664e+00,2.062331276682240144e+00,1.765216443243594391e+00,-1.262152635196721828e+00,1.505861512413489312e+00,3.017528667406789156e-01,2.841436478255803699e+00,1.000000000000000000e+00
6.879999999999999893e+00,9.866606271048822263e-01,8.933169612074139121e-02,-6.896719493718217464e-02,1.173208464497621367e-01,9.871032768444583105e-01,8.838672970515031035e-02,-6.945783024681073670e-02,1.139759477800768167e-01,1.808833940969489351e+00,-1.444222328352105844e+00,2.051252277570466465e+00,1.604055502619193607e+00,-1.246935485550603628e+00,1.323725450102555490e+00,4.054336725270387687e-01,2.968853362496143511e+00,1.000000000000000000e+00
6.900000000000000355e+00,9.865730754056798446e-01,8.963846479542762757e-02,-6.922107712453122452e-02,1.176730852634424729e-01,9.868750372354031519e-01,8.815353694775507343e-02,-7.025453352975799537e-02,1.156326741182561457e-01,1.810492088231856922e+00,-1.443908049319789333e+00,2.041386023086608326e+00,1.480449288019017873e+00,-1.429382054284868531e+00,1.647420193887110473e+00,3.143968513567592105e-01,7.667105466316619378e+00,1.000000000000000000e+00
6.919999999999999929e+00,9.864856511656655558e-01,8.994233012558967844e-02,-6.947036176564938548e-02,1.180267178734638184e-01,9.866801108988687563e-01,8.828598701841032514e-02,-7.098753566768392642e-02,1.167420791000852165e-01,1.790362507269024350e+00,-1.420542513926537520e+00,2.050388494484621127e+00,1.455617492573628269e+00,-1.566650297330521191e+00,1.833980010690421381e+00,2.973513903357074550e-01,2.713176968367575270e+00,1.000000000000000000e+00
6.940000000000000391e+00,9.863974570576824474e-01,9.025029354771263446e-02,-6.972264335387054479e-02,1.183794501948642885e-01,9.864129234025064141e-01,8.935156465831717298e-02,-7.091695263322038423e-02,1.182227908097644997e-01,1.816307275220155448e+00,-1.434552880058684643e+00,2.045907316396414544e+00,1.625877625820586037e+00,-1.489861054557453324e+00,2.135973608044698047e+00,1.722258168908669396e-01,6.304258536466893936e+00,1.000000000000000000e+00
6.959999999999999964e+00,9.863095995618383904e-01,9.055669831312146423e-02,-6.997362327577731633e-02,1.187288939073056077e-01,9.863341880866549616e-01,9.073013620829722958e-02,-7.173509761666473084e-02,1.173328068572065813e-01,1.807755108478085404e+00,-1.426418511933141842e+00,2.027143396847289836e+00,1.925337429967150848e+00,-1.563711780107629012e+00,1.842885285801624029e+00,2.583407764314925581e-01,9.051547746137760697e+00,1.000000000000000000e+00
6.980000000000000426e+00,9.862208663901912420e-01,9.086305978790001903e-02,-7.022444981362935268e-02,1.190833057608582657e-01,9.862219067992094024e-01,9.087185900034767949e-02,-7.182413806286469526e-02,1.181099021364385160e-01,1.805868648159190792e+00,-1.428509971249841692e+00,2.055876969535716192e+00,1.869570854165256479e+00,-1.534289133777183123e+00,1.953724592818353312e+00,2.145831095871182925e-01,8.130510689099087474e-01,1.000000000000000000e+00
7.000000000000000000e+00,9.861311316267417082e-01,9.117366169341810378e-02,-7.047566632284552046e-02,1.194400900298006329e-01,9.860887355879740523e-01,9.145628420469813225e-02,-7.216044293291767886e-02,1.185648518815978908e-01,1.829662708405833227e+00,-1.429458415466033694e+00,2.071469137939534466e+00,1.934416494530000641e+00,-1.545267733413330680e+00,1.986187156076509197e+00,2.200094692843125310e-01,2.689664497515467101e-01,1.000000000000000000e+00
7.020000000000000462e+00,9.860405489035944937e-01,9.148424806870364412e-02,-7.072894607844788795e-02,1.198001855584291120e-01,9.860555925142302502e-01,9.110603003722225757e-02,-7.150436717316932533e-02,1.195039130632627039e-01,1.830092816588684501e+00,-1.443198785001796658e+00,2.089674349256226193e+00,1.735327163632188086e+00,-1.356278959110442717e+00,2.135274550287868944e+00,1.045443426072776433e-01,4.879053336144249187e+00,1.000000000000000000e+00
7.040000000000000036e+00,9.859496232137616722e-01,9.179428491798850842e-02,-7.098420570833555154e-02,1.201598613555847073e-01,9.859512018289442459e-01,9.175881063100292667e-02,-7.128372719941955538e-02,1.199965771186955604e-01,1.828697077717486463e+00,-1.454680450213902576e+00,2.086277972971297689e+00,1.804666449543774975e+00,-1.240595328056206315e+00,2.181633177240417609e+00,3.930269701809657040e-02,1.016994783739967767e+00,1.000000000000000000e+00
7.060000000000000497e+00,9.858579855905013067e-01,9.210672334586965382e-02,-7.124113860557527989e-02,1.205200561404938114e-01,9.859619974395537056e-01,9.126077656540813876e-02,-7.094089270570103078e-02,1.204898336284124100e-01,1.843579122759598565e+00,-1.463041968794314585e+00,2.089796618948798201e+00,1.591757675754637891e+00,-1.132593396110686879e+00,2.206075686240295486e+00,1.036091148348920327e-01,2.879624065355780083e+00,1.000000000000000000e+00
7.080000000000000071e+00,9.857661495742308100e-01,9.241855690305127158e-02,-7.149475425764202641e-02,1.208817968396913717e-01,9.861115180507539213e-01,8.998983260923222594e-02,-7.102487652375256977e-02,1.201722551564454039e-01,1.837345510101977553e+00,-1.445618832513525964e+00,2.100169511180745463e+00,1.227391373614977077e+00,-1.132981058339002978e+00,2.010529490322901403e+00,2.975459662352479273e-01,8.550131676977816397e+00,1.000000000000000000e+00
7.100000000000000533e+00,9.856743900984240581e-01,9.273380618624239846e-02,-7.174238788194825522e-02,1.212413612399190627e-01,9.859693157769831018e-01,9.044487757966405972e-02,-7.138277765943699948e-02,1.207838214310627406e-01,1.853345408219002621e+00,-1.408282710169953766e+00,2.092391508520015098e+00,1.286964071460834580e+00,-1.172716186148259787e+00,2.075386399877348520e+00,2.727385072249485232e-01,4.667137057398584865e-01,1.000000000000000000e+00
7.120000000000000107e+00,9.855827363826317189e-01,9.305091426996911497e-02,-7.198712290304970507e-02,1.215979080173174298e-01,9.857284177153389226e-01,9.167947284615658721e-02,-7.222201808904445131e-02,1.213191694259851960e-01,1.863013643453134804e+00,-1.388974801121849234e+00,2.077580188502548442e+00,1.546682699112027271e+00,-1.302216891201892768e+00,2.125118666532853418e+00,1.634666131776541242e-01,4.334908207457647933e+00,1.000000000000000000e+00
7.140000000000000568e+00,9.854909422603079783e-01,9.337103441770540357e-02,-7.223059387933644659e-02,1.219516050017241948e-01,9.856509307645411333e-01,9.163642748295613982e-02,-7.263850295497127629e-02,1.217319010350841890e-01,1.880392293046785124e+00,-1.378276820045879258e+00,2.063501564387723253e+00,1.478230770166844454e+00,-1.358161871669573362e+00,2.126111737510998800e+00,2.065548393990425391e-01,3.908269199404298955e-01,1.000000000000000000e+00
7.160000000000000142e+00,9.853981812717993449e-01,9.369376175225668790e-02,-7.247762835310837815e-02,1.223065686839852756e-01,9.855106083319659094e-01,9.243036549317798500e-02,-7.254563587474528730e-02,1.223217033705993190e-01,1.897596591771566032e+00,-1.397653991608406088e+00,2.070502086956914400e+00,1.594504182649517210e+00,-1.271064559355099544e+00,2.196777081659889053e+00,1.455657548577497518e-01,1.304959791294507010e+00,1.000000000000000000e+00
7.179999999999999716e+00,9.853045688131050195e-01,9.402069653329238330e-02,-7.272365849417060379e-02,1.226632984826311057e-01,9.855865358596351822e-01,9.317001259742965780e-02,-7.190436327381362347e-02,1.215248601191803168e-01,1.920371363591364622e+00,-1.390336866457912546e+00,2.083356475625313564e+00,1.695905006056902309e+00,-1.024357918430000680e+00,1.940319388460587158e+00,1.907340538472286628e-01,6.845866754637107476e+00,1.000000000000000000e+00
7.200000000000000178e+00,9.852103812263827143e-01,9.435077264335289815e-02,-7.297082065064285084e-02,1.230190869700299727e-01,9.854818281081282327e-01,9.285287120646346093e-02,-7.314614110243872203e-02,1.218751525914928135e-01,1.939602992248154134e+00,-1.394252328071714064e+00,2.079145722718767963e+00,1.582037690016708353e+00,-1.295021511823137406e+00,1.911574450496453581e+00,2.191281971137113704e-01,4.352554572347839823e+00,1.000000000000000000e+00
7.219999999999999751e+00,9.851166332754554000e-01,9.467892532831630181e-02,-7.321682838464030341e-02,1.233710500239069280e-01,9.853289552228599035e-01,9.405022576616269003e-02,-7.332095174397454396e-02,1.220878497972631149e-01,1.929293592605387797e+00,-1.386839718379803799e+00,2.057061785624706651e+00,1.804500873313516607e+00,-1.254322999392300186e+00,1.903359904808135994e+00,1.659714888003645250e-01,2.560689563790605305e+00,1.000000000000000000e+00
7.240000000000000213e+00,9.850229800466906438e-01,9.500474914329715137e-02,-7.346489538689018883e-02,1.237203926842677243e-01,9.852663627029500937e-01,9.410146257099601119e-02,-7.350568268733612132e-02,1.224419204389040894e-01,1.918652242367599348e+00,-1.398647824211590729e+00,2.040110478155397367e+00,1.741409306952516278e+00,-1.253072527176053441e+00,1.905954292843551112e+00,1.815948008279958670e-01,1.994421471102096610e-01,1.000000000000000000e+00
7.259999999999999787e+00,9.849296246319844128e-01,9.532663923178963383e-02,-7.371339011458594159e-02,1.240677334881451765e-01,9.851857043124550017e-01,9.471828811474305998e-02,-7.266950242493920575e-02,1.231126205240400395e-01,1.897434924260527733e+00,-1.402635247827246134e+00,2.026712734425341278e+00,1.779832678705549620e+00,-1.000513605602008305e+00,2.017426555225341644e+00,1.789100753018181278e-01,3.884424335506828196e+00,1.000000000000000000e+00
7.280000000000000249e+00,9.848362035374848000e-01,9.564689309196482137e-02,-7.396630434246884156e-02,1.244118558082206033e-01,9.852515948318036898e-01,9.416178069870446976e-02,-7.245708272568759933e-02,1.231374236368435321e-01,1.892738125178195396e+00,-1.427008495429363588e+00,2.005491869795159143e+00,1.564594817147732853e+00,-9.240466390437748201e-01,1.931992827352626785e+00,2.871665219707612016e-01,2.973668693554494702e+00,1.000000000000000000e+00
7.299999999999999822e+00,9.847423268562748300e-01,9.596709527644232962e-02,-7.422079809758946878e-02,1.247563202873849530e-01,9.850588037995680057e-01,9.527386944084720310e-02,-7.324388728878530874e-02,1.233587282423117687e-01,1.893677129065058917e+00,-1.436338708167499423e+00,2.006859817923261513e+00,1.786556753845108592e+00,-1.047226055837730430e+00,1.910269411059180911e+00,2.140237497089793328e-01,3.245603192560479133e+00,1.000000000000000000e+00
7.320000000000000284e+00,9.846488696134205743e-01,9.628527692990804243e-02,-7.447300978304974284e-02,1.250980408695427648e-01,9.850493213675388660e-01,9.485446222062053623e-02,-7.428047435842283219e-02,1.231376327500074558e-01,1.881581970395105108e+00,-1.423220084614709391e+00,1.991474060074547969e+00,1.646806410960408584e+00,-1.256556469155472033e+00,1.746542063678778067e+00,2.827386277661853575e-01,4.507791787185626120e+00,1.000000000000000000e+00
7.339999999999999858e+00,9.845558367754723150e-01,9.660529204173193274e-02,-7.471898243176826326e-02,1.254364200909862392e-01,9.849708484381778373e-01,9.575073893118221657e-02,-7.450829184575903652e-02,1.229338772159085380e-01,1.888645385475175464e+00,-1.384683209312382646e+00,1.976543415328443576e+00,1.802428833956466470e+00,-1.227984014844642813e+00,1.637982150138761250e+00,3.076865812412037382e-01,1.840991404493433237e+00,1.000000000000000000e+00
7.360000000000000320e+00,9.844627742296161443e-01,9.692435477812123834e-02,-7.496561793705849852e-02,1.257730962260521779e-01,9.846430126621252832e-01,9.707692127156368478e-02,-7.592219415448109299e-02,1.236528584661821667e-01,1.884494892224770624e+00,-1.388176959447444458e+00,1.966182886954088938e+00,2.077557467671153457e+00,-1.495265842684033730e+00,1.740343145901251054e+00,2.679142596151071198e-01,7.880624790325975404e+00,1.000000000000000000e+00
7.379999999999999893e+00,9.843691835820511660e-01,9.724408278235242842e-02,-7.521379712587547561e-02,1.261102037891175809e-01,9.844648597976113358e-01,9.792513564089230793e-02,-7.607024573848722437e-02,1.243097958596531549e-01,1.889467759434276584e+00,-1.396871202420670421e+00,1.968425429934719473e+00,2.187829519602061179e+00,-1.461109387685909367e+00,1.840515139045774795e+00,2.416757855277513745e-01,1.168045189186843746e+00,1.000000000000000000e+00
7.400000000000000355e+00,9.842742433611928465e-01,9.756518853281301307e-02,-7.546704369463080875e-02,1.264514656233802492e-01,9.842039493196476085e-01,9.961047515584900425e-02,-7.583002284020756711e-02,1.251804578154599168e-01,1.899861438433358751e+00,-1.427352042276918587e+00,1.990601101816794172e+00,2.478270429810458531e+00,-1.317949672190390054e+00,2.014519690487392545e+00,2.791746782248632486e-01,6.756380056102853970e+00,1.000000000000000000e+00
7.419999999999999929e+00,9.841796220025259556e-01,9.788243746020461322e-02,-7.572031470102930095e-02,1.267909066668085061e-01,9.842368274208863621e-01,9.956989232307990323e-02,-7.551339092890446691e-02,1.251456426794688992e-01,1.878737733773608420e+00,-1.429128467804620772e+00,1.978420444627183583e+00,2.354696196388247120e+00,-1.187113547611551523e+00,1.927851314127920990e+00,2.711849863992359388e-01,1.994993945016286574e+00,1.000000000000000000e+00
7.440000000000000391e+00,9.840844228414543648e-01,9.819865785167956884e-02,-7.597847876770655318e-02,1.271304176075717385e-01,9.841497317753019614e-01,9.979927639142950613e-02,-7.619158888812019303e-02,1.252367823806243008e-01,1.876786214383180162e+00,-1.457757178625346262e+00,1.976043964598599878e+00,2.331000243414274919e+00,-1.294660718042849767e+00,1.858685300731917733e+00,2.852735737252073411e-01,8.455878104359531022e-01,1.000000000000000000e+00
7.459999999999999964e+00,9.839885599383257908e-01,9.851909795015273419e-02,-7.624063525756728799e-02,1.274671204080121134e-01,9.839933430208996912e-01,9.978903402812563939e-02,-7.557835146188912612e-02,1.268351779617589159e-01,1.905082557672933774e+00,-1.475903342913920335e+00,1.960284708955094324e+00,2.186426834703677713e+00,-1.137259011143363807e+00,2.178994570668693953e+00,1.793909574795017059e-01,7.413706673383703816e+00,1.000000000000000000e+00
7.480000000000000426e+00,9.838923212767118898e-01,9.884004000965446179e-02,-7.650483834246762926e-02,1.278028025272004986e-01,9.836883648134905345e-01,1.006478472462764007e-01,-7.634267192417870662e-02,1.280586124348090660e-01,1.910065195449124342e+00,-1.486663113153028126e+00,1.953868723537991903e+00,2.306743062427565327e+00,-1.279443391277244046e+00,2.383634212015186993e+00,2.113430879042216270e-01,3.828465668537393451e+00,1.000000000000000000e+00
7.500000000000000000e+00,9.837952221840310374e-01,9.916475451993841950e-02,-7.676914467239059903e-02,1.281398091739752165e-01,9.836948523328767902e-01,1.013770961759387634e-01,-7.583968728349740895e-02,1.277319995047268564e-01,1.931313868212365170e+00,-1.485609992925923439e+00,1.963560673077631602e+00,2.372460764700891733e+00,-1.075540021744014529e+00,2.231881564766092119e+00,2.791600060048468057e-01,3.446195113373321295e+00,1.000000000000000000e+00
7.520000000000000462e+00,9.836977045113085572e-01,9.949220148039528144e-02,-7.703499005903760577e-02,1.284746601099638341e-01,9.836539455991000214e-01,1.016031852226270682e-01,-7.629963076345480655e-02,1.275933948341372304e-01,1.949031937970105544e+00,-1.491238412950503189e+00,1.952044258323998527e+00,2.343979383507410308e+00,-1.129466196130166411e+00,2.099297366639063966e+00,2.753907623680633687e-01,1.064884281232273411e+00,1.000000000000000000e+00
7.540000000000000036e+00,9.835996292296438348e-01,9.981548099616410763e-02,-7.730232296990476037e-02,1.288137803042370133e-01,9.833835734523764804e-01,1.030169220191669843e-01,-7.628794284601791986e-02,1.285473104271508404e-01,1.925071981548079902e+00,-1.505369836419031326e+00,1.973829616708939971e+00,2.569086609525830234e+00,-1.064218805415239943e+00,2.271652702184678851e+00,3.868358620282903448e-01,4.231816231283603180e+00,1.000000000000000000e+00
7.560000000000000497e+00,9.835012825083889743e-01,1.001374308543776098e-01,-7.756958314060963255e-02,1.291537146876961528e-01,9.833038097591749738e-01,1.025296475066132806e-01,-7.703895150947853709e-02,1.290979823451253450e-01,1.917319487064223615e+00,-1.506527111545257869e+00,1.978071087693139773e+00,2.361063735752340964e+00,-1.227894025558907698e+00,2.281151078930214293e+00,2.817735151687940087e-01,3.507646701626558450e+00,1.000000000000000000e+00
7.580000000000000071e+00,9.834023769337355558e-01,1.004582447232239550e-01,-7.783934876500192557e-02,1.294949492916551148e-01,9.832702789981102587e-01,1.026663122662354738e-01,-7.672416307846136041e-02,1.294317950294288644e-01,1.912514928160607530e+00,-1.522480463238346182e+00,1.983869069632233861e+00,2.278859092537262487e+00,-1.106464375581691639e+00,2.275851511804178440e+00,2.839615563162002365e-01,1.076536627983890382e+00,1.000000000000000000e+00
7.600000000000000533e+00,9.833033382533071798e-01,1.007782633975429082e-01,-7.810870565036566460e-02,1.298357297052786796e-01,9.831407636665445704e-01,1.025124107982788024e-01,-7.715147858967984218e-02,1.302808266818825667e-01,1.908010331273813476e+00,-1.520565365468132590e+00,1.981289317822250373e+00,2.147604873535103209e+00,-1.189617778968633965e+00,2.371811267974625270e+00,2.333871432468704876e-01,1.667515621323377939e+00,1.000000000000000000e+00
7.620000000000000107e+00,9.832046734142684263e-01,1.011000072531796495e-01,-7.837539449482022746e-02,1.301716414874229677e-01,9.830382234015911935e-01,1.025014068350138252e-01,-7.763468810141653520e-02,1.307752581021433824e-01,1.917708082025798122e+00,-1.501271948327671080e+00,1.955894408673054752e+00,2.063365704303130155e+00,-1.268624400744321257e+00,2.380214065206990970e+00,1.952979767280158263e-01,6.704421268638266485e-01,1.000000000000000000e+00
7.640000000000000568e+00,9.831054632549375283e-01,1.014205428991434010e-01,-7.864301961135658492e-02,1.305097584962350010e-01,9.827833543112163284e-01,1.028146207374168869e-01,-7.850271613023740436e-02,1.319217791404840856e-01,1.910925723157300027e+00,-1.508969693442601789e+00,1.967639032524907128e+00,2.063195752647943859e+00,-1.444044862711712618e+00,2.544010125638561437e+00,2.309153818122675894e-01,2.880066413481715326e+00,1.000000000000000000e+00
7.660000000000000142e+00,9.830052907675350671e-01,1.017435885100434340e-01,-7.891221817180520126e-02,1.308499229779607476e-01,9.828036275363535301e-01,1.027214584774271411e-01,-7.810044227562638885e-02,1.320819919065669423e-01,1.925877003911929286e+00,-1.517579088145132538e+00,1.980108238756197236e+00,1.937860477440646489e+00,-1.294933101719046631e+00,2.482457857340519602e+00,2.041490521045267459e-01,2.086588447525501877e+00,1.000000000000000000e+00
7.679999999999999716e+00,9.829052210803954637e-01,1.020642513091024606e-01,-7.918228209468425316e-02,1.311883423932529436e-01,9.827049420917045586e-01,1.030985577470082820e-01,-7.830726436453910866e-02,1.323996092394870983e-01,1.913834367980589368e+00,-1.523175654082383534e+00,1.968620783198942403e+00,1.948704257721958655e+00,-1.287160773878136100e+00,2.458408110333751839e+00,2.095091551664609864e-01,3.781923325409877745e-02,1.000000000000000000e+00
7.700000000000000178e+00,9.828042119794090370e-01,1.023822127744764554e-01,-7.946152693071818762e-02,1.315280546528905525e-01,9.826478527007300734e-01,1.023708657012991075e-01,-7.826322341791606962e-02,1.334101619009893380e-01,1.905485136295664406e+00,-1.578091881235485383e+00,1.970013317428783717e+00,1.675464780496461525e+00,-1.272412934132570284e+00,2.583323577804044202e+00,2.563072264100648701e-01,4.524047054608727692e+00,1.000000000000000000e+00
7.719999999999999751e+00,9.827028105945769809e-01,1.027006761914965732e-01,-7.974189206164367105e-02,1.318673113768449867e-01,9.825806985037189856e-01,1.025263118217624586e-01,-7.890438604536861855e-02,1.334077365634174228e-01,1.909593420874435177e+00,-1.583933430159749189e+00,1.967315153370927217e+00,1.664349386904132810e+00,-1.367037619472355692e+00,2.463556611693961784e+00,2.023974101412704119e-01,1.171070852389464623e+00,1.000000000000000000e+00
7.740000000000000213e+00,9.826016125570117277e-01,1.030171384390176359e-01,-8.001886140339418974e-02,1.322063614501993445e-01,9.824129161844060709e-01,1.033439374321634546e-01,-7.941024329136359139e-02,1.337120262746574473e-01,1.895734981405409192e+00,-1.566110996459792792e+00,1.967081854273105446e+00,1.802561490674182920e+00,-1.413550270417625709e+00,2.440593996896077922e+00,1.910570571024182429e-01,1.089662108029003651e+00,1.000000000000000000e+00
7.759999999999999787e+00,9.824999742552138482e-01,1.033334646076931734e-01,-8.029433401905024248e-02,1.325474088962593777e-01,9.823340737605367190e-01,1.036751278977564306e-01,-8.013864808696478936e-02,1.336002712093275757e-01,1.893179241708156546e+00,-1.559168455634384332e+00,1.979481389065411490e+00,1.832941890864201673e+00,-1.514558589373968367e+00,2.302384472276342020e+00,1.294942455811913529e-01,1.511372103270209211e+00,1.000000000000000000e+00
7.780000000000000249e+00,9.823976305991690694e-01,1.036538686809497095e-01,-8.057115703100602155e-02,1.328873942678390208e-01,9.821625865818685019e-01,1.048753079923558790e-01,-7.988987038647685224e-02,1.340724874907383568e-01,1.918066799776668052e+00,-1.563369020767596762e+00,1.975114856811559294e+00,2.026849646321528198e+00,-1.368402084221375548e+00,2.352403926625978414e+00,2.117854797390079924e-01,3.073186100173853852e+00,1.000000000000000000e+00
7.799999999999999822e+00,9.822954566297679158e-01,1.039741156280986484e-01,-8.084165777060775548e-02,1.332277956462939172e-01,9.821377391807637469e-01,1.053481280210622623e-01,-8.040480102851130240e-02,1.335750769077878319e-01,1.912075851745451027e+00,-1.528071056887533752e+00,1.981009463625708955e+00,2.080459585269745393e+00,-1.405169037551666777e+00,2.132774609114632014e+00,1.709002909806977555e-01,2.623135782194645493e+00,1.000000000000000000e+00
7.820000000000000284e+00,9.821932998307051355e-01,1.042911236297148214e-01,-8.111051536959061614e-02,1.335693362871935297e-01,9.821125147303263470e-01,1.053014917292364738e-01,-8.140630279133370673e-02,1.331901577276550785e-01,1.892054420770094669e+00,-1.521966384011485429e+00,1.986886905077529741e+00,2.022401772377795393e+00,-1.575048267941321800e+00,1.926420720171413636e+00,1.285590969741174927e-01,3.740570051594097833e+00,1.000000000000000000e+00
7.839999999999999858e+00,9.820903129528553155e-01,1.046069388660448712e-01,-8.138273269434437296e-02,1.339136153064330315e-01,9.820083454028560865e-01,1.064464250161708536e-01,-8.013393260459444889e-02,1.338182386886929975e-01,1.887136660805226240e+00,-1.543808302991223513e+00,2.000370635116747842e+00,2.157904072693818343e+00,-1.189335518161379612e+00,2.052418760255800834e+00,2.551825219996201044e-01,9.150510549306028807e+00,1.000000000000000000e+00
7.860000000000000320e+00,9.819882182436258100e-01,1.049201574283879779e-01,-8.165790419753944651e-02,1.342493444228953781e-01,9.818647463478956672e-01,1.063664451117346949e-01,-8.045126557877763096e-02,1.347419500387612989e-01,1.878243916732263985e+00,-1.556883277779799846e+00,1.948594713782853649e+00,2.044394379032263842e+00,-1.243513819814088039e+00,2.179535626950928950e+00,2.235455360702239269e-01,1.598913587047775753e+00,1.000000000000000000e+00
7.879999999999999893e+00,9.818857143272653465e-01,1.052351695804886050e-01,-8.193169515057087404e-02,1.345852904784020088e-01,9.818751133440627443e-01,1.070243380432008701e-01,-8.008631290199787200e-02,1.343623286035265096e-01,1.887417919030069058e+00,-1.548058031674103496e+00,1.951799127831086889e+00,2.109223116563558875e+00,-1.073578494209900036e+00,2.020000413833001218e+00,2.956459447380855310e-01,2.926601164554196721e+00,1.000000000000000000e+00
7.900000000000000355e+00,9.817821740583632106e-01,1.055488326372983343e-01,-8.220842379864566618e-02,1.349258377282866739e-01,9.818206296531105659e-01,1.079587921383406146e-01,-8.019109268806098867e-02,1.339497631244444265e-01,1.880558413259131756e+00,-1.568886005146318707e+00,1.976079032479601816e+00,2.254185483819652891e+00,-1.013340102051139668e+00,1.854564206029998719e+00,3.771392546887546993e-01,2.600585564646977765e+00,1.000000000000000000e+00
7.919999999999999929e+00,9.816782104062518055e-01,1.058628428462375926e-01,-8.248576946490585038e-02,1.352665795896172696e-01,9.817822844603388832e-01,1.080642036040359300e-01,-8.027390669697817560e-02,1.340961361220691095e-01,1.883152585311565375e+00,-1.572405595542666568e+00,1.977291438208418572e+00,2.185186901483201716e+00,-9.913513482936449073e-01,1.812432273855628662e+00,3.821092557857658223e-01,3.509692912664817976e-01,1.000000000000000000e+00
7.940000000000000391e+00,9.815738686362655008e-01,1.061790394716828623e-01,-8.276285362036613080e-02,1.356062758426764825e-01,9.816010427932075899e-01,1.082010197035639665e-01,-8.083281009372167425e-02,1.349740305938474105e-01,1.895971142902924678e+00,-1.568784672668868563e+00,1.972895295625090029e+00,2.131476206628998060e+00,-1.103825870851963931e+00,1.937714256321285466e+00,3.284192919130295985e-01,1.561543238608598116e+00,1.000000000000000000e+00
7.959999999999999964e+00,9.814695088632181541e-01,1.064945260765011587e-01,-8.303916767075658623e-02,1.359448995736239063e-01,9.817092600807451053e-01,1.075994949890010516e-01,-8.064613765432593340e-02,1.347793672312918856e-01,1.891899175628388274e+00,-1.564361316712125971e+00,1.967009226797969967e+00,1.894573409277143350e+00,-1.025475784854453121e+00,1.800026555590265920e+00,3.313955608170400247e-01,4.060972037767709431e+00,1.000000000000000000e+00
7.980000000000000426e+00,9.813653457808734215e-01,1.068115153163922276e-01,-8.331508063510234541e-02,1.362789625546409478e-01,9.816929763184669699e-01,1.072356275289455679e-01,-8.129381707026053783e-02,1.347988714404179666e-01,1.902086590154588475e+00,-1.558059025073768478e+00,1.942168725182755074e+00,1.749807171923104754e+00,-1.148023647675171954e+00,1.705781655244784201e+00,2.935734798143984081e-01,2.242863207709695494e+00,1.000000000000000000e+00
8.000000000000000000e+00,9.812614683635237922e-01,1.071256476245396883e-01,-8.358871260732569919e-02,1.366124205580671325e-01,9.815099332136327792e-01,1.076942385772440836e-01,-8.191740644255213200e-02,1.353873720180854001e-01,1.884355529116289230e+00,-1.546957589875287420e+00,1.938576144158819181e+00,1.798013412715652182e+00,-1.251095925583313839e+00,1.772112044404678732e+00,2.478740314226147434e-01,8.673715077101590287e-01,1.000000000000000000e+00
8.019999999999999574e+00,9.811572978165431502e-01,1.074379364701447126e-01,-8.386195617434544225e-02,1.369475047417398061e-01,9.814546797622226704e-01,1.078911628133958078e-01,-8.260142152327473730e-02,1.352154344812036002e-01,1.873088265621144277e+00,-1.547355341495760372e+00,1.947303831064550961e+00,1.796078787729607829e+00,-1.350468243447955130e+00,1.644981743608877167e+00,2.532153801809009508e-01,1.302033668529203991e+00,1.000000000000000000e+00
8.040000000000000924e+00,9.810529590496368524e-01,1.077506911650825683e-01,-8.413442172429358434e-02,1.372817510615211567e-01,9.812188903431700027e-01,1.078898112304029350e-01,-8.243852532529276356e-02,1.370152086761805277e-01,1.875602760051046758e+00,-1.542181158917677264e+00,1.943428439316814194e+00,1.685065584448654175e+00,-1.306393770542203514e+00,2.013017244158199937e+00,1.982797508711240664e-01,7.485823738300188879e+00,1.000000000000000000e+00
8.060000000000000497e+00,9.809483552196390788e-01,1.080628414379288804e-01,-8.440578245357709120e-02,1.376168978746629412e-01,9.813217425350867495e-01,1.067253151935997346e-01,-8.258064375561756376e-02,1.371050035616333262e-01,1.871065830362214299e+00,-1.537130067246260445e+00,1.949089334059282752e+00,1.339353306408801458e+00,-1.323986186834895884e+00,1.919250702811464260e+00,2.692673452916930499e-01,6.430919315045994900e+00,1.000000000000000000e+00
8.080000000000000071e+00,9.808432942592879566e-01,1.083782525493544729e-01,-8.467848939337163650e-02,1.379497731603538668e-01,9.812648099180978356e-01,1.069313520586120114e-01,-8.288008438869902406e-02,1.371712447090815135e-01,1.891836150119967641e+00,-1.540939854562640710e+00,1.937426296968169037e+00,1.341820914500059025e+00,-1.335276592628634296e+00,1.852541324250996269e+00,2.832884747611507659e-01,2.291848263791689266e-01,1.000000000000000000e+00
8.099999999999999645e+00,9.807377386574372968e-01,1.086929573134339383e-01,-8.495469339406550024e-02,1.382824250361436025e-01,9.811310687413736797e-01,1.078952293657474137e-01,-8.218502738665942053e-02,1.377899368748565223e-01,1.891046208429826514e+00,-1.561252252035780996e+00,1.934047495264533012e+00,1.481328593174790376e+00,-1.101483288337339550e+00,1.962068545007360720e+00,3.380874201774213827e-01,4.305887997945336387e+00,1.000000000000000000e+00
8.120000000000000995e+00,9.806317083192717110e-01,1.090089831679607046e-01,-8.522764118202162675e-02,1.386172550805380155e-01,9.809654068943397531e-01,1.092172105289868633e-01,-8.214182867526542697e-02,1.379535841606622237e-01,1.895125216328205520e+00,-1.543495764166764594e+00,1.949334125163934228e+00,1.731033376094503584e+00,-1.008596644628794392e+00,1.950846546004281423e+00,3.644915912894804433e-01,3.555313379087672310e+00,1.000000000000000000e+00
8.140000000000000568e+00,9.805252422334022055e-01,1.093257724693364047e-01,-8.550011117010460071e-02,1.389527106860843075e-01,9.809581260145721071e-01,1.094499806750844073e-01,-8.315271952638604580e-02,1.372132718492228842e-01,1.899001930517719039e+00,-1.540808345341801555e+00,1.953866213216511660e+00,1.761524953412754391e+00,-1.177975654348316858e+00,1.672204987683853616e+00,3.387477940440359325e-01,5.362997926550632677e+00,1.000000000000000000e+00
8.160000000000000142e+00,9.804181966141289895e-01,1.096400830220453648e-01,-8.577749261737760422e-02,1.392890293709234950e-01,9.806984245727957683e-01,1.096435636092282923e-01,-8.444229727660834683e-02,1.381245359454818522e-01,1.888926751339674359e+00,-1.571198862667316121e+00,1.954885599827247855e+00,1.764169213918884038e+00,-1.455948357310929753e+00,1.795644798649414398e+00,2.055420020129888059e-01,4.625649843639614289e+00,1.000000000000000000e+00
8.179999999999999716e+00,9.803100190133514635e-01,1.099569948524173196e-01,-8.605443951733512953e-02,1.396293641911509620e-01,9.803213875887382134e-01,1.109271119408116596e-01,-8.555762250188812812e-02,1.390864698825368395e-01,1.901929622610402548e+00,-1.569761085830917224e+00,1.979900594354945698e+00,2.020408673972719171e+00,-1.648635477112893932e+00,1.956833721518906000e+00,1.395393026804135350e-01,6.438432976459315782e+00,1.000000000000000000e+00
8.199999999999999289e+00,9.802011675858604001e-01,1.102753679303334344e-01,-8.633017867951191249e-02,1.399718348108260901e-01,9.802904831565592003e-01,1.106986505882962823e-01,-8.621110772779780329e-02,1.390827893556788042e-01,1.908542340791109293e+00,-1.563486289182716371e+00,1.993917307119642990e+00,1.904570081680778015e+00,-1.741735592944750888e+00,1.852262458745941753e+00,1.141164673246793521e-01,1.651064274355044104e+00,1.000000000000000000e+00
8.220000000000000639e+00,9.800927452526819739e-01,1.105914059862834753e-01,-8.660628685176913200e-02,1.403107362349284015e-01,9.802739797097798080e-01,1.104413975930660236e-01,-8.612962853254586826e-02,1.394536105322709829e-01,1.897218805190674429e+00,-1.564963965195403928e+00,1.972139944596266847e+00,1.753784571010984061e+00,-1.668134070516306355e+00,1.859061775280134166e+00,1.155737627097418868e-01,1.409983478053345562e+00,1.000000000000000000e+00
8.240000000000000213e+00,9.799837739468781894e-01,1.109075213546587280e-01,-8.688758394851470168e-02,1.406480439373041513e-01,9.802370444620118750e-01,1.104105768721515973e-01,-8.643407003155026413e-02,1.395492483566994624e-01,1.902963127054145831e+00,-1.593302872443616236e+00,1.960382145603864812e+00,1.682121678175464430e+00,-1.674236971312298206e+00,1.795882991132761841e+00,1.504655950032662559e-01,4.582187580856527109e-01,1.000000000000000000e+00
8.259999999999999787e+00,9.798742126926168750e-01,1.112259794912464211e-01,-8.716934269087095455e-02,1.409851569530591597e-01,9.801852704300713093e-01,1.107687846872313503e-01,-8.640249857861675986e-02,1.396485596424607289e-01,1.916961346451742321e+00,-1.594177014187117880e+00,1.960637358012828457e+00,1.694312775437393226e+00,-1.588106043506386733e+00,1.753873734170348531e+00,1.876059067107874179e-01,4.665969869402665782e-01,1.000000000000000000e+00
8.279999999999999361e+00,9.797640716843779574e-01,1.115474876955842853e-01,-8.745026388024611241e-02,1.413222316995029204e-01,9.800023298677107420e-01,1.112012464252600252e-01,-8.639610540318846954e-02,1.405895772043168623e-01,1.933797253185841614e+00,-1.587276135146778344e+00,1.962947912061053346e+00,1.710098235694121227e+00,-1.534186437974324857e+00,1.917616837457474244e+00,1.547912246896066546e-01,1.498415828176647757e+00,1.000000000000000000e+00
8.300000000000000711e+00,9.796531131058997532e-01,1.118717264623079605e-01,-8.773028772409074971e-02,1.416611852841498098e-01,9.799346862634693567e-01,1.116799670394724997e-01,-8.606947819199510519e-02,1.408816543895476947e-01,1.947980166441616534e+00,-1.581638232779615238e+00,1.976098693385112792e+00,1.735815147728771324e+00,-1.385624073072467599e+00,1.926957056003868018e+00,2.138295946370809275e-01,1.140969226863683961e+00,1.000000000000000000e+00
8.320000000000000284e+00,9.795427277938166810e-01,1.121911295530914204e-01,-8.800605205072715986e-02,1.420004566129800250e-01,9.799434047742259235e-01,1.112838040656320832e-01,-8.651970570788891646e-02,1.408587197031127280e-01,1.916853077320753940e+00,-1.561569994275330053e+00,1.977716459705492147e+00,1.584925808429896721e+00,-1.446333008252526753e+00,1.819898048466592533e+00,2.429927962199145697e-01,1.895741301845884408e+00,1.000000000000000000e+00
8.339999999999999858e+00,9.794321242650030346e-01,1.125157078172604325e-01,-8.828175473589389144e-02,1.423350316432188400e-01,9.796057356551862716e-01,1.119895866488980901e-01,-8.703488690382682469e-02,1.423230958604696228e-01,1.948356218070244505e+00,-1.554104720061579847e+00,1.954185792085830986e+00,1.680753262899128853e+00,-1.529315577897047307e+00,2.101433551090662100e+00,1.563562473716929579e-01,4.766567571740517373e+00,1.000000000000000000e+00
8.359999999999999432e+00,9.793209869677750312e-01,1.128367302597456656e-01,-8.856278042539175721e-02,1.426706371755467329e-01,9.796559546525785978e-01,1.119843028809974494e-01,-8.773684879325495400e-02,1.415484785712352866e-01,1.932565769068937067e+00,-1.587810162611399845e+00,1.955173829781750028e+00,1.648117134143308959e+00,-1.608935666070133719e+00,1.809577743800679928e+00,1.910705381418175419e-01,4.629217228087999736e+00,1.000000000000000000e+00
8.380000000000000782e+00,9.792105264185765323e-01,1.131589950087831115e-01,-8.884021229416212695e-02,1.430007114639103294e-01,9.792354960581203249e-01,1.130446257135118704e-01,-8.834195354944557321e-02,1.432286811367293189e-01,1.938967909336898776e+00,-1.562709985393760936e+00,1.926538093568168852e+00,1.825100665562345181e+00,-1.702078800285027560e+00,2.150544915308791882e+00,6.420561833368544635e-02,7.812878855234079545e+00,1.000000000000000000e+00
8.400000000000000355e+00,9.790991820226099263e-01,1.134825299215143773e-01,-8.911793451552481315e-02,1.433335303163763841e-01,9.789969552773253314e-01,1.136358664830616760e-01,-8.899857594482489531e-02,1.439830020737304095e-01,1.945508028152631352e+00,-1.565527650963948636e+00,1.943118820056492391e+00,1.900904128587482367e+00,-1.790555663362144223e+00,2.241025557234630927e+00,7.856189185478969217e-02,1.088053566587646959e+00,1.000000000000000000e+00
8.419999999999999929e+00,9.789865085368678610e-01,1.138045237373054713e-01,-8.939941849336392743e-02,1.436721631102104713e-01,9.788481108338058512e-01,1.137137569160795725e-01,-8.960091792200375327e-02,1.445587524595263185e-01,1.937847590097454553e+00,-1.592354970471102860e+00,1.973592702955203615e+00,1.852067742585632670e+00,-1.873657916700313564e+00,2.272770973423010155e+00,1.058986777860058404e-01,5.149367916599681960e-01,1.000000000000000000e+00
8.439999999999999503e+00,9.788738679125416065e-01,1.141218589640802528e-01,-8.968390623819834373e-02,1.440102391720136377e-01,9.786818343141806542e-01,1.138027366646090777e-01,-8.974940413122724225e-02,1.455192384846963893e-01,1.914453112229648868e+00,-1.612658650194086496e+00,1.966098002454172322e+00,1.783917783246988131e+00,-1.856892163482215308e+00,2.407186608611488143e+00,1.782657734688373463e-01,1.149654069758958119e+00,1.000000000000000000e+00
8.460000000000000853e+00,9.787609559564890427e-01,1.144382712471743446e-01,-8.996674499797394087e-02,1.443497764583217824e-01,9.787308696189895851e-01,1.134988430575807339e-01,-8.990297153156791288e-02,1.453318725856148907e-01,1.907342707632623258e+00,-1.605266673102838659e+00,1.975121177467725087e+00,1.645583581427971342e+00,-1.819726107311868901e+00,2.249131892719741899e+00,1.559460463002692865e-01,2.274950082766640236e+00,1.000000000000000000e+00
8.480000000000000426e+00,9.786475240049357094e-01,1.147575501883918159e-01,-9.024878697156643592e-02,1.446889245378802924e-01,9.787696320439479569e-01,1.130809622175974888e-01,-9.009048467539265692e-02,1.452804458399343246e-01,1.923301188800839778e+00,-1.598440324931751366e+00,1.975368739183144040e+00,1.484682458262167826e+00,-1.800053510287876080e+00,2.126713249176208631e+00,2.050137313395844485e-01,2.063127587523742257e+00,1.000000000000000000e+00
8.500000000000000000e+00,9.785338567284247446e-01,1.150783652374773314e-01,-9.053161822328646691e-02,1.450258156065246384e-01,9.786741123805438036e-01,1.140027014168613767e-01,-9.012132841150115314e-02,1.451844068457730230e-01,1.933890628407623602e+00,-1.600230222467233787e+00,1.963183570739832184e+00,1.645346426433157649e+00,-1.698829425147624361e+00,2.037299474289699042e+00,1.341364253676360641e-01,2.202703590950795043e+00,1.000000000000000000e+00
8.519999999999999574e+00,9.784195823738850439e-01,1.154019348889039620e-01,-9.081572014302384532e-02,1.453616841747294997e-01,9.785410591600174346e-01,1.143478290031803152e-01,-9.089862527956359128e-02,1.453251852313846848e-01,1.951321045897800976e+00,-1.604706142594998886e+00,1.958546296523889563e+00,1.685390680869367719e+00,-1.805304519324038015e+00,1.975691189699406936e+00,1.220333590076849023e-01,8.368037617715166077e-01,1.000000000000000000e+00
8.540000000000000924e+00,9.783048449845582750e-01,1.157259964480568948e-01,-9.109535982325846215e-02,1.457009246522309731e-01,9.785212671825260777e-01,1.146975736775672633e-01,-9.029545314217804486e-02,1.455586734132706395e-01,1.948913856717526816e+00,-1.581751897450131006e+00,1.981041042653301831e+00,1.671276380662254590e+00,-1.581904024835453004e+00,1.972633743958335462e+00,1.522204843638293448e-01,2.505818943736082716e+00,1.000000000000000000e+00
8.560000000000000497e+00,9.781897869381024346e-01,1.160514033934219036e-01,-9.137276480613028273e-02,1.460405092845492303e-01,9.783480318534703013e-01,1.163494216698055667e-01,-9.077626689055112719e-02,1.451124047590631461e-01,1.954622566884699264e+00,-1.568498229943522171e+00,1.985421760046305106e+00,2.021666905143409743e+00,-1.562211082242271454e+00,1.813333211266855427e+00,1.322053035751973860e-01,7.426905952157124347e+00,1.000000000000000000e+00
8.580000000000000071e+00,9.780740442559706649e-01,1.163798869004049191e-01,-9.165178805205859147e-02,1.463790819232002050e-01,9.784021239206390774e-01,1.151363259421930157e-01,-9.025375125811078980e-02,1.460382509480133428e-01,1.974204631502412211e+00,-1.574679182346202744e+00,1.980857435076082584e+00,1.610901395089233024e+00,-1.440567197597350635e+00,1.941616552371616677e+00,2.211573719195326360e-01,9.999116954611082519e+00,1.000000000000000000e+00
8.599999999999999645e+00,9.779573364338222108e-01,1.167111603592271701e-01,-9.192806808064225843e-02,1.467214485405164970e-01,9.783821727147035130e-01,1.155241071620625171e-01,-9.014551893029355834e-02,1.459324850581676936e-01,1.986189923602941887e+00,-1.560003093898311599e+00,2.006222438122842178e+00,1.633568071899316410e+00,-1.338401066843877940e+00,1.847180983605921645e+00,2.660284056264954344e-01,9.934855133308866382e-01,1.000000000000000000e+00
8.620000000000000995e+00,9.778405315783175178e-01,1.170419911310345562e-01,-9.220135802529089153e-02,1.470645324101242379e-01,9.783657973962874843e-01,1.151844473322756468e-01,-9.022800090503997616e-02,1.462594182627737771e-01,1.980882905847978659e+00,-1.544151691583369290e+00,2.012089295555826496e+00,1.481128721583163665e+00,-1.322925041887234032e+00,1.837585980282747888e+00,3.295125252502004165e-01,1.178466767281155070e+00,1.000000000000000000e+00
8.640000000000000568e+00,9.777239310333691868e-01,1.173707589398840928e-01,-9.247331599469735264e-02,1.474065991042331769e-01,9.781226840312128301e-01,1.147240600664328480e-01,-9.098191505871966456e-02,1.477724472210486806e-01,1.968602911480767714e+00,-1.537637385828657610e+00,2.006021710093493837e+00,1.310948508250070699e+00,-1.508195277212603491e+00,2.094739947357492582e+00,3.536063801823404185e-01,6.470724089209916485e+00,1.000000000000000000e+00
8.660000000000000142e+00,9.776073097418965796e-01,1.176958461107418252e-01,-9.274390275764095304e-02,1.477504796904880735e-01,9.779073098465329572e-01,1.153975916636457572e-01,-9.210244508357201543e-02,1.479791498711056363e-01,1.945878977738853655e+00,-1.534295353022450348e+00,2.015172548808118247e+00,1.455955534671209195e+00,-1.695160281687895232e+00,2.047108757179427307e+00,2.768218629859156565e-01,2.912580794313212706e+00,1.000000000000000000e+00
8.679999999999999716e+00,9.774907860303979623e-01,1.180214102373635804e-01,-9.301266597466394115e-02,1.480923830571453381e-01,9.778086953206638343e-01,1.153285367899487268e-01,-9.171606524674955074e-02,1.489216147268248580e-01,1.947991678615782485e+00,-1.522292214115267939e+00,2.005498136339909365e+00,1.346356933007909706e+00,-1.563726773521994184e+00,2.195566190506408777e+00,3.572875908218428598e-01,2.566310682796803633e+00,1.000000000000000000e+00
8.700000000000001066e+00,9.773735391717575105e-01,1.183477478563694923e-01,-9.328297609731847628e-02,1.484353794572756402e-01,9.778144910523323130e-01,1.158427895633468707e-01,-9.171074804957601856e-02,1.484870630271801495e-01,1.953542766956517962e+00,-1.531424021465732643e+00,2.011599561171241390e+00,1.420054596502302147e+00,-1.466201011099308893e+00,2.012177860191314505e+00,3.427002971387151375e-01,2.428693964519410997e+00,1.000000000000000000e+00
8.720000000000000639e+00,9.772563455333502791e-01,1.186740134390373153e-01,-9.355405329022012384e-02,1.487755112982071803e-01,9.776958409490069668e-01,1.163886358361653078e-01,-9.211220314909081275e-02,1.485929677684355299e-01,1.955286678538602940e+00,-1.533809979195724260e+00,1.994954305451529963e+00,1.504233623847149204e+00,-1.485167427053107225e+00,1.957642653735252036e+00,3.144148007201020834e-01,5.209961803845055694e-01,1.000000000000000000e+00
8.740000000000000213e+00,9.771383986522700349e-01,1.190006896239406420e-01,-9.382890225828457997e-02,1.491158034861135573e-01,9.774503950183698331e-01,1.171469355448903765e-01,-9.229083304870494553e-02,1.494982371335872029e-01,1.961227109786892076e+00,-1.555091934356666483e+00,1.994149678553957195e+00,1.612739220067614498e+00,-1.468443441860550536e+00,2.109105712744914207e+00,2.817568843991851146e-01,1.749709531266030016e+00,1.000000000000000000e+00
8.759999999999999787e+00,9.770200571821275881e-01,1.193237261132546606e-01,-9.410703593062889893e-02,1.494574255051669687e-01,9.773412805965321359e-01,1.180326834262699076e-01,-9.149723162177747504e-02,1.500018782904909420e-01,1.943210421174161873e+00,-1.577710140726157562e+00,1.997735694684831032e+00,1.716569290456697372e+00,-1.204598156580018786e+00,2.185088162265722111e+00,3.414268843894318617e-01,4.308421524211713205e+00,1.000000000000000000e+00
8.779999999999999361e+00,9.769022150144821559e-01,1.196445972063399643e-01,-9.438300092091876647e-02,1.497968016891318699e-01,9.774085500364727563e-01,1.178543534775677720e-01,-9.033586111329815205e-02,1.504071470339870820e-01,1.930101196713623679e+00,-1.565619694702630849e+00,1.985051242468630184e+00,1.549364224777528110e+00,-8.972869467588445724e-01,2.215679370224768796e+00,5.151938095178240085e-01,6.166678146406785466e+00,1.000000000000000000e+00
8.800000000000000711e+00,9.767832746156497326e-01,1.199679284645348704e-01,-9.465720813859269944e-02,1.501404126758143220e-01,9.773936524134507753e-01,1.184825517011321161e-01,-9.024416867309137391e-02,1.500650631718984107e-01,1.940825456190731879e+00,-1.557166440912165939e+00,2.012232394079972675e+00,1.636210476275790304e+00,-8.057527582241029718e-01,2.058646200181692976e+00,5.382088813450532916e-01,2.029007857741478738e+00,1.000000000000000000e+00
8.820000000000000284e+00,9.766642414064803379e-01,1.202885885721518694e-01,-9.492672747232362707e-02,1.504876454351627979e-01,9.772066497367660753e-01,1.192042107907446968e-01,-9.065622203183593131e-02,1.504625177474959163e-01,1.919943041332510258e+00,-1.535768085758451917e+00,2.034355289856107696e+00,1.748955755845981397e+00,-8.581599748732445798e-01,2.076069375256574645e+00,5.087137674224344597e-01,7.880789397649545780e-01,1.000000000000000000e+00
8.839999999999999858e+00,9.765452457757491933e-01,1.206082218623389657e-01,-9.519180470540160310e-02,1.508362028457196913e-01,9.769539651301936134e-01,1.199674302084674238e-01,-9.092407229910197397e-02,1.513326758572541286e-01,1.909620619905995076e+00,-1.512688517258655940e+00,2.044238502078584929e+00,1.853298469502249857e+00,-8.880269741124083849e-01,2.211490599795246759e+00,4.999886054271756586e-01,1.505919087547054058e+00,1.000000000000000000e+00
8.859999999999999432e+00,9.764264383122395197e-01,1.209291122489091624e-01,-9.545551565543479444e-02,1.511813642831687510e-01,9.769318308142321827e-01,1.207843994590661330e-01,-9.030700756866058554e-02,1.511951426906938678e-01,1.917195699403953180e+00,-1.501508120714788008e+00,2.026704538955466539e+00,1.948410609453821163e+00,-6.720545612319667184e-01,2.122800541018546205e+00,5.930458994381579974e-01,3.177819828298198424e+00,1.000000000000000000e+00
8.880000000000000782e+00,9.763072169191049365e-01,1.212502285727541096e-01,-9.571656328245464751e-02,1.515286764151348442e-01,9.766146506017162610e-01,1.213747347288053752e-01,-9.176346403504155591e-02,1.518929381764979325e-01,1.915263266377844831e+00,-1.488128965081137789e+00,2.041064086439551950e+00,2.052815254820966384e+00,-9.921923329947202053e-01,2.179039768623570961e+00,4.564962771525550300e-01,5.827577353310623209e+00,1.000000000000000000e+00
8.900000000000000355e+00,9.761876482989952919e-01,1.215680925184607908e-01,-9.597904598151214828e-02,1.518779013628344388e-01,9.762631161137987901e-01,1.217961622140698863e-01,-9.158029240214062006e-02,1.539125499406658881e-01,1.897508148654942550e+00,-1.500499493855708355e+00,2.049284893233128457e+00,2.024934638445111457e+00,-9.595665531842575424e-01,2.590065129505184416e+00,5.560535213033098723e-01,8.539184125524675650e+00,1.000000000000000000e+00
8.919999999999999929e+00,9.760680718581314919e-01,1.218879678691436319e-01,-9.624024609197474878e-02,1.522243653954136466e-01,9.761650862144989338e-01,1.216621352883335561e-01,-9.267214405202320315e-02,1.539867624496484011e-01,1.909165849410701554e+00,-1.489656704060491332e+00,2.035848981048768103e+00,1.950450509405782462e+00,-1.185231226389804826e+00,2.467009598276976856e+00,4.569003968415220607e-01,3.580752422868391349e+00,1.000000000000000000e+00
8.939999999999999503e+00,9.759484638547285540e-01,1.222047008549413116e-01,-9.650273417540868037e-02,1.525707353499366203e-01,9.761427495517384090e-01,1.212734552730695275e-01,-9.395458889729227381e-02,1.536574657113803921e-01,1.892789568571750403e+00,-1.499552054316482863e+00,2.032718153518997983e+00,1.833122523901606460e+00,-1.442100676838290241e+00,2.240168419345418993e+00,3.356378476802439614e-01,6.560237141524536852e+00,1.000000000000000000e+00
8.960000000000000853e+00,9.758280184561092252e-01,1.225228394341775079e-01,-9.676489326913280398e-02,1.529195463098938779e-01,9.758570445448099262e-01,1.222406737531532561e-01,-9.463964617100405208e-02,1.542841004940929128e-01,1.899598385257656341e+00,-1.498655856346053250e+00,2.048107258443720546e+00,2.002959728320508059e+00,-1.531419279145181278e+00,2.305894634623956829e+00,2.912327465753691280e-01,2.057117379850816885e+00,1.000000000000000000e+00
8.980000000000000426e+00,9.757078378202141966e-01,1.228384774196091545e-01,-9.702023029187362146e-02,1.532709972419664946e-01,9.756444562083224081e-01,1.224019306718394234e-01,-9.567003583914554521e-02,1.548641555696792793e-01,1.877990577059278188e+00,-1.464410503290477505e+00,2.066038322931539994e+00,1.988154632331154081e+00,-1.725176493898510577e+00,2.326259815967155475e+00,2.445871006692082461e-01,1.908789028398964582e+00,1.000000000000000000e+00
9.000000000000000000e+00,9.755874651135684195e-01,1.231491788237384644e-01,-9.727653743749656301e-02,1.536250400569257879e-01,9.754014285914073268e-01,1.228172388506860863e-01,-9.628361034623045267e-02,1.556837991623742368e-01,1.849939474132028305e+00,-1.476100039832072941e+00,2.077269686316607800e+00,2.013224216511121600e+00,-1.811187344265529964e+00,2.421563393831864808e+00,2.655259614555700032e-01,8.554561752824830778e-01,1.000000000000000000e+00
9.019999999999999574e+00,9.754674068249034047e-01,1.234571781694570602e-01,-9.753183099293279146e-02,1.539779377829805229e-01,9.754494495330867654e-01,1.226963976960548791e-01,-9.641139442454994823e-02,1.553988687961516679e-01,1.834359963968607232e+00,-1.471829530594641389e+00,2.069801403796568628e+00,1.910526586045362851e+00,-1.759991269000922731e+00,2.244295725530220498e+00,2.249480369302131189e-01,2.229586213812551954e+00,1.000000000000000000e+00
9.040000000000000924e+00,9.753454869104798419e-01,1.237702697727351281e-01,-9.778871183206272466e-02,1.543355737410179451e-01,9.755337106179113871e-01,1.224586481758117990e-01,-9.645711738860945905e-02,1.550286536098476331e-01,1.862890060699780914e+00,-1.480600283276661377e+00,2.099648703541192596e+00,1.782514198982999565e+00,-1.692692010916824419e+00,2.052774609059395683e+00,2.294489361630324131e-01,2.879839975116954776e+00,1.000000000000000000e+00
9.060000000000000497e+00,9.752234700355013608e-01,1.240801369958653283e-01,-9.804439350282258270e-02,1.546951841450366072e-01,9.756183633940052058e-01,1.222172728666481856e-01,-9.614841977137086881e-02,1.548781088369511061e-01,1.842773301081569004e+00,-1.478204703130556297e+00,2.109812085994363873e+00,1.640570405494186534e+00,-1.551574362205188296e+00,1.931272283448275617e+00,3.086405261571274483e-01,2.741255867125652834e+00,1.000000000000000000e+00
9.080000000000000071e+00,9.751009687294701633e-01,1.243906077251429598e-01,-9.829893551186208445e-02,1.550561084570785397e-01,9.756348512984480692e-01,1.218254314595160481e-01,-9.548228856890697558e-02,1.554938383062225982e-01,1.844741641432543267e+00,-1.472508020234287507e+00,2.118732311216287023e+00,1.440020519153323963e+00,-1.362046270442245355e+00,2.004444161973142791e+00,4.436674706653981892e-01,4.074764761309353389e+00,1.000000000000000000e+00
9.099999999999999645e+00,9.749787325793362047e-01,1.246991023334619308e-01,-9.855644090973503246e-02,1.554131038568693779e-01,9.756359616374212784e-01,1.215604087266321104e-01,-9.554559343082520695e-02,1.556553146088813511e-01,1.838357739219538933e+00,-1.487870328776137674e+00,2.093321238277040752e+00,1.315858259179568668e+00,-1.334333586979316477e+00,1.950104201179633678e+00,5.048177316811506277e-01,9.568558352662892563e-01,1.000000000000000000e+00
9.120000000000000995e+00,9.748557963176135432e-01,1.250048599326316900e-01,-9.881429026152772910e-02,1.557745082460073316e-01,9.753507900572397915e-01,1.218831752050069384e-01,-9.620968810612268163e-02,1.567769876327087808e-01,1.821384999973012064e+00,-1.495774353258949807e+00,2.116782926384340069e+00,1.343774095067420848e+00,-1.461324339178151632e+00,2.130550330180297713e+00,4.831753866363822092e-01,2.473339819734629685e+00,1.000000000000000000e+00
9.140000000000000568e+00,9.747326704271708220e-01,1.253116189994007978e-01,-9.907238368764276215e-02,1.561341799098260597e-01,9.752834068395539457e-01,1.213841946437533709e-01,-9.720108160234272598e-02,1.569716642246471450e-01,1.828313375357869530e+00,-1.495110140822660139e+00,2.107666197982757783e+00,1.205091301923296276e+00,-1.659036409631321929e+00,2.048790923781645290e+00,5.115862764207135260e-01,3.250380121856737414e+00,1.000000000000000000e+00
9.160000000000000142e+00,9.746091858207057701e-01,1.256180680812701844e-01,-9.932926699937845438e-02,1.564951520105225813e-01,9.752145372187307482e-01,1.219899549812085288e-01,-9.759285902464848172e-02,1.566866016873645906e-01,1.825018989851838525e+00,-1.489766506562248516e+00,2.115942668892929923e+00,1.320396769748084287e+00,-1.651948733353395316e+00,1.901183811100035204e+00,4.666204800654908946e-01,1.756673173441707814e+00,1.000000000000000000e+00
9.179999999999999716e+00,9.744863699019231662e-01,1.259185196612445101e-01,-9.958688020785970429e-02,1.568543737743976763e-01,9.751959888380392627e-01,1.220494481624679189e-01,-9.818922732005308518e-02,1.563828353615801248e-01,1.792697665704175769e+00,-1.497579643939585647e+00,2.101630430545621042e+00,1.309215271493167965e+00,-1.712015503160219110e+00,1.734560020654347223e+00,4.814084180523450218e-01,1.574827678406481191e+00,1.000000000000000000e+00
9.200000000000001066e+00,9.743635539930549649e-01,1.262160893169638476e-01,-9.984422527735879738e-02,1.572141664301265063e-01,9.751255513868206659e-01,1.222464457659776793e-01,-9.827351335695068413e-02,1.566150762302786770e-01,1.776040009378278883e+00,-1.499084399906306375e+00,2.103366988385366287e+00,1.300280489544701767e+00,-1.660926639987932552e+00,1.720965194532630749e+00,5.016543819765632017e-01,1.437361987473145530e-01,1.000000000000000000e+00
9.220000000000000639e+00,9.742400183893109578e-01,1.265115282103120853e-01,-1.001003946737124700e-01,1.575789668225227869e-01,9.749494279223857029e-01,1.225899814544693656e-01,-9.788180144729220766e-02,1.576846929357401395e-01,1.760741313065071090e+00,-1.498473439887427983e+00,2.131603192160152371e+00,1.291337452572035582e+00,-1.521621973311466203e+00,1.925978774078196398e+00,5.228083483054043468e-01,3.075820417507268534e+00,1.000000000000000000e+00
9.240000000000000213e+00,9.741146424356008637e-01,1.268109384451676924e-01,-1.003585822442375763e-01,1.579487393211615187e-01,9.747830040252254413e-01,1.231525379334364040e-01,-9.848048707282409941e-02,1.579023151508877898e-01,1.783213737081722483e+00,-1.510812860103447397e+00,2.161833801130721433e+00,1.391664915786498646e+00,-1.587257422168734777e+00,1.898127430453723008e+00,4.774498706938092862e-01,7.574662630475722525e-01,1.000000000000000000e+00
9.259999999999999787e+00,9.739888523068223058e-01,1.271118183030761351e-01,-1.006169158971262217e-01,1.583178368506699685e-01,9.745813923991224481e-01,1.242600828926392759e-01,-9.948455603942647774e-02,1.576494988845207057e-01,1.792237340178176375e+00,-1.510045947113742626e+00,2.159180350920041569e+00,1.643390549369722065e+00,-1.711527091877989459e+00,1.763365942907106687e+00,3.661988699777865008e-01,4.848477309627497789e+00,1.000000000000000000e+00
9.279999999999999361e+00,9.738622276674360201e-01,1.274152608126264963e-01,-1.008733888711422222e-01,1.586892316835670780e-01,9.745120373226296984e-01,1.242922162735081854e-01,-9.914707994002747160e-02,1.582643062300624626e-01,1.804133916667954196e+00,-1.499491986401826571e+00,2.175590013953097479e+00,1.556389858589104280e+00,-1.579212683038698550e+00,1.847037599433518418e+00,4.184769953575456225e-01,1.603860057528662786e+00,1.000000000000000000e+00
9.300000000000000711e+00,9.737342886109340290e-01,1.277226961043550768e-01,-1.011336721831351815e-01,1.590610839707399804e-01,9.743399231266371974e-01,1.244662840043040120e-01,-1.004551068154151267e-01,1.583623372599762547e-01,1.830572548201037986e+00,-1.518216301310101102e+00,2.178863619180896549e+00,1.584461605256947347e+00,-1.820209398778799503e+00,1.763919876926283603e+00,3.956268006941540127e-01,3.288800756396649039e+00,1.000000000000000000e+00
9.320000000000000284e+00,9.736058403055956045e-01,1.280325773897322827e-01,-1.013958298309964035e-01,1.594309020944837951e-01,9.740819843785036847e-01,1.256051107548768198e-01,-1.002854710292667012e-01,1.591554842345368204e-01,1.847478510467554624e+00,-1.525250711478253862e+00,2.168024656011089402e+00,1.767007529615598482e+00,-1.690645237124367650e+00,1.918681049943627759e+00,3.123132702992882925e-01,3.703042819670976371e+00,1.000000000000000000e+00
9.339999999999999858e+00,9.734769010982059489e-01,1.283406544424922913e-01,-1.016574279762366140e-01,1.598035255642466235e-01,9.738508757220625256e-01,1.257099456638985369e-01,-1.009586126809986217e-01,1.600588639909699962e-01,1.835633109846932953e+00,-1.526120842772116681e+00,2.183484543107293785e+00,1.728210122336119703e+00,-1.806522683745566571e+00,2.040820509307778696e+00,3.161986053338214919e-01,1.492541742539479355e+00,1.000000000000000000e+00
9.359999999999999432e+00,9.733479071361518242e-01,1.286514990681033865e-01,-1.019234562851490805e-01,1.601694493968570943e-01,9.737508812817222692e-01,1.253095544058999977e-01,-1.017557434176405429e-01,1.604758718910329895e-01,1.859068340259104835e+00,-1.543401963930346454e+00,2.144521016878525366e+00,1.585391138196410088e+00,-1.948102938051097022e+00,2.022519017371963379e+00,3.878042404970269419e-01,2.038859169394413584e+00,1.000000000000000000e+00
9.380000000000000782e+00,9.732186509209439507e-01,1.289636238103374910e-01,-1.021903196318975221e-01,1.605334227095842892e-01,9.735301384902731447e-01,1.258292499227655070e-01,-1.026397007217156876e-01,1.608451464941997311e-01,1.868306078371933854e+00,-1.545599481739991621e+00,2.134015924135712172e+00,1.672470105389780359e+00,-2.069935190552389059e+00,2.018815750465122960e+00,3.663427436784191804e-01,1.121977013189190409e+00,1.000000000000000000e+00
9.400000000000000355e+00,9.730896773848433101e-01,1.292754181345542319e-01,-1.024497760679407843e-01,1.608986930239849900e-01,9.734157069894684433e-01,1.257749178753771180e-01,-1.034523933739679852e-01,1.610594105441637003e-01,1.858682551442937925e+00,-1.505394333935442086e+00,2.146267728237083894e+00,1.619262805155311735e+00,-2.184886624553328272e+00,1.962472196574653438e+00,4.193312708594941762e-01,9.609724459453762302e-01,1.000000000000000000e+00
9.419999999999999929e+00,9.729610710186655798e-01,1.295824758986742209e-01,-1.027106183783359633e-01,1.612627207215620029e-01,9.732430696720283381e-01,1.267109512746205369e-01,-1.041078310774643800e-01,1.609466423097862808e-01,1.834009424657951692e+00,-1.516351750856117064e+00,2.135194321480828883e+00,1.804341402536480787e+00,-2.211195676435748325e+00,1.864156219674508286e+00,3.691430571856549880e-01,2.230615080748308721e+00,1.000000000000000000e+00
9.439999999999999503e+00,9.728323284142166294e-01,1.298855643160882201e-01,-1.029738824715146495e-01,1.616272888568261734e-01,9.732274101896540852e-01,1.271717600690994154e-01,-1.037755711718495177e-01,1.608924557722415383e-01,1.813902437082473673e+00,-1.534001329093812815e+00,2.134198980730879658e+00,1.825653213449710099e+00,-2.021182015699993784e+00,1.795662476168069510e+00,3.380647897981655103e-01,2.062538621461356136e+00,1.000000000000000000e+00
9.460000000000000853e+00,9.727029940305017552e-01,1.301914174473433883e-01,-1.032369093951929634e-01,1.619914218891797542e-01,9.730688572521170032e-01,1.265031518767300578e-01,-1.045268799302983415e-01,1.618891070558773626e-01,1.829790201380588233e+00,-1.530144434411061738e+00,2.134129445422598970e+00,1.601028907789837863e+00,-2.172770718195497608e+00,1.919703639747729174e+00,4.498601166932454376e-01,4.441075692444576895e+00,1.000000000000000000e+00
9.480000000000000426e+00,9.725726103692395874e-01,1.305010829560142027e-01,-1.034997110970190953e-01,1.623569977232408867e-01,9.729779523684790599e-01,1.267553361678185608e-01,-1.050005960583541287e-01,1.619316639364130894e-01,1.850757499315763388e+00,-1.527047702333459656e+00,2.145567355145921784e+00,1.613150289566356976e+00,-2.186193388792274650e+00,1.844468918896589704e+00,4.672822439466587929e-01,2.993676863417604195e-01,1.000000000000000000e+00
9.500000000000000000e+00,9.724417788232883053e-01,1.308132712535045594e-01,-1.037621015693745014e-01,1.627215447962024053e-01,9.728448395320226094e-01,1.271988675763617016e-01,-1.048878913524021461e-01,1.624558294763567001e-01,1.865377980862400698e+00,-1.521905741557356695e+00,2.142054815399433654e+00,1.635575214036713909e+00,-2.069980866975667855e+00,1.909680486119460063e+00,4.373195370172537899e-01,9.130380238517592506e-01,1.000000000000000000e+00
9.519999999999999574e+00,9.723112828635656069e-01,1.311241009736172913e-01,-1.040196482755659929e-01,1.630863333719153874e-01,9.726771806619646243e-01,1.279505081119801102e-01,-1.042614226344260875e-01,1.632707121428199071e-01,1.852897351382764679e+00,-1.496165953395631965e+00,2.145910249204212583e+00,1.702720324155435394e+00,-1.836027998711280196e+00,2.065229967336106753e+00,3.677305809291623317e-01,4.171900767049438130e+00,1.000000000000000000e+00
9.540000000000000924e+00,9.721811169655600882e-01,1.314346033849800865e-01,-1.042761279667585722e-01,1.634481874628449238e-01,9.723171923631609426e-01,1.279961747291679663e-01,-1.056390758544245023e-01,1.644890341097039466e-01,1.851577848504070145e+00,-1.488126175677703555e+00,2.129860574306848164e+00,1.676705253639968030e+00,-2.126474272457539616e+00,2.236484151376692875e+00,4.405790628392891040e-01,5.718187721561241332e+00,1.000000000000000000e+00
9.560000000000000497e+00,9.720518470700667546e-01,1.317402984014493239e-01,-1.045303151553437504e-01,1.638081609636500013e-01,9.722011902892805368e-01,1.280031809425441480e-01,-1.058762459636848619e-01,1.650159138063169439e-01,1.823101676651540215e+00,-1.477907047168501631e+00,2.117400420952703310e+00,1.607375446523737539e+00,-2.111658457861688376e+00,2.263221679536409514e+00,4.760527242425116601e-01,2.870507141084227554e-01,1.000000000000000000e+00
9.580000000000000071e+00,9.719224015667343730e-01,1.320483689700958085e-01,-1.047801008871439704e-01,1.641682187366630685e-01,9.718840451403523151e-01,1.290318489791150158e-01,-1.064693433120834642e-01,1.656999205954856613e-01,1.832283273839544924e+00,-1.451332571893585444e+00,2.122779631819277757e+00,1.796507930568797429e+00,-2.149789314753099756e+00,2.349034487076997024e+00,4.333399412399089878e-01,2.229442917591675233e+00,1.000000000000000000e+00
9.599999999999999645e+00,9.717925217668582638e-01,1.323565639798458815e-01,-1.050311323813194614e-01,1.645281004575118444e-01,9.717193061161562007e-01,1.295706451015218030e-01,-1.065475232118954785e-01,1.661946549878246804e-01,1.834582305134996982e+00,-1.458280334952613888e+00,2.121339942082769436e+00,1.842480738506408144e+00,-2.075776469481212416e+00,2.384187999823669912e+00,4.106722857876824451e-01,4.413583092536824126e-01,1.000000000000000000e+00
9.620000000000000995e+00,9.716619960773299480e-01,1.326633103619811183e-01,-1.052835382567646472e-01,1.648902302592729907e-01,9.715188076746260615e-01,1.291986196009146104e-01,-1.068330563821466017e-01,1.674682689100835120e-01,1.826948949574095149e+00,-1.469391936620710881e+00,2.132552015857060113e+00,1.662860162738495573e+00,-2.115642136265450723e+00,2.571365500470427445e+00,5.260228341975392574e-01,3.444410333906012145e+00,1.000000000000000000e+00
9.640000000000000568e+00,9.715316264851513450e-01,1.329630200940402074e-01,-1.055362675221670765e-01,1.652550461077603450e-01,9.713665004197326036e-01,1.294666581107034309e-01,-1.071823868723255080e-01,1.679209404580592757e-01,1.786340984195842196e+00,-1.479787716946894705e+00,2.142867806697114741e+00,1.662860162738495573e+00,-2.115642136265450723e+00,2.571365500470427445e+00,5.383188479686994432e-01,1.694223172341555994e+01,0.000000000000000000e+00
9.660000000000000142e+00,9.714004945250747092e-01,1.332672700780717090e-01,-1.057853061060533978e-01,1.656212032755086661e-01,9.713631778390917626e-01,1.298899426240334165e-01,-1.072191854523502352e-01,1.675894561552158379e-01,1.807889375962163481e+00,-1.456427596459632934e+00,2.156613092185858171e+00,1.701950669930551108e+00,-2.008168229847668407e+00,2.396296959976739860e+00,4.771440014928995943e-01,1.873663327088341823e+00,1.000000000000000000e+00
9.679999999999999716e+00,9.712685905811413445e-01,1.335729759420213325e-01,-1.060376066364915326e-01,1.659867796763353220e-01,9.711069151205901084e-01,1.309089056544022744e-01,-1.082068222077579300e-01,1.676469547979816954e-01,1.820029245849366317e+00,-1.473225570141450280e+00,2.152504983182467857e+00,1.914111474338825669e+00,-2.121074194831333859e+00,2.315343148089619163e+00,4.376303219835937508e-01,2.810412248259610113e+00,1.000000000000000000e+00
9.700000000000001066e+00,9.711354492905154290e-01,1.338787981988396047e-01,-1.062929503321988212e-01,1.663556889133042116e-01,9.708495803792979162e-01,1.314880024866966202e-01,-1.092945962417515848e-01,1.679782388041743957e-01,1.822493218232392298e+00,-1.493352395239480046e+00,2.169970570638716900e+00,2.011872948552329454e+00,-2.278652895222020636e+00,2.286818027138337595e+00,4.785511003384924633e-01,1.565962524003283951e+00,1.000000000000000000e+00
9.720000000000000639e+00,9.710020599320872137e-01,1.341823423727507847e-01,-1.065495680404035944e-01,1.667251875194884492e-01,9.709092094649869331e-01,1.316490837631660860e-01,-1.088464501455992106e-01,1.677983194525339561e-01,1.810863190659905975e+00,-1.503215764737633409e+00,2.171121742590759407e+00,1.950320547372855762e+00,-2.066300307886336007e+00,2.166106444965508970e+00,4.108281386049896233e-01,2.868595549763079511e+00,1.000000000000000000e+00
9.740000000000000213e+00,9.708676350680512934e-01,1.344885596070989620e-01,-1.068063914110552320e-01,1.670965507301855335e-01,9.708950194772741904e-01,1.317400264431384804e-01,-1.093293924118236976e-01,1.674948075071165110e-01,1.825588838409868853e+00,-1.503872156576525843e+00,2.183958272920548449e+00,1.918017604476449867e+00,-2.079089906637455520e+00,1.993672255698612839e+00,4.299756188810041069e-01,1.419181405992459455e+00,1.000000000000000000e+00
9.759999999999999787e+00,9.707320334477198553e-01,1.347972059904059550e-01,-1.070603039290453362e-01,1.674727554507172145e-01,9.706871680651176781e-01,1.330260551681870795e-01,-1.094709557024098473e-01,1.675905732960940309e-01,1.834258520755316368e+00,-1.489805227773569607e+00,2.215746101361827591e+00,2.145097732842240479e+00,-1.982698791433094687e+00,1.970566676700446829e+00,3.430886940924419148e-01,2.852638526076378245e+00,1.000000000000000000e+00
9.779999999999999361e+00,9.705953331528999195e-01,1.351071949041587061e-01,-1.073139064861752950e-01,1.678525264082064983e-01,9.704855983760880545e-01,1.339274173844360871e-01,-1.102371702311059354e-01,1.675378062312492256e-01,1.840089073348210036e+00,-1.490221293430831206e+00,2.237698248852109106e+00,2.302340249802453442e+00,-2.044798254633841683e+00,1.883822094669728608e+00,3.632470153537132318e-01,1.697258681495028343e+00,1.000000000000000000e+00
9.800000000000000711e+00,9.704580231327738504e-01,1.354206845891438027e-01,-1.075673742443950393e-01,1.682311609684792042e-01,9.702562007759533147e-01,1.350054981165263457e-01,-1.107109677401898890e-01,1.676887055115891811e-01,1.860598301901799312e+00,-1.485600091409303714e+00,2.234221861216741267e+00,2.477670925677193381e+00,-2.037220580982937346e+00,1.862900993380118608e+00,3.693611264941535910e-01,1.483440796214814394e+00,1.000000000000000000e+00
9.820000000000000284e+00,9.703196266106319801e-01,1.357323377799084796e-01,-1.078252812841066777e-01,1.686127617086199404e-01,9.702535099729883150e-01,1.346432800358468851e-01,-1.110739889675409209e-01,1.677554246548335071e-01,1.853680728783313025e+00,-1.515025179008044010e+00,2.247185716070556172e+00,2.304287948028934885e+00,-2.052697557966804531e+00,1.779854445153266074e+00,4.048109557857007546e-01,1.782600909076293760e+00,1.000000000000000000e+00
9.839999999999999858e+00,9.701806262601498920e-01,1.360457671464868623e-01,-1.080836424941257617e-01,1.689941652726192622e-01,9.703832338955817871e-01,1.340476549156292552e-01,-1.111686547183994428e-01,1.674190425073401878e-01,1.864585587812823464e+00,-1.516053920751602835e+00,2.247416964326018451e+00,2.080118615329830778e+00,-1.998388532067692180e+00,1.604614193002279032e+00,4.588220252964109735e-01,4.053078196733941319e+00,1.000000000000000000e+00
9.859999999999999432e+00,9.700413080267551447e-01,1.363600892321230607e-01,-1.083411787202099019e-01,1.693752513794889170e-01,9.700479686037495330e-01,1.357721345990294259e-01,-1.111237897352913701e-01,1.680010994875590358e-01,1.869193542747786596e+00,-1.510553075849138338e+00,2.247156002084990334e+00,2.385136306116634852e+00,-1.864584547447331042e+00,1.732813163384923971e+00,3.619526501762606041e-01,6.194942816815196096e+00,1.000000000000000000e+00
9.880000000000000782e+00,9.699011349131281268e-01,1.366749160859610512e-01,-1.085988868865065821e-01,1.697587628787791403e-01,9.696316361674340856e-01,1.367518615991826225e-01,-1.119832238968316296e-01,1.690360200019357939e-01,1.871328213043526700e+00,-1.513444446997212367e+00,2.261644775994833712e+00,2.532422608549302012e+00,-1.991188299948908558e+00,1.913986232006976929e+00,3.978597899038509578e-01,3.451478612404888402e+00,1.000000000000000000e+00
9.900000000000000355e+00,9.697605213894386900e-01,1.369915616911649425e-01,-1.088541810882752148e-01,1.701429118109263616e-01,9.693444261422855535e-01,1.364513706684550298e-01,-1.124497721259048316e-01,1.706090727318307076e-01,1.879035561058934434e+00,-1.499033945906578236e+00,2.268637457706035310e+00,2.344159946831946062e+00,-2.087706692864836455e+00,2.185288507844416195e+00,4.227564802554533152e-01,5.820567246780182558e+00,1.000000000000000000e+00
9.919999999999999929e+00,9.696189341496062042e-01,1.373082702732754401e-01,-1.091130246451070818e-01,1.705283240577324666e-01,9.693507410555525228e-01,1.363428609866724484e-01,-1.136849488261570257e-01,1.698396228311108147e-01,1.882821919088640161e+00,-1.520292778318961258e+00,2.273859437707657083e+00,2.292723889860672770e+00,-2.264642146521524957e+00,1.873503686762241882e+00,5.421135724521098931e-01,6.477905411901263122e+00,1.000000000000000000e+00
9.939999999999999503e+00,9.694776979953323437e-01,1.376209722635060861e-01,-1.093704435764656785e-01,1.709139173818378932e-01,9.691991849151008198e-01,1.367036965504206947e-01,-1.134756453741594534e-01,1.705529748092148301e-01,1.858781918675598055e+00,-1.516215890179531289e+00,2.273138354435954689e+00,2.257761299051545656e+00,-2.135062724637442955e+00,1.983096285059877673e+00,4.848448937271595538e-01,1.488244179423695357e+00,1.000000000000000000e+00
9.960000000000000853e+00,9.693371834003774445e-01,1.379279206494591070e-01,-1.096279482551840156e-01,1.712980634569413185e-01,9.691417346640710528e-01,1.363888824849213699e-01,-1.137027819891228975e-01,1.709796719927949293e-01,1.827244307082573238e+00,-1.520733157911706046e+00,2.260719634680640411e+00,2.090767095702629419e+00,-2.127016612596936085e+00,1.985465903300747570e+00,5.009697652773239529e-01,1.390020123575873123e+00,1.000000000000000000e+00
9.980000000000000426e+00,9.691962460854038897e-01,1.382333568159160309e-01,-1.098891635105020692e-01,1.716815289433520075e-01,9.689443446969380203e-01,1.377453906899816227e-01,-1.146475767621421421e-01,1.703789815853307410e-01,1.823248960234178817e+00,-1.542553167613242016e+00,2.253472391961001353e+00,2.378549762250725230e+00,-2.187158044519877276e+00,1.778356105592172165e+00,5.688261061735275792e-01,6.446200772062797846e+00,1.000000000000000000e+00
1.000000000000000000e+01,9.690548536391082601e-01,1.385398475876708224e-01,-1.101487845640534424e-01,1.720658203360951044e-01,9.690417586095337876e-01,1.375844391132094446e-01,-1.140494571695554737e-01,1.703564307684783674e-01,1.827377583775359859e+00,-1.533603745201018942e+00,2.260433053492429067e+00,2.215605976354757090e+00,-1.960766853624653416e+00,1.710600754342459950e+00,5.001533204231314311e-01,4.115017393937696610e+00,1.000000000000000000e+00
1.001999999999999957e+01,9.689134280867677251e-01,1.388431082619042689e-01,-1.104094413422506138e-01,1.724503274099918049e-01,9.688864720043776080e-01,1.384613926287157903e-01,-1.138096926933892805e-01,1.706891940553461884e-01,1.810354436961750357e+00,-1.542730908048718153e+00,2.258802545891618330e+00,2.312580923848270853e+00,-1.803199318163298370e+00,1.754510405484068336e+00,4.409877406212704409e-01,1.808784919468414243e+00,1.000000000000000000e+00
1.004000000000000092e+01,9.687709633129436559e-01,1.391489853935159171e-01,-1.106699505451083088e-01,1.728367511613482232e-01,9.686791513258542485e-01,1.379823858984664808e-01,-1.145248660357458259e-01,1.717719943060684040e-01,1.824348020296934658e+00,-1.541508564447738427e+00,2.272242304448625294e+00,2.111860326307167135e+00,-1.954629420198365608e+00,1.903715339102217907e+00,4.774975340086374254e-01,4.281202828986446107e+00,1.000000000000000000e+00
1.006000000000000050e+01,9.686286422653676009e-01,1.394511261712152173e-01,-1.109305946962338418e-01,1.732233816581069674e-01,9.684138144182546926e-01,1.381861298499649227e-01,-1.146440023103626610e-01,1.730203175792842940e-01,1.803496783605044618e+00,-1.546031352454869223e+00,2.270770763168393991e+00,2.050369191388255352e+00,-1.940820414255372217e+00,2.125940161840391696e+00,4.508128315397952890e-01,2.674637533246174481e+00,1.000000000000000000e+00
1.008000000000000007e+01,9.684861421985512253e-01,1.397478737782892610e-01,-1.111869759088142395e-01,1.736161874136963323e-01,9.682057549882595593e-01,1.386732163522286509e-01,-1.146304740294050162e-01,1.738022137314025328e-01,1.765552760977549207e+00,-1.532773247934026806e+00,2.305198348310297352e+00,2.062398856707341022e+00,-1.868029802690958308e+00,2.240761857216043484e+00,4.151600948423406212e-01,9.343445980899520720e-01,1.000000000000000000e+00
1.009999999999999964e+01,9.683422669622205881e-01,1.400486977247885068e-01,-1.114471318066791866e-01,1.740090603736574870e-01,9.681097108006297969e-01,1.390573032157712274e-01,-1.143335754160199613e-01,1.742253936958314542e-01,1.792985579086069370e+00,-1.550593982170811680e+00,2.306513688313625465e+00,2.044264106103157896e+00,-1.721875539241782160e+00,2.269648426820539910e+00,3.516170546928600316e-01,1.130286595572398189e+00,1.000000000000000000e+00
1.012000000000000099e+01,9.681976809834471620e-01,1.403509693947407599e-01,-1.117086018964058430e-01,1.744019615445363269e-01,9.680002450601027375e-01,1.390318342467201373e-01,-1.147034367644001462e-01,1.746104127021322061e-01,1.802880375822332404e+00,-1.556918472399634990e+00,2.307248720647153473e+00,1.961447652622332116e+00,-1.752673809113109105e+00,2.255655518833322493e+00,3.764397414795846997e-01,4.016764311291838863e-01,1.000000000000000000e+00
1.014000000000000057e+01,9.680517607597955987e-01,1.406527575838905642e-01,-1.119723644935309570e-01,1.747992559012613578e-01,9.676774719402281288e-01,1.393188316034743024e-01,-1.154144592521167828e-01,1.756988220095775377e-01,1.800750227246141533e+00,-1.574505728533175386e+00,2.330799596336785129e+00,1.956828543725780856e+00,-1.877456420130894754e+00,2.411590387618462117e+00,4.375042673598383280e-01,2.003140173566999582e+00,1.000000000000000000e+00
1.016000000000000014e+01,9.679059448992203274e-01,1.409528293218678674e-01,-1.122344648259962913e-01,1.751964801019993134e-01,9.675980061284173983e-01,1.398638411243810498e-01,-1.154274224716863723e-01,1.756949476330718352e-01,1.789525984939974279e+00,-1.566881508512005361e+00,2.330544341687635690e+00,2.004539228113784599e+00,-1.780887608899306418e+00,2.327713006848220356e+00,3.923682825471357383e-01,9.354188118768369531e-01,1.000000000000000000e+00
1.017999999999999972e+01,9.677614143225575782e-01,1.412532327674570765e-01,-1.124922203606284615e-01,1.755872134851547972e-01,9.675949684443999610e-01,1.402925813077288419e-01,-1.153241322421200005e-01,1.754374908441670156e-01,1.790140179247556418e+00,-1.536385127706227482e+00,2.296980254015136946e+00,2.022784907525990494e+00,-1.655628213353442346e+00,2.185889035848979756e+00,3.436353049225887579e-01,1.813426154578660077e+00,1.000000000000000000e+00
1.020000000000000107e+01,9.676178803963345620e-01,1.415510010998219104e-01,-1.127439767208098936e-01,1.759765533760693779e-01,9.673203682046699337e-01,1.418941196368486146e-01,-1.152885731571352407e-01,1.756869630002672600e-01,1.769584958570157074e+00,-1.504001389021152990e+00,2.291407698002245308e+00,2.310886258916385216e+00,-1.526291955498330299e+00,2.209146302947664342e+00,2.980500072951725588e-01,5.030558861052924158e+00,1.000000000000000000e+00
1.022000000000000064e+01,9.674734991543296747e-01,1.418505698457623310e-01,-1.129938699102511074e-01,1.763684485139420388e-01,9.671465238106053963e-01,1.425103130403183316e-01,-1.153054608648237944e-01,1.761336505411821018e-01,1.776724516250883568e+00,-1.494476307339311916e+00,2.309102526352901474e+00,2.351442400081722006e+00,-1.460264435274752692e+00,2.244188426993606988e+00,2.793017276036048879e-01,3.627333820703392275e-01,1.000000000000000000e+00
1.024000000000000021e+01,9.673290046957196964e-01,1.421535973170928446e-01,-1.132426533373902255e-01,1.767570448647125814e-01,9.671516031502703781e-01,1.424935233516931576e-01,-1.151871248119137742e-01,1.761967610492515546e-01,1.797003216082068366e+00,-1.482221783707030616e+00,2.294072203053062253e+00,2.241781897722002537e+00,-1.374231383224631786e+00,2.168363606344489991e+00,2.360115961674156271e-01,1.262263487896289060e+00,1.000000000000000000e+00
1.025999999999999979e+01,9.671841729918664310e-01,1.424551051345490371e-01,-1.134937438671808907e-01,1.771453884191030448e-01,9.670454929134812971e-01,1.431702923834619612e-01,-1.147769686532155997e-01,1.764979588588345139e-01,1.791355910791099015e+00,-1.496560577432815675e+00,2.290147560160235241e+00,2.282924609794086734e+00,-1.205761890376580547e+00,2.184785266326775499e+00,1.846509342952033783e-01,1.520789560195137335e+00,1.000000000000000000e+00
1.027999999999999936e+01,9.670367437519765685e-01,1.427627329171044235e-01,-1.137447615961141995e-01,1.775411713745768949e-01,9.669086744931573163e-01,1.440608616394545294e-01,-1.147649079339482098e-01,1.765307317168778312e-01,1.822478661235262365e+00,-1.497706778243647507e+00,2.338048907505141827e+00,2.397357524583933586e+00,-1.119310922506019601e+00,2.131347372376386051e+00,2.222966360737530789e-01,1.173513859575202378e+00,1.000000000000000000e+00
1.030000000000000071e+01,9.668899181536778631e-01,1.430631432220066668e-01,-1.139947546420090746e-01,1.779382452940404258e-01,9.663338438769365490e-01,1.453903752530888716e-01,-1.156851596225277751e-01,1.779816979492573614e-01,1.780111250931693645e+00,-1.500033752433377554e+00,2.340722181920581235e+00,2.625626512373812282e+00,-1.296384695928794795e+00,2.407852264810951493e+00,3.357472215335504107e-01,8.008404833416918223e+00,1.000000000000000000e+00
1.032000000000000028e+01,9.667442682105868990e-01,1.433624498522920176e-01,-1.142437116486825777e-01,1.783286353984090133e-01,9.661105789408394040e-01,1.457265978561448072e-01,-1.159346541894887561e-01,1.787547590802364694e-01,1.776342584847882211e+00,-1.489172899255795768e+00,2.302624485687639222e+00,2.590664643232776676e+00,-1.319071368694177515e+00,2.496688277709188331e+00,3.443782880052914108e-01,4.820120529428459921e-01,1.000000000000000000e+00
1.033999999999999986e+01,9.665974841216166125e-01,1.436616904465275457e-01,-1.144952093866831305e-01,1.787217653653488392e-01,9.658728753601182326e-01,1.464732822413278845e-01,-1.157023345207509324e-01,1.795776601347673362e-01,1.777710964164233909e+00,-1.506306493576978101e+00,2.316829300246974199e+00,2.630803541581864025e+00,-1.213170402351739341e+00,2.622547419865675078e+00,3.734317669343886203e-01,1.434490210158152923e+00,1.000000000000000000e+00
1.035999999999999943e+01,9.664505972457527738e-01,1.439632527545130491e-01,-1.147477504794416903e-01,1.791110792206212221e-01,9.658892024142889943e-01,1.461209533847470377e-01,-1.148959889209936469e-01,1.802931706174365767e-01,1.794225475782998735e+00,-1.506633668610566579e+00,2.296464438155445986e+00,2.382620814015850463e+00,-1.015373882767033331e+00,2.697410636778498461e+00,2.896731884906625365e-01,5.318537522483207880e+00,1.000000000000000000e+00
1.038000000000000078e+01,9.663032092847627652e-01,1.442648316221137594e-01,-1.150013895827739774e-01,1.795005472889768805e-01,9.658173040258517528e-01,1.462951434632505099e-01,-1.153101108444984646e-01,1.802726950492837821e-01,1.795755915996143814e+00,-1.513153392438560285e+00,2.296937794624549944e+00,2.343919350163969018e+00,-1.062707568927997892e+00,2.572685087886429134e+00,2.575072284835085434e-01,9.648492477327521577e-01,1.000000000000000000e+00
1.040000000000000036e+01,9.661550388136040945e-01,1.445717631792282076e-01,-1.152556584489553837e-01,1.798876856870147145e-01,9.656820014896864146e-01,1.458012264854886830e-01,-1.156821951720425345e-01,1.811571253756747435e-01,1.828220668783467229e+00,-1.509724993363276369e+00,2.287850725508711047e+00,2.127156107129237750e+00,-1.161374105029927550e+00,2.649628605411781912e+00,2.152600550813623115e-01,3.131484874110727290e+00,1.000000000000000000e+00
1.041999999999999993e+01,9.660061707548206478e-01,1.448804778234818180e-01,-1.155107789901057835e-01,1.802747490536237007e-01,9.653790461636353459e-01,1.458780622412405026e-01,-1.163134165271893783e-01,1.823021593967084075e-01,1.839596424561242172e+00,-1.513000296540351508e+00,2.288626385917174044e+00,2.062326100992187605e+00,-1.304777431482576189e+00,2.797882749466150454e+00,2.840179654175182256e-01,2.336232365422991286e+00,1.000000000000000000e+00
1.043999999999999950e+01,9.658579481234482733e-01,1.451910270869762043e-01,-1.157600613722571531e-01,1.806587885802477533e-01,9.653575952027889651e-01,1.461553048533539290e-01,-1.159916574024807134e-01,1.823986723102365426e-01,1.845185954215708302e+00,-1.475854967744904434e+00,2.277283831607055831e+00,2.023644264863673214e+00,-1.167025301197738951e+00,2.722669903082242993e+00,2.365425786654933582e-01,1.305498404722280625e+00,1.000000000000000000e+00
1.046000000000000085e+01,9.657096013154289338e-01,1.454976015954010937e-01,-1.160110105247876555e-01,1.810438049042248920e-01,9.650991999802646104e-01,1.466746561242847635e-01,-1.161734391236803055e-01,1.832315788570644255e-01,1.824370528797266466e+00,-1.490088012073387036e+00,2.278795082591666965e+00,2.053264518085151646e+00,-1.173852488356045942e+00,2.821341905471490108e+00,2.937388416369989819e-01,5.325010623927994846e-01,1.000000000000000000e+00
1.048000000000000043e+01,9.655606450332671065e-01,1.458067994897726538e-01,-1.162615658853129175e-01,1.814284053928316154e-01,9.649451262749010327e-01,1.469195409003040964e-01,-1.159552301789163464e-01,1.839835220179078801e-01,1.839262011928060714e+00,-1.485246324915191263e+00,2.279198461171944246e+00,1.998519493182504103e+00,-1.093919466308991728e+00,2.898940653758226738e+00,3.289301744847165643e-01,7.695133156350186798e-01,1.000000000000000000e+00
1.050000000000000000e+01,9.654116400223973216e-01,1.461162178011414237e-01,-1.165110981876372603e-01,1.818119363624543516e-01,9.648009206472225596e-01,1.463660758503259607e-01,-1.164966295225257492e-01,1.848369299364706064e-01,1.840171084150285630e+00,-1.478496351413840282e+00,2.274333763437651257e+00,1.791431992257953798e+00,-1.233039208211802684e+00,2.947509686407771223e+00,3.547938675960699562e-01,3.225703238329412859e+00,1.000000000000000000e+00
1.051999999999999957e+01,9.652626069977363610e-01,1.464274921796034357e-01,-1.167567645628745793e-01,1.821948050706586331e-01,9.645976355390089019e-01,1.473378310196059304e-01,-1.159797712651178120e-01,1.854498792673707208e-01,1.846876129378896447e+00,-1.454643146333269188e+00,2.275175239872262445e+00,1.908528630018379690e+00,-1.044693298371257573e+00,3.020325089418226749e+00,4.046582063191823675e-01,2.720458129563298133e+00,1.000000000000000000e+00
1.054000000000000092e+01,9.651133744702314887e-01,1.467371326565829470e-01,-1.170025192918947993e-01,1.825781991305562846e-01,9.644904647266353548e-01,1.471900278527080996e-01,-1.157653701473978364e-01,1.862568608850527496e-01,1.837747925178350394e+00,-1.457411633749662316e+00,2.277121830967797411e+00,1.765515187207197911e+00,-9.894929918890320586e-01,3.089270795067534436e+00,4.534155202456425227e-01,1.410470878637273717e+00,1.000000000000000000e+00
1.056000000000000050e+01,9.649647576041313624e-01,1.470463645090917815e-01,-1.172431340325244681e-01,1.829601890819177179e-01,9.644522102329849966e-01,1.472981383056137517e-01,-1.161849682648344040e-01,1.861081561289293085e-01,1.830535101585276436e+00,-1.427823320500623439e+00,2.272760971732716406e+00,1.740631791633238779e+00,-1.036602816869113930e+00,2.914717831034630890e+00,3.861500384516931561e-01,1.662624827810950556e+00,1.000000000000000000e+00
1.058000000000000007e+01,9.648148779876405401e-01,1.473571239377949038e-01,-1.174832208197557765e-01,1.833461809372977924e-01,9.643424680863064147e-01,1.479665708513164257e-01,-1.162221859684283293e-01,1.861233506157508599e-01,1.836802973977636810e+00,-1.427522932291689139e+00,2.297681549583056260e+00,1.827709347236581294e+00,-9.752421196965882499e-01,2.817826461421228057e+00,3.605081250654254554e-01,1.035008925952080494e+00,1.000000000000000000e+00
1.059999999999999964e+01,9.646656122976389192e-01,1.476639590065806640e-01,-1.177231448530651758e-01,1.837304352218992742e-01,9.639662858339946849e-01,1.488723576858204389e-01,-1.164579930236162436e-01,1.871992434637217706e-01,1.815589483260221071e+00,-1.428865483271708481e+00,2.284927170462098811e+00,1.955394877658351849e+00,-9.970203079797329559e-01,2.983034793780544813e+00,4.523471112609251388e-01,2.199729659052605868e+00,1.000000000000000000e+00
1.062000000000000099e+01,9.645158983359288785e-01,1.479730765375468493e-01,-1.179611853684233991e-01,1.841146632501764191e-01,9.637840533261791132e-01,1.493701411226270592e-01,-1.163105756082504078e-01,1.878315987709327506e-01,1.826619137923093161e+00,-1.416332443936986873e+00,2.288387027673761676e+00,1.970837121384160673e+00,-9.261577304125258037e-01,3.031923057265931476e+00,4.998548822214987641e-01,3.818237419412012779e-01,1.000000000000000000e+00
1.064000000000000057e+01,9.643650356614346109e-01,1.482813985823026315e-01,-1.181965867016250976e-01,1.845054788354041075e-01,9.637395910194661575e-01,1.494947054030540401e-01,-1.167802587074331239e-01,1.876691368720793396e-01,1.815960583988685428e+00,-1.408948233777357339e+00,2.327703336022453051e+00,1.944213905350650418e+00,-9.860932554606596234e-01,2.855309542768069253e+00,4.268905119591813180e-01,1.771515872707446704e+00,1.000000000000000000e+00
1.066000000000000014e+01,9.642147612237902399e-01,1.485866085172463658e-01,-1.184282247732686144e-01,1.848963752606957167e-01,9.634567109253101558e-01,1.502670579627925218e-01,-1.158742434222092277e-01,1.890611995506235321e-01,1.794232120622037296e+00,-1.391114937370240057e+00,2.328617817296992243e+00,1.971797442267525957e+00,-7.573606690242902229e-01,3.125622611021794395e+00,5.983741965573194932e-01,6.296285674425323720e+00,1.000000000000000000e+00
1.067999999999999972e+01,9.640645474513418467e-01,1.488902316099420531e-01,-1.186564899612900237e-01,1.852886522932362945e-01,9.633502890567386956e-01,1.507615920064457604e-01,-1.159831415521032222e-01,1.891429983522651959e-01,1.780903931834034060e+00,-1.375296559706106869e+00,2.337975498828562149e+00,2.010002083483080071e+00,-7.341034028073831763e-01,3.027820420637939325e+00,5.844729684069693842e-01,5.772793533794877696e-01,1.000000000000000000e+00
1.070000000000000107e+01,9.639134261711170826e-01,1.491982299478829821e-01,-1.188837972075037497e-01,1.856810108465654086e-01,9.631460217310711114e-01,1.517832180872475956e-01,-1.159217518486252846e-01,1.894036509126365841e-01,1.804773178891241114e+00,-1.366046834040315128e+00,2.343180945532761683e+00,2.159778315764090628e+00,-6.573451108934135201e-01,3.000868872058783499e+00,6.266273575962998388e-01,1.450075755424386825e+00,1.000000000000000000e+00
1.072000000000000064e+01,9.637621630350913238e-01,1.495080259787135157e-01,-1.191065886512900351e-01,1.860738127994441271e-01,9.630283472877655404e-01,1.518100390865754212e-01,-1.167565896959076588e-01,1.894677099542528831e-01,1.809716505101542250e+00,-1.339670025756700245e+00,2.350865484297381069e+00,2.115806815165993893e+00,-8.277847622618316192e-01,2.865060831136793329e+00,5.481122401105434916e-01,2.467243985013953811e+00,1.000000000000000000e+00
1.074000000000000021e+01,9.636109070737439719e-01,1.498152672190183332e-01,-1.193284513378940204e-01,1.864674936226433932e-01,9.630271492370714448e-01,1.509390795684466824e-01,-1.168049748404853955e-01,1.901386387451619864e-01,1.794012992637427084e+00,-1.338013158620955156e+00,2.354763036331437576e+00,1.808178109646747078e+00,-8.688000414246739300e-01,2.874289755527895895e+00,5.307087063113020697e-01,4.812392586729674626e+00,1.000000000000000000e+00
1.075999999999999979e+01,9.634583548471776782e-01,1.501228195304006030e-01,-1.195522608851109503e-01,1.868646420505255257e-01,9.630075962406254853e-01,1.506024816720767101e-01,-1.178302372524138719e-01,1.898717917072049455e-01,1.796552309319466634e+00,-1.352292373938114078e+00,2.373834415966227684e+00,1.709265570786610899e+00,-1.076629636714226734e+00,2.645847086317203445e+00,4.041946014982149005e-01,5.250014155520579706e+00,1.000000000000000000e+00
1.077999999999999936e+01,9.633052299487143699e-01,1.504311402347601745e-01,-1.197730810502211779e-01,1.872642919962631269e-01,9.628619479901391331e-01,1.508155173062616650e-01,-1.188660060851475103e-01,1.897957361208231775e-01,1.796372480143395345e+00,-1.337511600639252674e+00,2.391354080228262013e+00,1.741663144288085663e+00,-1.263434151831153374e+00,2.492260825629955878e+00,3.153921895766839678e-01,2.972310210779429251e+00,1.000000000000000000e+00
1.080000000000000071e+01,9.631529588590393987e-01,1.507365107620401712e-01,-1.199945664067414430e-01,1.876597617957060093e-01,9.627931167199893503e-01,1.512068171084595403e-01,-1.188186927826169609e-01,1.898631904871717069e-01,1.782935902318114163e+00,-1.340159568232969889e+00,2.364768479917730648e+00,1.757727198593938445e+00,-1.185928794739512959e+00,2.419151424155993713e+00,2.941334480825941178e-01,5.796874356447394572e-01,1.000000000000000000e+00
1.082000000000000028e+01,9.630006159264756782e-01,1.510420790551388337e-01,-1.202191773432741417e-01,1.880517308583893599e-01,9.626921560787734533e-01,1.513222145897780146e-01,-1.183262664882430565e-01,1.905893351029930016e-01,1.789856791713905215e+00,-1.354221275750780773e+00,2.342963588759249038e+00,1.671023425245259597e+00,-1.045792889297703310e+00,2.511585248783762214e+00,3.659075332810005077e-01,1.782601654617695486e+00,1.000000000000000000e+00
1.083999999999999986e+01,9.628486845822680218e-01,1.513469406547600093e-01,-1.204406165574816306e-01,1.884424899960054911e-01,9.625196663280561893e-01,1.524391439652374169e-01,-1.185854357920121532e-01,1.904092795451204079e-01,1.783017364106111557e+00,-1.336151869587292484e+00,2.338102309404956003e+00,1.883122925607556564e+00,-1.009178747504603013e+00,2.394516927235907033e+00,3.362656852108643624e-01,2.997814151465217680e+00,1.000000000000000000e+00
1.085999999999999943e+01,9.626963491136091289e-01,1.516530837178584890e-01,-1.206647319816544356e-01,1.888308874575018448e-01,9.625427053145764189e-01,1.519186407858653109e-01,-1.186180624559264180e-01,1.906882856566535778e-01,1.794956497893448466e+00,-1.347763109895980582e+00,2.324073560523660653e+00,1.675946848178075488e+00,-1.007607210906705575e+00,2.341436005691252653e+00,3.186575988173060425e-01,2.284397916124943251e+00,1.000000000000000000e+00
1.088000000000000078e+01,9.625428961525596128e-01,1.519592355544318873e-01,-1.208892327886174206e-01,1.892230355737247738e-01,9.622642823151946745e-01,1.519724290867507377e-01,-1.191913830262211205e-01,1.916904953047820215e-01,1.793799798982237848e+00,-1.353910891860521160e+00,2.345641830709894293e+00,1.625739097871901961e+00,-1.140198253822467755e+00,2.468809356232026797e+00,3.447065313277740684e-01,1.814254086158131551e+00,1.000000000000000000e+00
1.090000000000000036e+01,9.623895384340798165e-01,1.522685373844550327e-01,-1.211142372564885106e-01,1.896101536553799483e-01,9.622278514840765240e-01,1.520009848654998719e-01,-1.191145060596487948e-01,1.918984024801196897e-01,1.815119055486780431e+00,-1.348828010112820719e+00,2.319541413707812527e+00,1.555866691555903403e+00,-1.081804966719267957e+00,2.418446436012728462e+00,3.500719018517517989e-01,5.408616549320444111e-01,1.000000000000000000e+00
1.091999999999999993e+01,9.622344806293832153e-01,1.525812422057918616e-01,-1.213431476536209891e-01,1.899989719244555564e-01,9.622463097760703965e-01,1.520973357156183703e-01,-1.186724058784505154e-01,1.920033850575708079e-01,1.838430189158613892e+00,-1.369331728052187280e+00,2.329717128337728926e+00,1.488744642167782350e+00,-9.327544176156319367e-01,2.359042680475028408e+00,3.866484574448302847e-01,1.511074197017349796e+00,1.000000000000000000e+00
1.093999999999999950e+01,9.620791936212200746e-01,1.528957238789975248e-01,-1.215747254908741554e-01,1.903841089547103627e-01,9.622710653601956876e-01,1.516710420250003966e-01,-1.193369112284302230e-01,1.918045708528928750e-01,1.853889876154522609e+00,-1.379044664343441973e+00,2.308574646164644584e+00,1.362718958438113859e+00,-1.059415710210616979e+00,2.176319946976159159e+00,3.353089060725723547e-01,3.262789785620715755e+00,1.000000000000000000e+00
1.096000000000000085e+01,9.619234030471740526e-01,1.532139336672549146e-01,-1.218033804695393685e-01,1.907689537281752890e-01,9.622770374071540900e-01,1.513948538877462335e-01,-1.197005926961648148e-01,1.917661847234951311e-01,1.871896796178805555e+00,-1.358961007500415041e+00,2.312670343353485869e+00,1.259064425119642783e+00,-1.110416607018921420e+00,2.054500785428193144e+00,3.409036502200355478e-01,1.408126011038703940e+00,1.000000000000000000e+00
1.098000000000000043e+01,9.617665705126664522e-01,1.535360689528180445e-01,-1.220317298069642509e-01,1.911543781741342762e-01,9.621010722872271881e-01,1.512813959847427447e-01,-1.211621754318865929e-01,1.918207318755920376e-01,1.893707913106169594e+00,-1.354221854779791956e+00,2.320011891455581399e+00,1.251748341115114238e+00,-1.414995647993051220e+00,1.932895566183634894e+00,2.897965271696917866e-01,5.376522657188135490e+00,1.000000000000000000e+00
1.100000000000000000e+01,9.616099413560834641e-01,1.538555584488429384e-01,-1.222585092435191229e-01,1.915401909185037999e-01,9.618161919956766948e-01,1.513078576386724383e-01,-1.214487061692383213e-01,1.930434065218208928e-01,1.876958430424256585e+00,-1.348668032727770916e+00,2.321459995592312087e+00,1.192766088547853931e+00,-1.473087955118760339e+00,2.138461267277599998e+00,3.522411879361888043e-01,2.453892885070278140e+00,1.000000000000000000e+00
1.101999999999999957e+01,9.614532054437819886e-01,1.541720491970027251e-01,-1.224871706262452425e-01,1.919260431005943013e-01,9.616354718987367711e-01,1.513305890820869637e-01,-1.218551301866398623e-01,1.936687874732517245e-01,1.862568284533829610e+00,-1.362437345782207654e+00,2.318034861304004934e+00,1.154945046255565710e+00,-1.532209874967823016e+00,2.187735755922697312e+00,3.893375466573052446e-01,3.674663995685090723e-01,1.000000000000000000e+00
1.104000000000000092e+01,9.612948930821149096e-01,1.544919494688543338e-01,-1.227211486386541456e-01,1.923119490836901202e-01,9.614933739836550863e-01,1.517594717258455295e-01,-1.222104467616286078e-01,1.938147600915437474e-01,1.888551646707315346e+00,-1.389129754391498661e+00,2.317761196040113436e+00,1.223283731705985700e+00,-1.539715659770301892e+00,2.135984266425870803e+00,3.628247262762561709e-01,3.700329069149299044e-01,1.000000000000000000e+00
1.106000000000000050e+01,9.611369583101492253e-01,1.548112983561998335e-01,-1.229525757426137150e-01,1.926963242769283990e-01,9.613376528546988542e-01,1.521268993353274424e-01,-1.224707569812398672e-01,1.941345857565822397e-01,1.883446089868738405e+00,-1.374066862145200352e+00,2.310784131619778137e+00,1.265391750364599055e+00,-1.534436687083564843e+00,2.128894381730070062e+00,3.540680654528651217e-01,9.251511307840795673e-02,1.000000000000000000e+00
1.108000000000000007e+01,9.609791040888390201e-01,1.551306679183653003e-01,-1.231813655532567886e-01,1.930802645436586473e-01,9.612725301133313582e-01,1.525775864022497208e-01,-1.228867288080321557e-01,1.938402818302731867e-01,1.880883133217444492e+00,-1.359078173403709400e+00,2.310653949664376317e+00,1.347307439858464795e+00,-1.536531835346531372e+00,1.972500913881135132e+00,3.089462717380518919e-01,1.557985642788203950e+00,1.000000000000000000e+00
1.109999999999999964e+01,9.608208368822868106e-01,1.554474300846761525e-01,-1.234122589781773000e-01,1.934653204757773581e-01,9.610729410767180347e-01,1.525226356944534567e-01,-1.236352888745617523e-01,1.943964065405229535e-01,1.868433624676332006e+00,-1.374828280189588581e+00,2.313543678363350953e+00,1.303567707313057822e+00,-1.674079313780026723e+00,1.998540622345296391e+00,3.538384337729105766e-01,1.075102370391566531e+00,1.000000000000000000e+00
1.112000000000000099e+01,9.606606139139087785e-01,1.557651156653951929e-01,-1.236471191099525191e-01,1.938551096878988744e-01,9.607854839039056127e-01,1.530528771120046871e-01,-1.238529765135475136e-01,1.952601109699831639e-01,1.876309100491742710e+00,-1.401240417914599190e+00,2.338888770740378042e+00,1.366274797121927120e+00,-1.669522916052387451e+00,2.135812498650277114e+00,3.511112988440281968e-01,1.139425763786326318e+00,1.000000000000000000e+00
1.114000000000000057e+01,9.604987299691685187e-01,1.560833283438251562e-01,-1.238825968421311541e-01,1.942505766796538136e-01,9.606216452869742461e-01,1.529650557592490412e-01,-1.239636492349020513e-01,1.960631530682977464e-01,1.877356286298717425e+00,-1.410298302312011254e+00,2.371807386176766119e+00,1.275646821479734516e+00,-1.663504262576296133e+00,2.232691992226002231e+00,4.136540835458195620e-01,8.814928275092952514e-01,1.000000000000000000e+00
1.116000000000000014e+01,9.603367279370440546e-01,1.563988719060545596e-01,-1.241175872253943296e-01,1.946473384946012519e-01,9.601982464432591291e-01,1.546288049474702220e-01,-1.249684615332428694e-01,1.961941483067778103e-01,1.861311604083070836e+00,-1.411828721926343899e+00,2.377605859821802614e+00,1.666116241353782002e+00,-1.764928988938791354e+00,2.202507977159673835e+00,2.869123015198344340e-01,8.181005654433523233e+00,1.000000000000000000e+00
1.117999999999999972e+01,9.601747712170207727e-01,1.567156691982953542e-01,-1.243531601134468950e-01,1.950407632159801008e-01,9.599730702959562434e-01,1.553061606546946305e-01,-1.251359277926779312e-01,1.966537575148745998e-01,1.871192211042616904e+00,-1.410613041610194518e+00,2.359563150521794217e+00,1.755108356785787471e+00,-1.721394132461263604e+00,2.241213369667407029e+00,2.623590131453789609e-01,5.655145503566201270e-01,1.000000000000000000e+00
1.120000000000000107e+01,9.600121477362187905e-01,1.570359078836961186e-01,-1.245865545594701806e-01,1.954343630404740129e-01,9.597368519447493362e-01,1.557441993527750590e-01,-1.259961093278110789e-01,1.969108930998990370e-01,1.888164202869162756e+00,-1.395415096020229173e+00,2.365679586164514348e+00,1.824521722574481419e+00,-1.843826595495271059e+00,2.198634455585297687e+00,2.786080501557892664e-01,1.080821222477715615e+00,1.000000000000000000e+00
1.122000000000000064e+01,9.598489275467244619e-01,1.573564737369453626e-01,-1.248209872492519884e-01,1.958282349473614847e-01,9.595360068840913526e-01,1.560155707939119007e-01,-1.250768128785183786e-01,1.982563594009920105e-01,1.891469026829515787e+00,-1.401430324775376102e+00,2.367143717016180648e+00,1.733116003156489837e+00,-1.597936192616930207e+00,2.469604562591471542e+00,3.212077296249448710e-01,7.110827818808365564e+00,1.000000000000000000e+00
1.124000000000000021e+01,9.596857936566541847e-01,1.576761361549683937e-01,-1.250542683683923961e-01,1.962214144880313760e-01,9.593049656582915974e-01,1.571511967046425595e-01,-1.252120449099982658e-01,1.983921068165249157e-01,1.885625834397185896e+00,-1.395424947096892465e+00,2.363631327780959968e+00,1.933675959469658645e+00,-1.519600200842978976e+00,2.437584088906931790e+00,2.602362000981995327e-01,2.368943368164533325e+00,1.000000000000000000e+00
1.125999999999999979e+01,9.595229843902062239e-01,1.579949208592842935e-01,-1.252874885743850975e-01,1.966120357869878543e-01,9.589952465328445141e-01,1.578410540256072192e-01,-1.258650091180879005e-01,1.989279223015152087e-01,1.882270889349050957e+00,-1.393533036883665810e+00,2.348625769602885605e+00,2.038597493332586552e+00,-1.603191181764852313e+00,2.469712636077633583e+00,2.806685226742290373e-01,9.512873227807576715e-01,1.000000000000000000e+00
1.127999999999999936e+01,9.593601684252900386e-01,1.583145363853027954e-01,-1.255179901018602384e-01,1.970020532098463728e-01,9.586364906332073277e-01,1.586848471124791826e-01,-1.266434813458581499e-01,1.994909189811382988e-01,1.884215416423825840e+00,-1.377108889989949514e+00,2.348370877187536010e+00,2.181725195034105447e+00,-1.707375022572913847e+00,2.509009889105090263e+00,3.265764630784271927e-01,1.644024643165842514e+00,1.000000000000000000e+00
1.130000000000000071e+01,9.591971520475127688e-01,1.586336599911660761e-01,-1.257478166347270054e-01,1.973921782476368569e-01,9.582458034969755234e-01,1.593162786247689366e-01,-1.280054775073216911e-01,1.999947528654529294e-01,1.880853968573749979e+00,-1.374195621449222582e+00,2.349447120145418566e+00,2.301078313762178862e+00,-1.950731157668060156e+00,2.505389819068235102e+00,4.169853492085346391e-01,3.673690197120753620e+00,1.000000000000000000e+00
1.132000000000000028e+01,9.590358572259188863e-01,1.589489526240405459e-01,-1.259746182043624818e-01,1.977772751934174789e-01,9.579143867107388077e-01,1.590164026138247977e-01,-1.287962612621061376e-01,2.013090522486515599e-01,1.858436488961564326e+00,-1.356093368930896270e+00,2.319855972227004681e+00,2.145269603624833543e+00,-2.126961956760448302e+00,2.678941407792628571e+00,5.337728887554372692e-01,4.272370540859931509e+00,1.000000000000000000e+00
1.133999999999999986e+01,9.588751035950758839e-01,1.592608397719313673e-01,-1.262006485591195271e-01,1.981613406392110366e-01,9.578688618424947565e-01,1.583900261012362864e-01,-1.288364764585359645e-01,2.019925876807427689e-01,1.839101511119730414e+00,-1.354384651369786807e+00,2.311819082416469495e+00,1.892989331775667416e+00,-2.105280064833895626e+00,2.704632803304232613e+00,5.542836132770261326e-01,3.238576655993826048e+00,1.000000000000000000e+00
1.135999999999999943e+01,9.587146180697841968e-01,1.595725819286363811e-01,-1.264243313408525970e-01,1.985441025086237543e-01,9.576907405809910179e-01,1.587490642270168728e-01,-1.291356531932779939e-01,2.023639372191224084e-01,1.836337486331568236e+00,-1.340268451468417332e+00,2.306390210915176375e+00,1.906088745282142893e+00,-2.087992362053586515e+00,2.685053149019318575e+00,5.574965508072268205e-01,4.268905753365721117e-02,1.000000000000000000e+00
1.138000000000000078e+01,9.585530502674696196e-01,1.598892915907997592e-01,-1.266479701409915504e-01,1.989265088335105680e-01,9.574153137798837587e-01,1.588071454263600135e-01,-1.294555468983187296e-01,2.034145247482465613e-01,1.864821163330846909e+00,-1.334834842622652173e+00,2.309306829876379030e+00,1.832578973569366720e+00,-2.120133288600652310e+00,2.817309996882263690e+00,6.327523032439310580e-01,1.196385640239844950e+00,1.000000000000000000e+00
1.140000000000000036e+01,9.583913872043618998e-01,1.602026507296359092e-01,-1.268733212065283056e-01,1.993093575267417539e-01,9.572163653326430932e-01,1.591017169845577173e-01,-1.297967646585803936e-01,2.039026078207314130e-01,1.848137586548909361e+00,-1.348531970331441121e+00,2.307845062501203692e+00,1.832578973569366720e+00,-2.120133288600652310e+00,2.817309996882263690e+00,6.506266939935813065e-01,1.386626991420282451e+01,0.000000000000000000e+00
1.141999999999999993e+01,9.582300869292196266e-01,1.605168649334508535e-01,-1.270975018908858389e-01,1.996889120323228350e-01,9.570188870432474459e-01,1.592963341956612211e-01,-1.293834123539144010e-01,2.049376987330177868e-01,1.853558018440824906e+00,-1.337841313534896104e+00,2.291037658766529539e+00,1.755000788059146277e+00,-1.972712006171213117e+00,2.968545078099490642e+00,6.849849336009422585e-01,2.169080699075126351e+00,1.000000000000000000e+00
1.143999999999999950e+01,9.580678327133466121e-01,1.608282164762659949e-01,-1.273247136754493691e-01,2.000718120887576557e-01,9.570270575196714313e-01,1.603654074299621368e-01,-1.300821284963821489e-01,2.036192209024303701e-01,1.839750317849057293e+00,-1.361529647437741186e+00,2.305624702465044695e+00,2.001884808632182100e+00,-1.946729292850667647e+00,2.548842170016205610e+00,5.311524511128550285e-01,1.039035924281315459e+01,1.000000000000000000e+00
1.146000000000000085e+01,9.579040018781180832e-01,1.611434281399414525e-01,-1.275526694111609183e-01,2.004570659250532183e-01,9.569584850972767676e-01,1.606229074012031910e-01,-1.304162329148347566e-01,2.035248034285094820e-01,1.861528284886106110e+00,-1.364507603273055425e+00,2.322483176622685441e+00,1.999235716918926764e+00,-1.927787240696557935e+00,2.419559755108696919e+00,4.965396849297303294e-01,7.597834647334977820e-01,1.000000000000000000e+00
1.148000000000000043e+01,9.577408393447703894e-01,1.614623214624988645e-01,-1.277786615894074829e-01,2.008357962155530307e-01,9.571285699659232149e-01,1.606383475639294178e-01,-1.293966297814291011e-01,2.033635514248434140e-01,1.883629960155081218e+00,-1.342990834103077180e+00,2.290415432341001534e+00,1.868686190274016612e+00,-1.602595231494843286e+00,2.313584161167727693e+00,3.634771761570071980e-01,6.058858650656275380e+00,1.000000000000000000e+00
1.150000000000000000e+01,9.575780024099802556e-01,1.617777177688744239e-01,-1.280039319725678471e-01,2.012146434372226178e-01,9.570204291915705985e-01,1.608804671316845791e-01,-1.298151353873953917e-01,2.034143653477436808e-01,1.863222859100517326e+00,-1.342923848043287238e+00,2.288789930382826299e+00,1.869000200114909083e+00,-1.624878360901371277e+00,2.225697471300253749e+00,3.482374696228338617e-01,3.770653450506337712e-01,1.000000000000000000e+00
1.151999999999999957e+01,9.574155932998605900e-01,1.620918231014513433e-01,-1.282284285232859755e-01,2.015914003829838708e-01,9.567596195789142000e-01,1.611797587351049277e-01,-1.298548466612707841e-01,2.043766975853233137e-01,1.856384242767251891e+00,-1.337915248346106978e+00,2.276598832371139025e+00,1.841781966677038307e+00,-1.596915343687266731e+00,2.372720315315242523e+00,3.913816066302484020e-01,1.075178327361254071e+00,1.000000000000000000e+00
1.154000000000000092e+01,9.572524011522912657e-01,1.624069348968077975e-01,-1.284531287591538229e-01,2.019693583135355741e-01,9.566270587801738445e-01,1.619574323164860163e-01,-1.293686475603189612e-01,2.046905311817301121e-01,1.861985409778604161e+00,-1.339560752548277334e+00,2.284641651930958250e+00,1.914007943607410445e+00,-1.398447954767197743e+00,2.394778648473225413e+00,3.406294300240064743e-01,2.119686883602553085e+00,1.000000000000000000e+00
1.156000000000000050e+01,9.570886138592623604e-01,1.627271875995824346e-01,-1.286753841491770078e-01,2.023459738935954044e-01,9.565534098716047540e-01,1.622297799408219943e-01,-1.289331251858904237e-01,2.050934464900275589e-01,1.888894070211873055e+00,-1.319391496853280721e+00,2.284026630793612345e+00,1.865814319095058904e+00,-1.246016965633883089e+00,2.415913997675128932e+00,3.271162390971891210e-01,1.234998278298882646e+00,1.000000000000000000e+00
1.158000000000000007e+01,9.569250341659161219e-01,1.630457516723786970e-01,-1.289020296774860130e-01,2.027185945915515319e-01,9.563602780200308739e-01,1.629374868468526916e-01,-1.286549966835896230e-01,2.056071152315181172e-01,1.887475535722830111e+00,-1.341545769826519852e+00,2.256541023158506576e+00,1.927489466919909855e+00,-1.122406988174950548e+00,2.474227447096538413e+00,3.386806581286347373e-01,1.077471995454326592e+00,1.000000000000000000e+00
1.159999999999999964e+01,9.567623349076522787e-01,1.633614098178178820e-01,-1.291255805565212911e-01,2.030898045947504282e-01,9.563292038857821309e-01,1.634864841302092198e-01,-1.287555191537489985e-01,2.052526238306774664e-01,1.868167959270871981e+00,-1.325985612189872098e+00,2.248528663424982366e+00,1.988884422278248465e+00,-1.058980978537082285e+00,2.305445465662430138e+00,2.566948285612456471e-01,1.752398130442446522e+00,1.000000000000000000e+00
1.162000000000000099e+01,9.565993750241446048e-01,1.636741234442565252e-01,-1.293543611758727896e-01,2.034597411355673624e-01,9.563972367604822722e-01,1.628784683562502500e-01,-1.285125218500527688e-01,2.055710626293880405e-01,1.859298083536119472e+00,-1.357081403338224801e+00,2.234777555238792068e+00,1.743970626072622432e+00,-9.997121298054414407e-01,2.270270844691599788e+00,2.769301667167781145e-01,3.148350868563361882e+00,1.000000000000000000e+00
1.164000000000000057e+01,9.564361824743206064e-01,1.639890498469579738e-01,-1.295829672027737911e-01,2.038275619124285398e-01,9.561258880245359082e-01,1.634413598483730190e-01,-1.289503776116798783e-01,2.061116402681141269e-01,1.873008864572209164e+00,-1.351733269870385001e+00,2.225256189459555500e+00,1.815032761695777985e+00,-1.059498113341289072e+00,2.312333339609804028e+00,2.810048949205276592e-01,5.085096205051421459e-01,1.000000000000000000e+00
1.166000000000000014e+01,9.562722174237449080e-01,1.643041876165790005e-01,-1.298141751851232817e-01,2.041956415698830130e-01,9.558579952711516725e-01,1.638639717812845620e-01,-1.292740344072612069e-01,2.068146891696711898e-01,1.877739459059050153e+00,-1.366561868296799043e+00,2.225289175654503016e+00,1.840629646071561654e+00,-1.103951652610009937e+00,2.389663394858179135e+00,3.141676980728309587e-01,4.234658596150276955e-01,1.000000000000000000e+00
1.167999999999999972e+01,9.561072753606184582e-01,1.646232462635372762e-01,-1.300473293290008991e-01,2.045623546172260498e-01,9.559806571387612362e-01,1.629416051358841266e-01,-1.293529295091530307e-01,2.069271275586749004e-01,1.903435222569601182e+00,-1.372077873992544328e+00,2.220028698408499146e+00,1.549949785095514843e+00,-1.122094282294343826e+00,2.278913102261757029e+00,3.422107236306421441e-01,4.795179570071244513e+00,1.000000000000000000e+00
1.170000000000000107e+01,9.559427439241131585e-01,1.649371989322876153e-01,-1.302783080817307704e-01,2.049310937621968975e-01,9.559932037876692767e-01,1.628356899174287220e-01,-1.298012835688224509e-01,2.066716216242306114e-01,1.871017535356377604e+00,-1.367750468954376686e+00,2.228893896480274250e+00,1.490708051579983318e+00,-1.172569669044832175e+00,2.104921357433479745e+00,3.174802700491647922e-01,1.800877541777165414e+00,1.000000000000000000e+00
1.172000000000000064e+01,9.557772314195015495e-01,1.652520868528358777e-01,-1.305135876463677236e-01,2.052993792745833046e-01,9.556092058847844850e-01,1.643715091176942977e-01,-1.301900766124003961e-01,2.069869478258974105e-01,1.882455667233548846e+00,-1.390512128826238314e+00,2.224194977123700845e+00,1.802813135035512326e+00,-1.161071336965994183e+00,2.140257453730165071e+00,2.220889042241428191e-01,4.911828650950184283e+00,1.000000000000000000e+00
1.174000000000000021e+01,9.556110945769318299e-01,1.655659128559325288e-01,-1.307516996730009873e-01,2.056680759240026024e-01,9.553118438260346235e-01,1.648780271470411674e-01,-1.309889898741802838e-01,2.074521673580288217e-01,1.880255855329418857e+00,-1.408128516827242160e+00,2.223704907815406528e+00,1.879760203616753111e+00,-1.297274926245624460e+00,2.156168317313965854e+00,2.234396667334227482e-01,1.232394096043669895e+00,1.000000000000000000e+00
1.175999999999999979e+01,9.554453330798655664e-01,1.658828349616733866e-01,-1.309884504008977379e-01,2.060318577855247135e-01,9.550178846326722315e-01,1.646104794015057216e-01,-1.318540345858971452e-01,2.084676081945669723e-01,1.898929505764482384e+00,-1.392083175811643425e+00,2.199963728615869307e+00,1.763088432618400647e+00,-1.502797549133267019e+00,2.269860330035700535e+00,3.337688981598335713e-01,3.434977844661543323e+00,1.000000000000000000e+00
1.177999999999999936e+01,9.552797199758943369e-01,1.662013094342086883e-01,-1.312241116559520471e-01,2.063928629222379074e-01,9.549881072004217097e-01,1.643913178299719335e-01,-1.318439319930198583e-01,2.087831107261816643e-01,1.908084446026122594e+00,-1.381536067401581969e+00,2.186788474032216545e+00,1.630405236900079213e+00,-1.462126164622985280e+00,2.242108909430610808e+00,3.524240415770558688e-01,1.001904791305746167e+00,1.000000000000000000e+00
1.180000000000000071e+01,9.551138786680057891e-01,1.665178934755344176e-01,-1.314586340235696926e-01,2.067556467642073237e-01,9.549989527599589412e-01,1.646564771112528636e-01,-1.328211239861976645e-01,2.079033280054372046e-01,1.895270644861169362e+00,-1.379403429121095703e+00,2.196456994792981732e+00,1.699111445349072547e+00,-1.576113606264674338e+00,1.917384349950391531e+00,2.955403540944806506e-01,6.168241802538458884e+00,1.000000000000000000e+00
1.182000000000000028e+01,9.549480478902021563e-01,1.668337773996352580e-01,-1.316926774329491567e-01,2.071177328472924850e-01,9.547561371032853295e-01,1.648220227212670308e-01,-1.332328882566504447e-01,2.086226664973721834e-01,1.891387445655321464e+00,-1.376938105456253281e+00,2.192555737789820824e+00,1.673039923159244546e+00,-1.632127977840993616e+00,2.002717129150848319e+00,3.384055333449006997e-01,5.563771480296462180e-01,1.000000000000000000e+00
1.183999999999999986e+01,9.547825112500640810e-01,1.671492101818989051e-01,-1.319267676203035589e-01,2.074772896773214581e-01,9.548011114854978443e-01,1.648640708227218366e-01,-1.333138132252281172e-01,2.083317135271714748e-01,1.890601825482163711e+00,-1.375089796825613275e+00,2.177982883493011723e+00,1.624542876524811996e+00,-1.567429062080111901e+00,1.848461267022883270e+00,3.215952164842501571e-01,1.521501387573446440e+00,1.000000000000000000e+00
1.185999999999999943e+01,9.546164624258962617e-01,1.674616791767696566e-01,-1.321604299306280983e-01,2.078403628588911534e-01,9.547558026365927653e-01,1.655752569071629043e-01,-1.327134234725678985e-01,2.083586783939501419e-01,1.871712340849991163e+00,-1.380027061851043513e+00,2.195997445081007360e+00,1.690549532645156727e+00,-1.331803480017246244e+00,1.826027598001141783e+00,2.335099025564225661e-01,3.029884528494373175e+00,1.000000000000000000e+00
1.188000000000000078e+01,9.544500838420703070e-01,1.677723641476435712e-01,-1.323976144124246745e-01,2.082026488305907530e-01,9.544001231172417610e-01,1.668734878435224611e-01,-1.328227219717907637e-01,2.088821882706516642e-01,1.867061360437118234e+00,-1.400910622621373003e+00,2.187354076885574372e+00,1.919847991174131741e+00,-1.268681266925786977e+00,1.924076363962817338e+00,1.381275238782270487e-01,3.321449911186256099e+00,1.000000000000000000e+00
1.190000000000000036e+01,9.542832059835547609e-01,1.680846824206701229e-01,-1.326352557082155215e-01,2.085641178546956409e-01,9.542328263855081039e-01,1.674413482979927315e-01,-1.326236280637454745e-01,2.093181339676147834e-01,1.877637827919407698e+00,-1.401053804220911747e+00,2.184281987087120847e+00,1.952390820518871584e+00,-1.164450907294764415e+00,1.977828452298671325e+00,1.137342137588609886e-01,7.434914695563070719e-01,1.000000000000000000e+00
1.191999999999999993e+01,9.541162877443273294e-01,1.683979941505865108e-01,-1.328730779431597508e-01,2.089233595961789425e-01,9.539147533409318980e-01,1.676438976721581764e-01,-1.332148358488855489e-01,2.102283863838338152e-01,1.885017411095911921e+00,-1.398741641589609674e+00,2.172732978306759488e+00,1.930558288790592325e+00,-1.287657020815883069e+00,2.101936178361718977e+00,1.786001073796219252e-01,1.558878306958609183e+00,1.000000000000000000e+00
1.193999999999999950e+01,9.539486166861854688e-01,1.687067138985886561e-01,-1.331092006960526153e-01,2.092893262880627103e-01,9.537158008901045481e-01,1.677075564557555520e-01,-1.339836839790516099e-01,2.105913556335771986e-01,1.853486752332339726e+00,-1.402009600320624161e+00,2.208541151335332131e+00,1.899465484518877867e+00,-1.427479653921354119e+00,2.078006516030780571e+00,2.147643085401124974e-01,1.058327145815343595e+00,1.000000000000000000e+00
1.196000000000000085e+01,9.537796837417396034e-01,1.690187264706328740e-01,-1.333461178159659200e-01,2.096563804112896445e-01,9.531558262936781212e-01,1.683463905223714641e-01,-1.340705871046404540e-01,2.125524435849235616e-01,1.872827397794522453e+00,-1.404416356587014914e+00,2.217741383345804618e+00,1.929858468538791838e+00,-1.452541956730609485e+00,2.485403478051880555e+00,3.578721967665741133e-01,8.404585970850552812e+00,1.000000000000000000e+00
1.198000000000000043e+01,9.536104987106303055e-01,1.693303972961820725e-01,-1.335845898534680498e-01,2.100223575100062245e-01,9.529269601803682654e-01,1.690358461723940331e-01,-1.340035622621322253e-01,2.130730780066892871e-01,1.873894657359101767e+00,-1.412473722676375720e+00,2.210391633399186873e+00,1.995716751988508841e+00,-1.369441572736993518e+00,2.537113535821561072e+00,3.630297323652585950e-01,6.979868695047685145e-01,1.000000000000000000e+00
1.200000000000000000e+01,9.534401545672210876e-01,1.696417654886540061e-01,-1.338264352926546441e-01,2.103901810389144922e-01,9.529836155812415610e-01,1.690862454101126067e-01,-1.344571177530400341e-01,2.124931846727339813e-01,1.876011817854369879e+00,-1.433947995225672623e+00,2.218370462768644025e+00,1.963208587001946892e+00,-1.387695904174348405e+00,2.278144233212958891e+00,2.647391759621440799e-01,3.432089809831770477e+00,1.000000000000000000e+00
1.201999999999999957e+01,9.532695257538479350e-01,1.699512347531700607e-01,-1.340697525053265726e-01,2.107583700308655883e-01,9.529732255789234996e-01,1.686928807185605894e-01,-1.344314180845953832e-01,2.128683563997720851e-01,1.867408946743176257e+00,-1.444850568440107175e+00,2.217823505122840544e+00,1.777657300099010129e+00,-1.359361844641044259e+00,2.257353597650701982e+00,2.865727647082348395e-01,1.787404909402612541e+00,1.000000000000000000e+00
1.204000000000000092e+01,9.530993457008968273e-01,1.702572097195707568e-01,-1.343143496813412885e-01,2.111250227535968471e-01,9.525900608346977716e-01,1.692535123442862888e-01,-1.361272668023696397e-01,2.130605355080713581e-01,1.850612428967630674e+00,-1.454220413934579126e+00,2.204960201669721620e+00,1.927878399875528226e+00,-1.682397826232168159e+00,2.175567175160149969e+00,3.301283843488452829e-01,6.693469731346597840e+00,1.000000000000000000e+00
1.206000000000000050e+01,9.529289842500318075e-01,1.705590465717711224e-01,-1.345586862122515048e-01,2.114944977382720581e-01,9.526261313690055355e-01,1.692576467245711369e-01,-1.361965575237076564e-01,2.128515928455182449e-01,1.825704527684000489e+00,-1.460695487904948076e+00,2.217661314215776169e+00,1.856984173188448217e+00,-1.617643910011519193e+00,2.031734503284925886e+00,2.878437392004921103e-01,1.497684740749415599e+00,1.000000000000000000e+00
1.208000000000000007e+01,9.527571508370443754e-01,1.708665703553154391e-01,-1.348012722351671633e-01,2.118656264420205881e-01,9.523940898940632671e-01,1.688979410935229908e-01,-1.366675108394503069e-01,2.138713971296221927e-01,1.854796766792675689e+00,-1.446997542968662120e+00,2.234569185013052461e+00,1.696495098592266215e+00,-1.725233549855098136e+00,2.160898979206417270e+00,3.888233280120326207e-01,2.703965945117675407e+00,1.000000000000000000e+00
1.209999999999999964e+01,9.525848223470398946e-01,1.711735292059983482e-01,-1.350442012017039062e-01,2.122377036603427247e-01,9.524289465395410215e-01,1.687493912601414348e-01,-1.362335548084582793e-01,2.141101662396315275e-01,1.851881244080751721e+00,-1.450866373737588200e+00,2.239575934697593862e+00,1.559550777823178747e+00,-1.569506960927238959e+00,2.135579756270735707e+00,3.769597265232862426e-01,2.184032935168663592e+00,1.000000000000000000e+00
1.212000000000000099e+01,9.524114493811932647e-01,1.714814367995700917e-01,-1.352887952893261359e-01,2.126111233918218657e-01,9.522824476605957766e-01,1.690230007301882775e-01,-1.356876148744077526e-01,2.148912196237948991e-01,1.859069846264105985e+00,-1.460925584005837052e+00,2.247274382625782607e+00,1.508834999672757249e+00,-1.400703250026422042e+00,2.263490271552949906e+00,3.872186989699523130e-01,2.372454205971000540e+00,1.000000000000000000e+00
1.214000000000000057e+01,9.522371874254186297e-01,1.717920742856305916e-01,-1.355322806491209287e-01,2.129854995036432330e-01,9.524840141762167534e-01,1.681056005884954963e-01,-1.351336217192408984e-01,2.150665340553538640e-01,1.872748130538078426e+00,-1.453178629017638501e+00,2.256781626444804623e+00,1.192345846320454594e+00,-1.263086072194989029e+00,2.190582105267401936e+00,4.880668655331558137e-01,6.221675467812374904e+00,1.000000000000000000e+00
1.216000000000000014e+01,9.520632481757158594e-01,1.721022408072787335e-01,-1.357771078120304786e-01,2.133564322358691701e-01,9.522454753974302077e-01,1.685124828036811961e-01,-1.348053031730474804e-01,2.160083978943504457e-01,1.874172305434815611e+00,-1.457434221152427378e+00,2.235914571240783744e+00,1.197612877528655639e+00,-1.159158864538687217e+00,2.353243478011604051e+00,5.238342499662645979e-01,1.863999077215563016e+00,1.000000000000000000e+00
1.217999999999999972e+01,9.518881474111109409e-01,1.724108097905371617e-01,-1.360231418643348955e-01,2.137315427422202818e-01,9.523143088247487675e-01,1.688006724469146569e-01,-1.338357309564655595e-01,2.160828251121759136e-01,1.864828471542239186e+00,-1.470993793422980422e+00,2.257691005538405182e+00,1.157388933908940043e+00,-8.739269202703114914e-01,2.316022543282509449e+00,5.558345823345828274e-01,4.216021800870338510e+00,1.000000000000000000e+00
1.220000000000000107e+01,9.517125367026023630e-01,1.727182746258394130e-01,-1.362654197307730797e-01,2.141106734354154273e-01,9.524248603116671763e-01,1.687097807561847018e-01,-1.331611019488652958e-01,2.160833549009860965e-01,1.851577336018788378e+00,-1.456228729316756620e+00,2.283091238532675149e+00,1.047936345671736547e+00,-6.838307334773991997e-01,2.237374604987303783e+00,6.287283343258838197e-01,2.713118780010565612e+00,1.000000000000000000e+00
1.222000000000000064e+01,9.515366903945523536e-01,1.730286102508447055e-01,-1.365101472160801521e-01,2.144854460672968866e-01,9.520006363696340568e-01,1.697840885792388788e-01,-1.328712566069138457e-01,2.172864026689859396e-01,1.873872279462751589e+00,-1.461935695803933788e+00,2.259433341155640207e+00,1.214535432190375408e+00,-5.945432530236152147e-01,2.487074507136425083e+00,6.464948041463663975e-01,4.899209739243582717e+00,1.000000000000000000e+00
1.224000000000000021e+01,9.513601328219905007e-01,1.733434881857932042e-01,-1.367541734640544127e-01,2.148586251949632375e-01,9.519464391613924326e-01,1.699106470357430732e-01,-1.334261180222690857e-01,2.170848221809812961e-01,1.899726245413188241e+00,-1.451507064912054945e+00,2.255867731676274968e+00,1.229895109046023949e+00,-6.838650427037314961e-01,2.320511169853448408e+00,6.080928849309743534e-01,1.795822932856518728e+00,1.000000000000000000e+00
1.225999999999999979e+01,9.511823735369763222e-01,1.736562577118850315e-01,-1.370042564071921598e-01,2.152334317813558440e-01,9.518608051920877111e-01,1.707797942447500661e-01,-1.323461444707533241e-01,2.174391120762728113e-01,1.895607964954109326e+00,-1.489674976270196405e+00,2.258550752665668515e+00,1.313069233041445516e+00,-3.790570035607035426e-01,2.380322003996557356e+00,6.808074198886877593e-01,5.163387148363746348e+00,1.000000000000000000e+00
1.228000000000000114e+01,9.510054115684636322e-01,1.739676525883273039e-01,-1.372531744674022891e-01,2.156050303657713885e-01,9.514058293156637536e-01,1.708364107003827737e-01,-1.335668302667497864e-01,2.186361602655827463e-01,1.888404661420626462e+00,-1.481203960406076492e+00,2.240164260906402749e+00,1.316106814560976668e+00,-7.038000228744619724e-01,2.530386293075207238e+00,6.556998849944919439e-01,6.390061168305791739e+00,1.000000000000000000e+00
1.230000000000000071e+01,9.508274776556164820e-01,1.742797820860116642e-01,-1.375053366357782414e-01,2.159767295052686387e-01,9.511196411333060485e-01,1.719433412102324144e-01,-1.337819147905174033e-01,2.188819657689860254e-01,1.897304760973756554e+00,-1.498837724563088392e+00,2.239256947196534231e+00,1.529688085171450274e+00,-6.842114606667297760e-01,2.521822507417969206e+00,6.047204932889247431e-01,2.300105976630865356e+00,1.000000000000000000e+00
1.232000000000000028e+01,9.506493375748183983e-01,1.745893925087831366e-01,-1.377585111498390857e-01,2.163491936609717448e-01,9.509229906997600512e-01,1.727259346832358822e-01,-1.348581197121753172e-01,2.184593893475931803e-01,1.884437128207641976e+00,-1.508396401118320185e+00,2.240684232429285050e+00,1.723155458830436970e+00,-8.493089263224485874e-01,2.309569444769683511e+00,4.642383932237130195e-01,5.477868478525394380e+00,1.000000000000000000e+00
1.233999999999999986e+01,9.504694122464052430e-01,1.749016535695745167e-01,-1.380141107607755213e-01,2.167242791971266402e-01,9.505683478888832250e-01,1.735573220010347417e-01,-1.346245343968659192e-01,2.194855501167570222e-01,1.901597577013750984e+00,-1.522351086104937634e+00,2.256841657974582471e+00,1.810415025203281125e+00,-7.707112077053674959e-01,2.503008552074573068e+00,5.242597909049911964e-01,2.556146820563564681e+00,1.000000000000000000e+00
1.235999999999999943e+01,9.502896543191927670e-01,1.752156783272670604e-01,-1.382685441211370936e-01,2.170964040900864866e-01,9.503179980478460021e-01,1.738196011603193869e-01,-1.344485108447746602e-01,2.204677907777559120e-01,1.911927530136842579e+00,-1.510710607695423757e+00,2.243074131100532664e+00,1.763746399271195475e+00,-7.335713275504810449e-01,2.651937756984267480e+00,6.053732500125670324e-01,1.284608294047789867e+00,1.000000000000000000e+00
1.238000000000000078e+01,9.501096022292520038e-01,1.755345371212961580e-01,-1.385178163657515282e-01,2.174676632942213195e-01,9.501980381641293993e-01,1.744912966277098465e-01,-1.343615469792106554e-01,2.205072569408400573e-01,1.932809061225054581e+00,-1.475960626040761392e+00,2.247737492690088601e+00,1.842296250558765225e+00,-6.524443943151246872e-01,2.581230898691508457e+00,6.021231969804891060e-01,8.859819272837776705e-01,1.000000000000000000e+00
1.240000000000000036e+01,9.499283157150874013e-01,1.758529447589189110e-01,-1.387691562217372998e-01,2.178418189967690766e-01,9.503403848184110991e-01,1.742931002729753154e-01,-1.345445710669433692e-01,2.199382335494246277e-01,1.931872035782735697e+00,-1.491671099570201164e+00,2.262605794836309858e+00,1.741267653199264576e+00,-6.486872945014541259e-01,2.320846446071158198e+00,5.711793346193917431e-01,3.894108809404288607e+00,1.000000000000000000e+00
1.241999999999999993e+01,9.497453467188189391e-01,1.761737387956729406e-01,-1.390232443759488179e-01,2.182180736508544661e-01,9.501235541675006058e-01,1.739250800869386326e-01,-1.349239620538375817e-01,2.209317152347379243e-01,1.948317084978747671e+00,-1.507103216919215782e+00,2.275258027519861503e+00,1.580932920501416206e+00,-7.766798673545121101e-01,2.434441559705327940e+00,6.209926344147020938e-01,2.744796585077680540e+00,1.000000000000000000e+00
1.243999999999999950e+01,9.495627228374259321e-01,1.764923345337104654e-01,-1.392768785960318556e-01,2.185933263779132607e-01,9.501266018986127548e-01,1.732341351336524893e-01,-1.348888479243879612e-01,2.214822193647202342e-01,1.936236900684545237e+00,-1.506095351755485146e+00,2.268081562576550247e+00,1.336390135970285886e+00,-7.959053913656142232e-01,2.437069328802120793e+00,7.113400826505221763e-01,3.003637085360395975e+00,1.000000000000000000e+00
1.246000000000000085e+01,9.493809545770522940e-01,1.768081549616884462e-01,-1.395287733166150346e-01,2.189666660525508568e-01,9.501097483721562265e-01,1.731613671966581447e-01,-1.353046877564369199e-01,2.213577385814995691e-01,1.919620317045781732e+00,-1.497490057305141509e+00,2.256146136016170534e+00,1.290453460025022148e+00,-8.570150582663803585e-01,2.287330851421600197e+00,7.007013310521845728e-01,1.410893611154437233e+00,1.000000000000000000e+00
1.248000000000000043e+01,9.491968115900509817e-01,1.771289915265185644e-01,-1.397854577202023718e-01,2.193416491185231076e-01,9.499620296469144520e-01,1.733962425609533731e-01,-1.354275140363751240e-01,2.217324372679494171e-01,1.954006821119488535e+00,-1.520813881779177645e+00,2.267222736199635769e+00,1.290453460025022148e+00,-8.570150582663803585e-01,2.287330851421600197e+00,7.177004174409730153e-01,1.193127071666276073e+01,0.000000000000000000e+00
1.250000000000000000e+01,9.490116842671043607e-01,1.774510284592607512e-01,-1.400434355867201386e-01,2.197175272306073346e-01,9.497377717714677869e-01,1.744824614435042109e-01,-1.364246706605632964e-01,2.212291679556298574e-01,1.962442684517151426e+00,-1.528036558294511682e+00,2.272976178987567764e+00,1.562957711095064983e+00,-9.772070056678506811e-01,2.082461900104061847e+00,5.697420566367160655e-01,5.589937201675398093e+00,1.000000000000000000e+00
1.251999999999999957e+01,9.488281092811102768e-01,1.777660005668501852e-01,-1.402997185649768608e-01,2.200919286368502037e-01,9.496928472903131135e-01,1.751075567911985764e-01,-1.369630489841443532e-01,2.205945660554723686e-01,1.921501069047709453e+00,-1.524967562781076813e+00,2.259046944396284839e+00,1.691016341424099068e+00,-1.000647362020678832e+00,1.851426917116904880e+00,5.021298836974410484e-01,3.068237473157967354e+00,1.000000000000000000e+00
1.254000000000000092e+01,9.486433181357809552e-01,1.780861300584844764e-01,-1.405538614598773328e-01,2.204672249243539439e-01,9.496318373699702553e-01,1.748502533210227472e-01,-1.375647812054786590e-01,2.206868671643093249e-01,1.947359207318794638e+00,-1.508718688349101056e+00,2.271771015104595559e+00,1.593220096843484201e+00,-1.114657296047784518e+00,1.764630781251072422e+00,5.179607780516710669e-01,1.336782743443232224e+00,1.000000000000000000e+00
1.256000000000000050e+01,9.484577305388314228e-01,1.784046795260421925e-01,-1.408103058867720969e-01,2.208442017812863034e-01,9.494740120689657559e-01,1.755305575862276812e-01,-1.378954005348153322e-01,2.206195419052277007e-01,1.941137800040461547e+00,-1.525580304395879105e+00,2.278290720222031940e+00,1.707252482932132498e+00,-1.109869686787606780e+00,1.692869771886527985e+00,4.840130536678696194e-01,8.205117920092210859e-01,1.000000000000000000e+00
1.258000000000000007e+01,9.482728677262289851e-01,1.787254729276558096e-01,-1.410682611448542401e-01,2.212137413422295140e-01,9.491758416071053306e-01,1.757721906365005138e-01,-1.381916632171361070e-01,2.215229625243633482e-01,1.960503073943668184e+00,-1.522764182413524736e+00,2.237223418758940596e+00,1.689062363673681899e+00,-1.165691588681243118e+00,1.837950967285836956e+00,4.849226966710348807e-01,1.122031692557243776e+00,1.000000000000000000e+00
1.259999999999999964e+01,9.480881152656058797e-01,1.790450694890754757e-01,-1.413269253542044912e-01,2.215817884071036026e-01,9.489191056869046292e-01,1.765684251839201024e-01,-1.390433846515657934e-01,2.214566758421890602e-01,1.955992289881649304e+00,-1.526515465957637874e+00,2.227281174831694521e+00,1.856511189026834208e+00,-1.273453117594398609e+00,1.750836650169604880e+00,3.978577920840080662e-01,2.192330049189635588e+00,1.000000000000000000e+00
1.262000000000000099e+01,9.479039062376425351e-01,1.793628892823073695e-01,-1.415839797461496130e-01,2.219484515984808670e-01,9.490073049785129333e-01,1.761679683112520045e-01,-1.389747649155823328e-01,2.214407296663472580e-01,1.944859951032868794e+00,-1.518166743839566513e+00,2.219286554937831557e+00,1.682539554251068825e+00,-1.222264709433237728e+00,1.659419968981699078e+00,4.927546415565004501e-01,1.936428197502693349e+00,1.000000000000000000e+00
1.264000000000000057e+01,9.477186495511696895e-01,1.796821979436466765e-01,-1.418397011335877644e-01,2.223177190810080861e-01,9.486331127075400271e-01,1.772021986872888699e-01,-1.398855115204148680e-01,2.216453065640379694e-01,1.950214991964649425e+00,-1.512559966525188981e+00,2.237340659568604728e+00,1.902642306059820321e+00,-1.343806688949076733e+00,1.652612584682523478e+00,3.844823518497789139e-01,3.001150708823941748e+00,1.000000000000000000e+00
1.266000000000000014e+01,9.475340470829045625e-01,1.799993847876116271e-01,-1.420902543753700398e-01,2.226876976986295054e-01,9.484926125600395830e-01,1.782722752899525143e-01,-1.408657625537762526e-01,2.207659319780052865e-01,1.930858900850346505e+00,-1.487399976668121404e+00,2.243965067790487655e+00,2.151967539905435434e+00,-1.420283538682566293e+00,1.387845363979018032e+00,3.455714675334853325e-01,6.611812727543293633e+00,1.000000000000000000e+00
1.267999999999999972e+01,9.473483616448974409e-01,1.803204146470664404e-01,-1.423413591339814099e-01,2.230573182617630046e-01,9.482338739503921587e-01,1.789082460096716731e-01,-1.408375161571763512e-01,2.213801116754888221e-01,1.953834590711307495e+00,-1.486003212536558982e+00,2.245962844343782461e+00,2.194921973754865085e+00,-1.356726056502916000e+00,1.504977511780178245e+00,3.211206984010582244e-01,9.460372230903097979e-01,1.000000000000000000e+00
1.270000000000000107e+01,9.471638240705428924e-01,1.806378770038031545e-01,-1.425890415083201912e-01,2.234256319345725994e-01,9.480694239156642888e-01,1.794135244370486659e-01,-1.401205348738822354e-01,2.221292200318413512e-01,1.929976542443818444e+00,-1.469699810709573784e+00,2.238028538218411079e+00,2.162085249316692881e+00,-1.150015329061411462e+00,1.667849025013067532e+00,3.640580792075801542e-01,3.417753573475938111e+00,1.000000000000000000e+00
1.272000000000000064e+01,9.469783435237409952e-01,1.809534151113321998e-01,-1.428410053899886734e-01,2.237952761694373682e-01,9.479297534052251173e-01,1.800463554739046845e-01,-1.407920254497335433e-01,2.217884083071856027e-01,1.924903759149675153e+00,-1.497545692820680507e+00,2.240453097277355088e+00,2.267767256158344846e+00,-1.210117812574057039e+00,1.521585421469355826e+00,3.615319851111904459e-01,1.768398681954824747e+00,1.000000000000000000e+00
1.274000000000000021e+01,9.467923252083511043e-01,1.812662775544729710e-01,-1.430954681165265696e-01,2.241662698815789778e-01,9.477811517260343877e-01,1.809998333751760835e-01,-1.408257268785428618e-01,2.216259538054159983e-01,1.913043439669388057e+00,-1.516374009410665691e+00,2.243684045269251470e+00,2.402327548513724764e+00,-1.115262991991598396e+00,1.460445635048289725e+00,4.076257854014751492e-01,1.515543134572278738e+00,1.000000000000000000e+00
1.275999999999999979e+01,9.466063865116208786e-01,1.815797956561299165e-01,-1.433488901498748413e-01,2.245355707180693994e-01,9.476985303125249338e-01,1.816145901751138603e-01,-1.400518988054098302e-01,2.219664432296129530e-01,1.916568818917456341e+00,-1.508062962503701643e+00,2.236016808193965755e+00,2.392882770659694014e+00,-8.796598805614194161e-01,1.535516036125422090e+00,4.950645235323817284e-01,3.022214872479943804e+00,1.000000000000000000e+00
1.278000000000000114e+01,9.464195236183010618e-01,1.818952012210696134e-01,-1.436038410120142328e-01,2.249047752571092795e-01,9.474735780692896681e-01,1.811711919620298816e-01,-1.401860286045315540e-01,2.232010202658682163e-01,1.929813202777591608e+00,-1.514585476789898522e+00,2.236643169815059728e+00,2.169133750315787257e+00,-9.579707612156838081e-01,1.741526115314691259e+00,4.614991318086288929e-01,4.886300858722686158e+00,1.000000000000000000e+00
1.280000000000000071e+01,9.462313873147090160e-01,1.822167086954793458e-01,-1.438566872209399716e-01,2.252742468070525195e-01,9.471925233595887006e-01,1.815294797631243073e-01,-1.410061789534011178e-01,2.235858429453574381e-01,1.961296681454326007e+00,-1.496635861373695864e+00,2.246946009047581239e+00,2.202685717041947377e+00,-1.110217567612186818e+00,1.747250089742397039e+00,4.030656704748013519e-01,1.209379697715057711e+00,1.000000000000000000e+00
1.282000000000000028e+01,9.460417897347701555e-01,1.825395605007582578e-01,-1.441113456062427522e-01,2.256460967869403089e-01,9.470341112336437828e-01,1.811042021271254687e-01,-1.423937168047561819e-01,2.237223492329874219e-01,1.970489221884514253e+00,-1.508413005358424819e+00,2.260942884249726781e+00,2.091242574502249596e+00,-1.411067594640083467e+00,1.638979094827518912e+00,3.568200977060388412e-01,5.711806629021879189e+00,1.000000000000000000e+00
1.283999999999999986e+01,9.458514760825865730e-01,1.828578412631722272e-01,-1.443678284935934475e-01,2.260219572895722229e-01,9.466768341818732058e-01,1.815670089068407711e-01,-1.425325926378336328e-01,2.247684429272645279e-01,1.945508512393355316e+00,-1.528998041765730731e+00,2.277924885394342347e+00,2.095741914491158653e+00,-1.416520278022283863e+00,1.835875487571631215e+00,3.093305160882729998e-01,1.937829293818556398e+00,1.000000000000000000e+00
1.285999999999999943e+01,9.456592541849540012e-01,1.831793798769506543e-01,-1.446256197469759364e-01,2.264007947756715711e-01,9.463386478924667999e-01,1.822504931204033396e-01,-1.429416708434711192e-01,2.253787922562912605e-01,1.964395037621988305e+00,-1.536566976699696108e+00,2.297853355030120781e+00,2.178625738307131243e+00,-1.451291933155746339e+00,1.921083526744946868e+00,2.614240536883564725e-01,7.669954965807138647e-01,1.000000000000000000e+00
1.288000000000000078e+01,9.454671519338901930e-01,1.834968181265172749e-01,-1.448845135006586737e-01,2.267802021763351827e-01,9.460244459419878682e-01,1.829425767860294039e-01,-1.436334627610557635e-01,2.256971192866918108e-01,1.943010638332999918e+00,-1.548358494021036647e+00,2.296231218344572778e+00,2.284376217111163676e+00,-1.534440053118368841e+00,1.923433366060733452e+00,2.099234015739041559e-01,9.063005392107683633e-01,1.000000000000000000e+00
1.290000000000000036e+01,9.452743337113781452e-01,1.838177209656187694e-01,-1.451400693968468714e-01,2.271603832999818107e-01,9.456659707448505925e-01,1.839508063548808692e-01,-1.444263328577698735e-01,2.258738740842889670e-01,1.957552157242598012e+00,-1.527182969667295609e+00,2.307738214054968040e+00,2.469588509946119892e+00,-1.615220245999469117e+00,1.902624731625196963e+00,1.751271552513366525e-01,2.067757454695140940e+00,1.000000000000000000e+00
1.291999999999999993e+01,9.450812186649236724e-01,1.841389755656846483e-01,-1.453967529434149475e-01,2.275392538397595643e-01,9.453738122596899718e-01,1.851039894093926830e-01,-1.452040079668340811e-01,2.256560751867221215e-01,1.962327461852662269e+00,-1.531699053697487711e+00,2.300131269714421833e+00,2.690030737313075182e+00,-1.661548419867881821e+00,1.795621429904954436e+00,2.457815834748575401e-01,3.118651839253691715e+00,1.000000000000000000e+00
1.293999999999999950e+01,9.448881893095241180e-01,1.844624961320387724e-01,-1.456490949514699373e-01,2.279171743505176984e-01,9.450484980428547344e-01,1.860022470089944813e-01,-1.459796081555678193e-01,2.257796590866776032e-01,1.969638425132896220e+00,-1.504162130796845354e+00,2.301343406874408526e+00,2.833039336028298383e+00,-1.735811529972360656e+00,1.763050388138629687e+00,3.047951580702618068e-01,1.355924790572327066e+00,1.000000000000000000e+00
1.296000000000000085e+01,9.446940121105565913e-01,1.847848603897773168e-01,-1.459004423422755325e-01,2.282998900076793902e-01,9.452155078982360514e-01,1.858229015356363534e-01,-1.453687840326013114e-01,2.256222717783861742e-01,1.959291109336332548e+00,-1.506313287652973898e+00,2.328888611934654573e+00,2.639192309678427328e+00,-1.521448097687720935e+00,1.665910374530717331e+00,3.399681406343570966e-01,4.665054363753785793e+00,1.000000000000000000e+00
1.298000000000000043e+01,9.444995588246325458e-01,1.851073217779014013e-01,-1.461492267696264669e-01,2.286837692511810294e-01,9.447719212042180459e-01,1.861165531567176290e-01,-1.465865920180759174e-01,2.264487063016256130e-01,1.955783937833718511e+00,-1.493776416046186606e+00,2.338342598681626416e+00,2.651939137938406965e+00,-1.770368220929165792e+00,1.762882856915527707e+00,2.871548155233702992e-01,3.589625620022388830e+00,1.000000000000000000e+00
1.300000000000000000e+01,9.443063828173974272e-01,1.854286470458978708e-01,-1.463910995320570896e-01,2.290661873844463403e-01,9.444961798875592951e-01,1.863527066661337661e-01,-1.475681578387074699e-01,2.267670030848925045e-01,1.940448467300258217e+00,-1.455242779146492804e+00,2.335141170664085219e+00,2.648928512094706811e+00,-1.929726652480465932e+00,1.740308588388801425e+00,3.151086308083799747e-01,1.300432954885401005e+00,1.000000000000000000e+00
1.301999999999999957e+01,9.441140426956573517e-01,1.857472051853609196e-01,-1.466298484577139571e-01,2.294478975540154564e-01,9.442251727642709813e-01,1.868454933525017236e-01,-1.483187211208794321e-01,2.270003121081771713e-01,1.921082834883060864e+00,-1.440519788132106793e+00,2.331211584188169983e+00,2.694438343748156051e+00,-2.012200696681055057e+00,1.718873773760874357e+00,3.634840028016463331e-01,4.682668345299024759e-01,1.000000000000000000e+00
1.304000000000000092e+01,9.439214632669546967e-01,1.860676087315533411e-01,-1.468725989112775465e-01,2.298250548872767529e-01,9.439277015072838894e-01,1.871900939816738274e-01,-1.492592106277190744e-01,2.273368669729978475e-01,1.940405544587519904e+00,-1.455095187298076631e+00,2.304189923896875936e+00,2.712291736283941823e+00,-2.148000541748829928e+00,1.709193054927213851e+00,4.154954832335530091e-01,9.457966646974416136e-01,1.000000000000000000e+00
1.306000000000000050e+01,9.437272725189345124e-01,1.863900463457032197e-01,-1.471174424246435575e-01,2.302043523951083082e-01,9.437428426496652367e-01,1.874404726826731371e-01,-1.484393356395034558e-01,2.284322214201147672e-01,1.954079295316562215e+00,-1.467374133670280578e+00,2.317366675009612909e+00,2.578904954757978096e+00,-1.914704356740385194e+00,1.941939335369104125e+00,2.804917393333895559e-01,6.338395374752967548e+00,1.000000000000000000e+00
1.308000000000000007e+01,9.435334060981113158e-01,1.867108061867394087e-01,-1.473628839575578386e-01,2.305818008033278244e-01,9.437924305294548288e-01,1.878833621040603696e-01,-1.482455366336345448e-01,2.279889277749784227e-01,1.947008364157051030e+00,-1.470572556047020862e+00,2.304887642044788798e+00,2.574275209602805425e+00,-1.744154312647267613e+00,1.781974290869946964e+00,3.427045213070135099e-01,2.742139087254515051e+00,1.000000000000000000e+00
1.309999999999999964e+01,9.433387748659061156e-01,1.870326371634618845e-01,-1.476125192067588021e-01,2.309573394452024420e-01,9.439280207199660655e-01,1.875120234523475482e-01,-1.471417909757076203e-01,2.284478629993172694e-01,1.960770090829198065e+00,-1.490431606014141375e+00,2.291991832950855290e+00,2.298874310096459261e+00,-1.456895469129089404e+00,1.840605265843410887e+00,3.052544312233492763e-01,8.108581575155893617e+00,1.000000000000000000e+00
1.312000000000000099e+01,9.431427904035605270e-01,1.873550112859634353e-01,-1.478633986124669175e-01,2.313356695509633243e-01,9.436322887316861419e-01,1.869079956299702638e-01,-1.469287852832530383e-01,2.302942398058940576e-01,1.964441380804883064e+00,-1.500573339389307703e+00,2.307996332955762231e+00,2.001579223366860116e+00,-1.474492267694057501e+00,2.187032270880147955e+00,1.774323680537492620e-01,1.045524853846067614e+01,1.000000000000000000e+00
1.314000000000000057e+01,9.429462639108022737e-01,1.876766473301183791e-01,-1.481136229969635676e-01,2.317157182978729635e-01,9.433635513954011786e-01,1.869223482609922438e-01,-1.470363829941947476e-01,2.313126622025630519e-01,1.958710570613239277e+00,-1.500316126228318003e+00,2.318079827855654251e+00,1.902868497806630810e+00,-1.491533822346203575e+00,2.336985076243609072e+00,1.647090345271604306e-01,1.628492648238055507e+00,1.000000000000000000e+00
1.316000000000000014e+01,9.427496689588416023e-01,1.879987873720612157e-01,-1.483631695231636682e-01,2.320945659718685883e-01,9.429160967960918960e-01,1.875933869723916403e-01,-1.472273016155336289e-01,2.324695189181980037e-01,1.961626443598893710e+00,-1.494751320336694667e+00,2.312838311703048877e+00,1.965117029165250662e+00,-1.502337267087244355e+00,2.541546528089779322e+00,1.459787417879820637e-01,2.294487749780543151e+00,1.000000000000000000e+00
1.317999999999999972e+01,9.425537829230707931e-01,1.883215517222561197e-01,-1.486149105089606404e-01,2.324671327924534014e-01,9.428045107825493432e-01,1.883553865339583633e-01,-1.473533418654700833e-01,2.322259577497719774e-01,1.972492361237523806e+00,-1.498406547634747898e+00,2.276136124667640370e+00,2.076001622792778001e+00,-1.417937582067388069e+00,2.406982634623616502e+00,1.500112642377942340e-01,1.877780672804170159e+00,1.000000000000000000e+00
1.320000000000000107e+01,9.423575493183860008e-01,1.886389854397188814e-01,-1.488677449553504617e-01,2.328432453966149951e-01,9.426280450129282951e-01,1.880895931654401054e-01,-1.477753966470846669e-01,2.328886125248744443e-01,1.942516834909365331e+00,-1.515533653474944176e+00,2.290028956077307942e+00,1.936724543121476128e+00,-1.505630303763459965e+00,2.437613554064235633e+00,1.435957520864289405e-01,1.401928727923213325e+00,1.000000000000000000e+00
1.322000000000000064e+01,9.421604394378676472e-01,1.889593243812151269e-01,-1.491213686695237461e-01,2.332185616407211337e-01,9.424586781955422987e-01,1.884663270441508387e-01,-1.470596625454739237e-01,2.337210711861684442e-01,1.960882354635403724e+00,-1.515806011293778122e+00,2.288523146176601131e+00,1.878273360604910902e+00,-1.302492854075391282e+00,2.579259187794116226e+00,2.519748959064741500e-01,3.237586979963978706e+00,1.000000000000000000e+00
1.324000000000000021e+01,9.419629872475216992e-01,1.892782019479468392e-01,-1.493787183131508045e-01,2.335925757343287334e-01,9.419950211253055317e-01,1.891154441516114115e-01,-1.477999532318388098e-01,2.345973204943743728e-01,1.959455503565436851e+00,-1.536754697603331499e+00,2.276668803471774361e+00,1.978756530713502215e+00,-1.435064286381299903e+00,2.685296141437837125e+00,2.152836142981800760e-01,1.945410388142816416e+00,1.000000000000000000e+00
1.325999999999999979e+01,9.417647433688450809e-01,1.895983396136476928e-01,-1.496351915877268124e-01,2.339678336901588884e-01,9.416996290679936488e-01,1.895875591537877769e-01,-1.487119446887578134e-01,2.348257301366274419e-01,1.964877381583324034e+00,-1.532364926721122567e+00,2.286470475114717793e+00,2.059957397193858952e+00,-1.575711833446542531e+00,2.616256277335508695e+00,1.446183361909972320e-01,1.556351690604309113e+00,1.000000000000000000e+00
1.328000000000000114e+01,9.415648251544301850e-01,1.899232539088971661e-01,-1.498962591201301042e-01,2.343415224802362362e-01,9.414699187223186660e-01,1.904044536609257321e-01,-1.493555349540539312e-01,2.346773537128441500e-01,1.999974622880128283e+00,-1.550482775297811866e+00,2.279352300721213975e+00,2.211037631821821225e+00,-1.610355300394952005e+00,2.485549936937856863e+00,9.208240772356493520e-02,2.053988241212899801e+00,1.000000000000000000e+00
1.330000000000000071e+01,9.413648172860760166e-01,1.902455686472380725e-01,-1.501546335695291834e-01,2.347178953630127685e-01,9.409770418284177929e-01,1.915618607139377150e-01,-1.497149563649487480e-01,2.354818296860622107e-01,1.980127016110206917e+00,-1.542442356435361983e+00,2.294650687716979220e+00,2.394489601424043990e+00,-1.613118466014785035e+00,2.616657995197867237e+00,1.868899060155468916e-01,2.540177074950426217e+00,1.000000000000000000e+00
1.332000000000000028e+01,9.411654761917263023e-01,1.905651079900068934e-01,-1.504122439450729931e-01,2.350928389231924653e-01,9.406830969535168174e-01,1.921267693294719525e-01,-1.495349636937279014e-01,2.363089296790880922e-01,1.964632900611336330e+00,-1.539922035888320329e+00,2.284489882974590991e+00,2.395112683940708198e+00,-1.521355192928788957e+00,2.739619522723669043e+00,2.541757344710568467e-01,1.175681727120050590e+00,1.000000000000000000e+00
1.333999999999999986e+01,9.409670939053632610e-01,1.908827355027682415e-01,-1.506663065664878565e-01,2.354662896040290998e-01,9.407829426382111615e-01,1.917060473563832190e-01,-1.499740379037274862e-01,2.359746473730431615e-01,1.949784307374802905e+00,-1.520909727902008513e+00,2.277374089474965668e+00,2.231613945374957275e+00,-1.561912810955568665e+00,2.507377746130572849e+00,1.379588046092113662e-01,4.110292842204853692e+00,1.000000000000000000e+00
1.335999999999999943e+01,9.407686235688393905e-01,1.912004082117954584e-01,-1.509197066638670315e-01,2.358390191391715740e-01,9.404953689916906168e-01,1.922458835368531793e-01,-1.505309119120879224e-01,2.363269466803001595e-01,1.949852980325661234e+00,-1.516564165812742448e+00,2.274368538219769142e+00,2.292441751128900140e+00,-1.618342060200690158e+00,2.491927252989355246e+00,1.429835235564530793e-01,3.556373571214352380e-01,1.000000000000000000e+00
1.338000000000000078e+01,9.405710956401572842e-01,1.915141575192999546e-01,-1.511724866544112145e-01,2.362101200090056530e-01,9.403123012314764662e-01,1.922971730006567681e-01,-1.508061347456043644e-01,2.368376725350326006e-01,1.928243017801865911e+00,-1.515924083301992908e+00,2.261602992112860200e+00,2.213302348703805489e+00,-1.640140198842251706e+00,2.502339849216910661e+00,1.259529515459282822e-01,3.418006888789137387e-01,1.000000000000000000e+00
1.340000000000000036e+01,9.403736430103354360e-01,1.918227009226721458e-01,-1.514281983948992660e-01,2.365818329311795698e-01,9.399737959432998835e-01,1.929662381639898061e-01,-1.508865047884810628e-01,2.375848407232618587e-01,1.903543033364048620e+00,-1.539375476420406175e+00,2.257073366329137354e+00,2.264813942635739430e+00,-1.598084765403508634e+00,2.606356515487138203e+00,1.906154836579401490e-01,7.608314580084971634e-01,1.000000000000000000e+00
1.341999999999999993e+01,9.401754277694935880e-01,1.921346821030192886e-01,-1.516834525313968951e-01,2.369526517677680855e-01,9.398756350291825878e-01,1.925307238938590293e-01,-1.516114064363878466e-01,2.378648617887430539e-01,1.923059180336312846e+00,-1.531928976502735740e+00,2.256775432280498261e+00,2.107066139698676288e+00,-1.736791319856754834e+00,2.516086194655993591e+00,1.193097160563437870e-01,2.609187775771272033e+00,1.000000000000000000e+00
1.343999999999999950e+01,9.399768439382334417e-01,1.924473950798053778e-01,-1.519382756769416531e-01,2.373231833834040239e-01,9.397228265123972468e-01,1.928578755909174935e-01,-1.515255631004919501e-01,2.382579544971962504e-01,1.927071479435903845e+00,-1.528617943504878562e+00,2.256839088619570166e+00,2.080242675945058739e+00,-1.649403445991498129e+00,2.523954761678740333e+00,1.295010329240567637e-01,4.201688794233408575e-01,1.000000000000000000e+00
1.346000000000000085e+01,9.397782535552262617e-01,1.927607501205526597e-01,-1.521927485982371431e-01,2.376920163399781072e-01,9.396240345953983386e-01,1.927177483764647148e-01,-1.513862259968162538e-01,2.388488091865065832e-01,1.931539181463775234e+00,-1.523991386718913210e+00,2.248644694275535372e+00,1.935951679228386402e+00,-1.587750573299356871e+00,2.558531840050099149e+00,1.626345065341565088e-01,1.288547308500591404e+00,1.000000000000000000e+00
1.348000000000000043e+01,9.395778704006984006e-01,1.930741472243397983e-01,-1.524469057858914289e-01,2.380666714246033322e-01,9.394516508921927356e-01,1.926314349780140212e-01,-1.516906304706638342e-01,2.394027537887932766e-01,1.928238790549806403e+00,-1.530227500711639932e+00,2.282821055029663260e+00,1.840352364596555379e+00,-1.626985361718433998e+00,2.568981083813488997e+00,1.836683032441887575e-01,5.384333975250965576e-01,1.000000000000000000e+00
1.350000000000000000e+01,9.393766736685943419e-01,1.933854292584778756e-01,-1.526990940495061289e-01,2.384460681040929120e-01,9.391230722397755359e-01,1.935995723744473873e-01,-1.517348515220196814e-01,2.398824620453672285e-01,1.910925331904502311e+00,-1.528468961211543409e+00,2.309787291842530621e+00,1.982258162548758085e+00,-1.546781834355373197e+00,2.621814223969167745e+00,2.018621618357263892e-01,1.465472979320283864e+00,1.000000000000000000e+00
1.351999999999999957e+01,9.391755773609928859e-01,1.936974560529981237e-01,-1.529490216014019188e-01,2.388244694297813608e-01,9.388592271474425210e-01,1.937783407234364985e-01,-1.518509073768139483e-01,2.406960909433659701e-01,1.912604795152702541e+00,-1.514093066818096966e+00,2.307449365344451664e+00,1.928601122842887650e+00,-1.545306912691161161e+00,2.712029573269147509e+00,2.514610826828607704e-01,5.500445412267842560e-01,1.000000000000000000e+00
1.354000000000000092e+01,9.389755287505282544e-01,1.940098404549976396e-01,-1.531984714714074991e-01,2.391973380978905384e-01,9.385548440803838099e-01,1.951548021336607097e-01,-1.509590274765508500e-01,2.413312658582643655e-01,1.917561179013979711e+00,-1.503974982612175104e+00,2.277087577105667116e+00,2.097599197564379292e+00,-1.239195281412089233e+00,2.851207183846216520e+00,3.810351149144596272e-01,7.069686860547320428e+00,1.000000000000000000e+00
1.356000000000000050e+01,9.387748086831516625e-01,1.943209581891674198e-01,-1.534496151799286390e-01,2.395713659674040263e-01,9.386082865693655686e-01,1.949551440538293545e-01,-1.508791541097104227e-01,2.413347406516697380e-01,1.912796879981702558e+00,-1.516701631847488185e+00,2.281249540593766945e+00,1.956702993710661920e+00,-1.179111851873436256e+00,2.725646134010501598e+00,3.650184616361408230e-01,1.958110284982770954e+00,1.000000000000000000e+00
1.358000000000000007e+01,9.385751045596484321e-01,1.946344092108779900e-01,-1.536989957086207781e-01,2.399392393297502812e-01,9.385105500016377444e-01,1.951831070186828554e-01,-1.518383868609420595e-01,2.409286337188331073e-01,1.927206835165046650e+00,-1.496269590123878945e+00,2.250765761878064541e+00,2.001022272490322162e+00,-1.317673932730255126e+00,2.488097456230418558e+00,2.496414655450274467e-01,3.873419713934834085e+00,1.000000000000000000e+00
1.359999999999999964e+01,9.383746619186132953e-01,1.949465562591478629e-01,-1.539479479977725052e-01,2.403099319193907069e-01,9.382902365121573718e-01,1.949874111279049083e-01,-1.512229459109482865e-01,2.423282117245366130e-01,1.917946691432157236e+00,-1.499553598319366188e+00,2.266271070496168605e+00,1.796154042462791756e+00,-1.208418879584598926e+00,2.734600452191652487e+00,3.887322942815090721e-01,5.724709614010196290e+00,1.000000000000000000e+00
1.362000000000000099e+01,9.381738264754588830e-01,1.952604433500441383e-01,-1.541958899117755744e-01,2.406799910949294352e-01,9.382110385927201479e-01,1.947838133191311383e-01,-1.511446019873367852e-01,2.428469114930573436e-01,1.926908307420911681e+00,-1.491364479573530577e+00,2.266069731240369034e+00,1.654819302157702454e+00,-1.179233238457899624e+00,2.737856485883784607e+00,4.323380193835481000e-01,1.040354014183227926e+00,1.000000000000000000e+00
1.364000000000000057e+01,9.379728793545122345e-01,1.955779739535428163e-01,-1.544375593960315429e-01,2.410501482003907514e-01,9.382763966150707846e-01,1.954373984773028206e-01,-1.509474730895485062e-01,2.421910138699250314e-01,1.937882201066469579e+00,-1.452831874340724250e+00,2.276986445340789977e+00,1.741807446821416194e+00,-1.013891267910657756e+00,2.503422581164740368e+00,4.225023025739638172e-01,4.486881318651737338e+00,1.000000000000000000e+00
1.366000000000000014e+01,9.377724645274241322e-01,1.958921313936408948e-01,-1.546797126898430963e-01,2.414192703874429580e-01,9.377177505735859731e-01,1.962323601058821032e-01,-1.514603401241910452e-01,2.433886736805015438e-01,1.920741661947471091e+00,-1.458459971740910355e+00,2.267162506315194115e+00,1.861269415847191633e+00,-1.117294813777289564e+00,2.706135348224723014e+00,4.342653534148494532e-01,3.298387738030731153e+00,1.000000000000000000e+00
1.367999999999999972e+01,9.375715123612199386e-01,1.962102865973936183e-01,-1.549210826328937529e-01,2.417863536221914467e-01,9.376629028505841790e-01,1.968760628094994025e-01,-1.516688011528474211e-01,2.429499357219593592e-01,1.943548373247651062e+00,-1.446908906036527886e+00,2.261372629567856674e+00,1.958991375661894851e+00,-1.060868477798623477e+00,2.509995188511071618e+00,4.032398823619907646e-01,2.557003861601396366e+00,1.000000000000000000e+00
1.370000000000000107e+01,9.373702166124856516e-01,1.965297669928940949e-01,-1.551607771138165115e-01,2.421533830839808499e-01,9.374973753130529941e-01,1.980852886051832906e-01,-1.517716370747642096e-01,2.425412540146192897e-01,1.948780069226854872e+00,-1.436317199244715903e+00,2.264619585161587345e+00,2.178360850883586330e+00,-9.552967548464244008e-01,2.360932297918580058e+00,4.298718317121671406e-01,4.069591865215552495e+00,1.000000000000000000e+00
1.372000000000000064e+01,9.371678350342393937e-01,1.968491925693967859e-01,-1.554022505906088036e-01,2.425221327495426793e-01,9.374088614634964456e-01,1.980356180190200321e-01,-1.515688786637707230e-01,2.430501912489340388e-01,1.950647304308366747e+00,-1.448850089372885286e+00,2.273312924371926336e+00,2.049390429880506126e+00,-8.997662689048452345e-01,2.389874425453880402e+00,4.646162449192574040e-01,1.026596649319239773e+00,1.000000000000000000e+00
1.374000000000000021e+01,9.369655031634871456e-01,1.971702492031997545e-01,-1.556453946072591521e-01,2.428869075275407186e-01,9.367923741742578692e-01,1.993258512048285136e-01,-1.522166507859745999e-01,2.439658663705402408e-01,1.965209823096533581e+00,-1.451026358626044566e+00,2.251468526429339700e+00,2.288689042600845713e+00,-9.989541763496606608e-01,2.548049657766099152e+00,4.806983527349601437e-01,4.601334715328549763e+00,1.000000000000000000e+00
1.375999999999999979e+01,9.367617436243397266e-01,1.974934685201636120e-01,-1.558861619680032840e-01,2.432555653641815252e-01,9.368797725737217919e-01,1.997859414985684035e-01,-1.521436692797360490e-01,2.432985269578099852e-01,1.971662558152431632e+00,-1.440917673895713236e+00,2.278914763144058941e+00,2.311968901382940977e+00,-8.778499976918420211e-01,2.305741587787156543e+00,5.031273044033794939e-01,3.692545983750898486e+00,1.000000000000000000e+00
1.378000000000000114e+01,9.365572012280117820e-01,1.978185481161034709e-01,-1.561280935055732177e-01,2.436235810990089734e-01,9.364688361181252585e-01,2.001943462307727573e-01,-1.522469372498974627e-01,2.444774280272578593e-01,1.984729060396429601e+00,-1.444545980068524971e+00,2.276903752727244434e+00,2.289824081229550501e+00,-9.123903765948477851e-01,2.508898180558631452e+00,5.306553329450541812e-01,2.145912575011169832e+00,1.000000000000000000e+00
1.380000000000000071e+01,9.363537762977187651e-01,1.981387507537532566e-01,-1.563690528800648349e-01,2.439904923642217671e-01,9.360352410833118197e-01,2.009949952885342339e-01,-1.530581721564096831e-01,2.449739481153198895e-01,1.956923363682265382e+00,-1.443885377394147795e+00,2.266156446531635726e+00,2.424713368518916390e+00,-1.049671771412411747e+00,2.530875555936982213e+00,5.148815386509456582e-01,1.874697176229393136e+00,1.000000000000000000e+00
1.382000000000000028e+01,9.361498674095979355e-01,1.984587543849618552e-01,-1.566075416061174508e-01,2.443596252842316907e-01,9.360872411065470633e-01,2.008478302386515757e-01,-1.535943570820646475e-01,2.445600122638743879e-01,1.950960807067267044e+00,-1.433864497624462553e+00,2.281378496438291936e+00,2.333919232537744026e+00,-1.112797957438645735e+00,2.296648091672479630e+00,4.413048700351963061e-01,3.352063701169354815e+00,1.000000000000000000e+00
1.383999999999999986e+01,9.359461914413741424e-01,1.987797598354414663e-01,-1.568443630437907077e-01,2.447267447328516643e-01,9.358323892981410541e-01,2.011863534033571099e-01,-1.554962525411282270e-01,2.440547188448890514e-01,1.955541803871692963e+00,-1.421020478604623882e+00,2.273047421028978832e+00,2.455005358724172915e+00,-1.459549628209684480e+00,2.021261528046547351e+00,3.256027893085311486e-01,1.052969760037713698e+01,1.000000000000000000e+00
1.385999999999999943e+01,9.357427138610205919e-01,1.990969942244190105e-01,-1.570814207853744593e-01,2.450946502697723961e-01,9.355335647973956892e-01,2.013929489640552961e-01,-1.558175494324920141e-01,2.448238561372064193e-01,1.934718168010272743e+00,-1.428292400334779444e+00,2.273326699242119719e+00,2.402742588595782269e+00,-1.507020856964631061e+00,2.119239389363003934e+00,3.028743096135966262e-01,7.287798332945183422e-01,1.000000000000000000e+00
1.388000000000000078e+01,9.355394494802191652e-01,1.994116835119967845e-01,-1.573218670971142097e-01,2.454602800418796693e-01,9.349127664703148488e-01,2.023596433065729672e-01,-1.577418967508935066e-01,2.451656335237250850e-01,1.927636370358169149e+00,-1.447246033613569516e+00,2.254669892906985940e+00,2.650037011659939434e+00,-1.860302380191561022e+00,2.086563950555707425e+00,3.503288544512805913e-01,9.346320020292516517e+00,1.000000000000000000e+00
1.390000000000000036e+01,9.353358455864181353e-01,1.997298463103704125e-01,-1.575624472542467569e-01,2.458229437404672590e-01,9.346404359337280310e-01,2.027525448010386588e-01,-1.574522523928808537e-01,2.460639130606567526e-01,1.949504974282240344e+00,-1.439995549264775798e+00,2.242226549823663095e+00,2.588828235480166828e+00,-1.748125247032743745e+00,2.246328917574769601e+00,3.567188979010800232e-01,2.091708060669472680e+00,1.000000000000000000e+00
1.391999999999999993e+01,9.351325534963653707e-01,2.000463343273313210e-01,-1.578004023011554402e-01,2.461861176978885901e-01,9.345075836222459520e-01,2.036536190705340033e-01,-1.572308194891701150e-01,2.459659508849725285e-01,1.936014856005062512e+00,-1.428588676713977934e+00,2.246014058491461629e+00,2.680076043907404504e+00,-1.571555083394203356e+00,2.183234016930373667e+00,4.253184908445677981e-01,2.173232643376384665e+00,1.000000000000000000e+00
1.393999999999999950e+01,9.349287301734559019e-01,2.003601964963574733e-01,-1.580354714145759121e-01,2.465539513594608712e-01,9.339352608798450195e-01,2.043889348772191250e-01,-1.572684477794484004e-01,2.475009638730615580e-01,1.914270965443807704e+00,-1.422651128934733444e+00,2.272663380051145765e+00,2.704709443386664525e+00,-1.568048978059236820e+00,2.496871999414799870e+00,4.955724088631994206e-01,4.947416470095039820e+00,1.000000000000000000e+00
1.396000000000000085e+01,9.347258870379033802e-01,2.006717940832426772e-01,-1.582679063217854731e-01,2.469202644359837218e-01,9.335619234143082146e-01,2.046684227444432735e-01,-1.573978765011442016e-01,2.485938059469900152e-01,1.898670577215632482e+00,-1.409106276115482448e+00,2.264106815138278161e+00,2.638412299493598567e+00,-1.582938870370825368e+00,2.664084964697938318e+00,5.236919676567655113e-01,1.628282965541384630e+00,1.000000000000000000e+00
1.398000000000000043e+01,9.345240404991577154e-01,2.009800301270656120e-01,-1.585018311086289211e-01,2.472832682460831266e-01,9.332511645530608968e-01,2.050003688973728588e-01,-1.580029164764198413e-01,2.491027719581665467e-01,1.884630370134211308e+00,-1.417132591752309878e+00,2.240212534801262922e+00,2.634522496164300343e+00,-1.669439497626724167e+00,2.667749281939071349e+00,5.293942079944874424e-01,3.754285304506726484e-01,1.000000000000000000e+00
1.400000000000000000e+01,9.343216354579336747e-01,2.012857739520369504e-01,-1.587353425541834784e-01,2.476493685514816467e-01,9.331036989034601214e-01,2.051388703640057709e-01,-1.579161266349482506e-01,2.495957289439780236e-01,1.868531383354421482e+00,-1.422523346054436644e+00,2.255796470626007633e+00,2.538108005983970905e+00,-1.601573553772568381e+00,2.684786950725159382e+00,5.224821068112306399e-01,7.093963560323982565e-01,1.000000000000000000e+00
1.401999999999999957e+01,9.341178260515258236e-01,2.015899867812075419e-01,-1.589718694161420809e-01,2.480187674686351595e-01,9.333054776779415862e-01,2.052838920318794114e-01,-1.579897544421219879e-01,2.486737752556774095e-01,1.863233793080113943e+00,-1.445919535052509142e+00,2.270577471282019921e+00,2.493708029642466073e+00,-1.488560534775461131e+00,2.354593930038978655e+00,4.540263255629745087e-01,6.187056994621593198e+00,1.000000000000000000e+00
1.404000000000000092e+01,9.339142632911957564e-01,2.018883313731188178e-01,-1.592129729908531022e-01,2.483877607855405345e-01,9.330758973066600737e-01,2.060073908402270670e-01,-1.581849181447866348e-01,2.488128944731364256e-01,1.838414653368963814e+00,-1.478060447295180824e+00,2.257424906366279682e+00,2.569267736486306131e+00,-1.442106654100205887e+00,2.318603340005822577e+00,4.982713704075552585e-01,4.580324764445816155e-01,1.000000000000000000e+00
1.406000000000000050e+01,9.337108421488025112e-01,2.021873002107234529e-01,-1.594524099058612643e-01,2.487554780552296563e-01,9.331873271260086034e-01,2.061168127216874424e-01,-1.587599702761544884e-01,2.479365722171367470e-01,1.840383257797961303e+00,-1.466648624105709287e+00,2.252892650722661205e+00,2.548278224590522001e+00,-1.456057801468998880e+00,1.993173531370221685e+00,4.705967100514735213e-01,5.326035434255953049e+00,1.000000000000000000e+00
1.408000000000000007e+01,9.335081493620690507e-01,2.024859829421968016e-01,-1.596884330415595799e-01,2.491215890670029631e-01,9.330434180961135748e-01,2.059946919686777012e-01,-1.594427313773068566e-01,2.481414561075893921e-01,1.834610825476511664e+00,-1.446267279848377107e+00,2.246954741586602911e+00,2.453677429597204362e+00,-1.571067609643690854e+00,1.925323919075793144e+00,4.217850421303641073e-01,1.338800967634961703e+00,1.000000000000000000e+00
1.409999999999999964e+01,9.333051163325770672e-01,2.027867457636056137e-01,-1.599263350601099198e-01,2.494847949761332395e-01,9.328279248322185468e-01,2.063797639798653771e-01,-1.597355901349745144e-01,2.484431462469101626e-01,1.851471008323279932e+00,-1.450288569561693386e+00,2.231625505320347980e+00,2.453677429597204362e+00,-1.571067609643690854e+00,1.925323919075793144e+00,4.327090808122925347e-01,1.600950006374084111e+01,0.000000000000000000e+00
1.412000000000000099e+01,9.331026239822529655e-01,2.030838038808066570e-01,-1.601606757429470951e-01,2.498499943251929756e-01,9.329076849929318627e-01,2.055310001008850140e-01,-1.592092177288088051e-01,2.491840369462686167e-01,1.824114765920266112e+00,-1.438360898412294864e+00,2.242255638806458506e+00,2.097153468599253223e+00,-1.471224548691970835e+00,1.999117450449099387e+00,3.112072713064545360e-01,6.106154343371813731e+00,1.000000000000000000e+00
1.414000000000000057e+01,9.329016264673440917e-01,2.033786822448002962e-01,-1.603935243328019900e-01,2.502110794810165628e-01,9.329000251988398551e-01,2.046455033507779964e-01,-1.603143829127359199e-01,2.492329423924924681e-01,1.812361234863774317e+00,-1.427345184648368015e+00,2.217855998837736653e+00,1.876057017177457320e+00,-1.712031560954242249e+00,1.838981989183661847e+00,1.836275424564861869e-01,5.790129389401688975e+00,1.000000000000000000e+00
1.416000000000000014e+01,9.327000638188285286e-01,2.036742860863118565e-01,-1.606307685671707064e-01,2.505696157340404073e-01,9.328911948372551333e-01,2.042841567309955364e-01,-1.603999649567084407e-01,2.495072206284042471e-01,1.825541566946398131e+00,-1.447349621614381965e+00,2.200586526804555021e+00,1.712421568690913887e+00,-1.694807783933319323e+00,1.805700316452128806e+00,1.445138656110122877e-01,1.253520951058910926e+00,1.000000000000000000e+00
1.417999999999999972e+01,9.324982963603093422e-01,2.039709230040493704e-01,-1.608709527989894417e-01,2.509249417645492697e-01,9.328904434182401229e-01,2.041261180699784350e-01,-1.607206113206887388e-01,2.494330242716563950e-01,1.838476658930162211e+00,-1.458020028888266095e+00,2.181245111317205332e+00,1.628079394587842232e+00,-1.701542955450388472e+00,1.692355612366392315e+00,1.784939891043441362e-01,9.043634388239029098e-01,1.000000000000000000e+00
1.420000000000000107e+01,9.322972417763463193e-01,2.042691075294919001e-01,-1.611071590833354772e-01,2.512776710681208781e-01,9.328966820950850281e-01,2.045136551471622155e-01,-1.603586282531040130e-01,2.493252007702236317e-01,1.842586527805451846e+00,-1.430849793905081491e+00,2.172421727521198775e+00,1.629210283219781896e+00,-1.522081447849086278e+00,1.629716776037319459e+00,2.508370440047570926e-01,1.657181642187420145e+00,1.000000000000000000e+00
1.422000000000000064e+01,9.320956373441882103e-01,2.045645696502725597e-01,-1.613452433483060500e-01,2.516322160149734866e-01,9.325919840945009476e-01,2.049957271529607439e-01,-1.608414927570770980e-01,2.497577971943740760e-01,1.829715649933735921e+00,-1.447433370623358639e+00,2.178200990030338957e+00,1.695400269176763342e+00,-1.570150593576867815e+00,1.671142265945017247e+00,2.348279649014299031e-01,3.906713388495249850e-01,1.000000000000000000e+00
1.424000000000000021e+01,9.318943657674004788e-01,2.048629958889369440e-01,-1.615827931035469789e-01,2.519822313958668958e-01,9.322794671521978938e-01,2.052802525528645838e-01,-1.610165446078413720e-01,2.505767056228441203e-01,1.848572121027939552e+00,-1.434688639111814989e+00,2.156897513724776783e+00,1.682369132271778200e+00,-1.578536109314141900e+00,1.804246034603731452e+00,1.854311964942273461e-01,8.440737036837068219e-01,1.000000000000000000e+00
1.425999999999999979e+01,9.316929745728390611e-01,2.051601117659815343e-01,-1.618220226519713201e-01,2.523314539581026361e-01,9.323650291698435399e-01,2.044547683228942481e-01,-1.611645568925724747e-01,2.508379670081246626e-01,1.844875228158703084e+00,-1.444729648190328675e+00,2.149652226710112579e+00,1.424424687480959406e+00,-1.604358386870925912e+00,1.743312484931896611e+00,2.177822252404794934e-01,3.367780056176941539e+00,1.000000000000000000e+00
1.428000000000000114e+01,9.314909210512439808e-01,2.054573390496734764e-01,-1.620643159458095839e-01,2.526798435308001967e-01,9.320534190275672204e-01,2.040855979115279439e-01,-1.618460011954123423e-01,2.518558411098911765e-01,1.851450236223167733e+00,-1.460558419415306508e+00,2.142665035930227724e+00,1.300140207160608741e+00,-1.771697340181988212e+00,1.868140557549619052e+00,1.959723305735857346e-01,2.828843882851526104e+00,1.000000000000000000e+00
1.430000000000000071e+01,9.312897865655479501e-01,2.057530699032383559e-01,-1.623058503557421317e-01,2.530253319420581182e-01,9.317315008895499240e-01,2.041263827716056634e-01,-1.631422419551491754e-01,2.521773958873678168e-01,1.843977067874737807e+00,-1.454406091539015344e+00,2.125354677882604459e+00,1.336032258298310849e+00,-2.010901352979560741e+00,1.820568700019512098e+00,2.365079430453815579e-01,2.935300997557682035e+00,1.000000000000000000e+00
1.432000000000000028e+01,9.310887972568399062e-01,2.060478402746169779e-01,-1.625455753134847081e-01,2.533710225874016286e-01,9.315874392503948886e-01,2.044662439486903682e-01,-1.629090910974982931e-01,2.525846910527113076e-01,1.835869606085672068e+00,-1.446246880672025004e+00,2.127463239817825702e+00,1.333059935464627088e+00,-1.880765954668079054e+00,1.868036495976358013e+00,2.143981061109602737e-01,9.336681449636392571e-01,1.000000000000000000e+00
1.433999999999999986e+01,9.308876376383032891e-01,2.063441907571152423e-01,-1.627838736494493788e-01,2.537157691446288443e-01,9.314948038834877098e-01,2.046105608912902607e-01,-1.630254337213586091e-01,2.527343598915219314e-01,1.843308365896624057e+00,-1.435386406972566586e+00,2.125829817810811928e+00,1.315477892702221485e+00,-1.830785893532044017e+00,1.829048193148768320e+00,2.402501703742315198e-01,2.117119104966599941e-01,1.000000000000000000e+00
1.435999999999999943e+01,9.306859247141420211e-01,2.066423660153764164e-01,-1.630193234634085275e-01,2.540616899181820654e-01,9.312032144072683870e-01,2.045164379899962748e-01,-1.639513893473285855e-01,2.532854950456807086e-01,1.848459108959893848e+00,-1.419445194377908726e+00,2.137966588061859241e+00,1.288425435357255289e+00,-2.003626278979764752e+00,1.844357546988645069e+00,2.866710524801538984e-01,1.516576852398445752e+00,1.000000000000000000e+00
1.438000000000000078e+01,9.304847583931109556e-01,2.069405837336285026e-01,-1.632522619749272319e-01,2.544059908142271564e-01,9.311452101958047622e-01,2.047902780054633443e-01,-1.638427806262007236e-01,2.533477507311449606e-01,1.845895758746744386e+00,-1.403563585083968945e+00,2.131545994099137697e+00,1.289550634673719332e+00,-1.885246514235157544e+00,1.800797767024257423e+00,2.927943096908979248e-01,7.859031418227129251e-01,1.000000000000000000e+00
1.440000000000000036e+01,9.302831740272895500e-01,2.072399623675829083e-01,-1.634801793055830066e-01,2.547529098829079408e-01,9.310088870223608426e-01,2.054007390022684343e-01,-1.641748846118827876e-01,2.531394792705835561e-01,1.842812579426477138e+00,-1.378597387786362427e+00,2.153152984600966047e+00,1.406232696164591456e+00,-1.839110818688937554e+00,1.695713213890069238e+00,3.030763648456697990e-01,1.327761123872587934e+00,1.000000000000000000e+00
1.441999999999999993e+01,9.300809199377086944e-01,2.075406022722200428e-01,-1.637082671726293182e-01,2.550999491094517735e-01,9.308639605723240118e-01,2.054254978728703995e-01,-1.643888884563305675e-01,2.535132049487409667e-01,1.850466916069466894e+00,-1.378435371797791742e+00,2.155749891825265774e+00,1.358631299993572572e+00,-1.832521433028203584e+00,1.707279727104689560e+00,3.254849541714685546e-01,1.214699468098538182e-01,1.000000000000000000e+00
1.443999999999999950e+01,9.298786193313232085e-01,2.078428856064382935e-01,-1.639329585675318446e-01,2.554468111144804765e-01,9.309602110703238953e-01,2.045939230546268972e-01,-1.651062891446574699e-01,2.533659908864964172e-01,1.854481914259410003e+00,-1.357766501340894383e+00,2.160453789199337837e+00,1.162065857474558817e+00,-1.954844029890839607e+00,1.530019176031256700e+00,4.784405652984409230e-01,4.237783304030671161e+00,1.000000000000000000e+00
1.446000000000000085e+01,9.296764774597469083e-01,2.081435554997535797e-01,-1.641556049649193216e-01,2.557945365338346044e-01,9.309156942137433166e-01,2.046327867413550161e-01,-1.652032230807909952e-01,2.534349777373481882e-01,1.841892734082008154e+00,-1.350111678657285319e+00,2.165741411717033049e+00,1.127763736202361144e+00,-1.897800095404609477e+00,1.480970988383051523e+00,5.191669443564654873e-01,3.414315169440355624e-01,1.000000000000000000e+00
1.448000000000000043e+01,9.294748373107322159e-01,2.084392351085266881e-01,-1.643812460107401674e-01,2.561414024196730921e-01,9.301893161424291678e-01,2.057057008163951373e-01,-1.662069472602961673e-01,2.545746481261029204e-01,1.819910240878848562e+00,-1.371879920296532607e+00,2.152162734797777421e+00,1.370040964340037082e+00,-2.061100851500267783e+00,1.710335254827894946e+00,4.252352037835540610e-01,6.901783430695109800e+00,1.000000000000000000e+00
1.450000000000000000e+01,9.292721878174983186e-01,2.087377616874812325e-01,-1.646083079647506775e-01,2.564875294113976301e-01,9.299282054410654696e-01,2.058154460046409673e-01,-1.662552010396912139e-01,2.554070144657780150e-01,1.839058422329511888e+00,-1.375337000550321154e+00,2.150693481785367567e+00,1.319810575311510581e+00,-2.030370382089790038e+00,1.841764689015391143e+00,4.107763151445774086e-01,1.038789354375323049e+00,1.000000000000000000e+00
1.451999999999999957e+01,9.290689258856692501e-01,2.090372488104925430e-01,-1.648323745047458599e-01,2.568358383842031523e-01,9.296936845725110032e-01,2.064230537516656416e-01,-1.663467547343213115e-01,2.557106429837933126e-01,1.838445285478946589e+00,-1.361164039992071695e+00,2.167699481953066609e+00,1.404835695553439789e+00,-1.953112502039301424e+00,1.866438977443950931e+00,3.763030659295760194e-01,6.921205331169710817e-01,1.000000000000000000e+00
1.454000000000000092e+01,9.288644809088241194e-01,2.093367590044284410e-01,-1.650592251391956589e-01,2.571854382191014476e-01,9.290439274676804970e-01,2.069821180541807082e-01,-1.667830173794101201e-01,2.573309323712405505e-01,1.842862873187305572e+00,-1.378613657824100169e+00,2.172999180103807770e+00,1.464534895158123184e+00,-2.040116210598752033e+00,2.189475835462126430e+00,3.354455175395638644e-01,5.792864338910450606e+00,1.000000000000000000e+00
1.456000000000000050e+01,9.286597632469817398e-01,2.096331996528414676e-01,-1.652874484626020712e-01,2.575364539440861411e-01,9.292008232262440881e-01,2.060766531944754343e-01,-1.672924823706876396e-01,2.571603944352385818e-01,1.827537518024229923e+00,-1.392398401059336432e+00,2.176387019852925153e+00,1.232723640629617590e+00,-2.109678156795795623e+00,1.988680858331996815e+00,4.739074471785867937e-01,4.962580585163443914e+00,1.000000000000000000e+00
1.458000000000000007e+01,9.284550614631416066e-01,2.099270940483713432e-01,-1.655152397721561253e-01,2.578885794893717165e-01,9.287459150211568870e-01,2.073039417358185643e-01,-1.670737036439274292e-01,2.579582885332579734e-01,1.812281771759858939e+00,-1.395174896034728995e+00,2.180376279033315878e+00,1.431007227902939327e+00,-1.954423701314881745e+00,2.171313615654674400e+00,3.513161203254487885e-01,4.857291472196458848e+00,1.000000000000000000e+00
1.459999999999999964e+01,9.282488409895264247e-01,2.102223294625490679e-01,-1.657440248855878706e-01,2.582432566625234016e-01,9.283021085714487919e-01,2.074872763078776383e-01,-1.673400746720555554e-01,2.592325689432013469e-01,1.820290846942730578e+00,-1.402989416927336919e+00,2.196270458260256131e+00,1.399341967609116999e+00,-2.001741712904814285e+00,2.385719078197638510e+00,3.802208885400226168e-01,2.470132655365523178e+00,1.000000000000000000e+00
1.462000000000000099e+01,9.280415309492817677e-01,2.105196939730191452e-01,-1.659724702960290177e-01,2.585991384105009727e-01,9.278720240645098594e-01,2.081318043706701648e-01,-1.683849694303393707e-01,2.595788146936924834e-01,1.831280209201662457e+00,-1.400518044224990488e+00,2.206720158853557656e+00,1.557104719089964062e+00,-2.144681006071412988e+00,2.363730793791946727e+00,4.053153833080010426e-01,2.298946883851764156e+00,1.000000000000000000e+00
1.464000000000000057e+01,9.278351338827084405e-01,2.108137299477864934e-01,-1.662002666987911492e-01,2.589536772235702666e-01,9.276775019811855927e-01,2.092227600418913314e-01,-1.685648895426504479e-01,2.592800937439558306e-01,1.812795666743731271e+00,-1.399510827323949158e+00,2.195844214995077426e+00,1.767752717683284125e+00,-2.019405101793891433e+00,2.245776175569533351e+00,3.292195283424965147e-01,3.712466578343241341e+00,1.000000000000000000e+00
1.466000000000000014e+01,9.276279517403982489e-01,2.111066578877934530e-01,-1.664310439045110501e-01,2.593088308758772498e-01,9.277166839839474655e-01,2.097156672056353366e-01,-1.688906181615945912e-01,2.585286295235375564e-01,1.811690629823426768e+00,-1.418491314606705744e+00,2.195622010074723907e+00,1.852308705214755769e+00,-1.936852169686287040e+00,1.985580776841516570e+00,3.360670617025401929e-01,4.097159195249529873e+00,1.000000000000000000e+00
1.467999999999999972e+01,9.274207276928044807e-01,2.113989878323424554e-01,-1.666602680186743679e-01,2.596644312437765278e-01,9.271687837161373125e-01,2.105240612579983017e-01,-1.698149586447199044e-01,2.592306809663342815e-01,1.805829566042592926e+00,-1.411705507573524532e+00,2.199366834874025844e+00,2.011333352010842290e+00,-2.069144898908257257e+00,2.078933963147688413e+00,3.795246581529809204e-01,2.583180195606304075e+00,1.000000000000000000e+00
1.470000000000000107e+01,9.272134334445190085e-01,2.116897826952480466e-01,-1.668884315310308619e-01,2.600210302332822687e-01,9.268073787505357597e-01,2.111358853666886193e-01,-1.703077746201045184e-01,2.597017183384302541e-01,1.795226080108672351e+00,-1.409630192677422844e+00,2.204596472975613342e+00,2.093041524246201934e+00,-2.092661445040520540e+00,2.119280355390404047e+00,4.013251364880958127e-01,4.440626738149738295e-01,1.000000000000000000e+00
1.472000000000000064e+01,9.270055531830631024e-01,2.119767587518510965e-01,-1.671189952387173161e-01,2.603801058975596106e-01,9.265921954788669535e-01,2.110955123582145820e-01,-1.713432761687402883e-01,2.598212263300265779e-01,1.776856922991166376e+00,-1.431634918117405952e+00,2.212064236256438221e+00,2.067138601217304750e+00,-2.252781801272540907e+00,2.015804065534149814e+00,5.008632529574266190e-01,1.855194554705701382e+00,1.000000000000000000e+00
1.474000000000000021e+01,9.267973914099593147e-01,2.122650280377497423e-01,-1.673453010726810020e-01,2.607406822049863626e-01,9.261493345990925441e-01,2.115588350992763100e-01,-1.724617867293425089e-01,2.602829257389318585e-01,1.776278539707591086e+00,-1.409182669931280607e+00,2.226864298457609248e+00,2.157022901396152825e+00,-2.420212930739178869e+00,2.023872458268601626e+00,5.988076699148290327e-01,1.812420170134975805e+00,1.000000000000000000e+00
1.475999999999999979e+01,9.265886141279627841e-01,2.125546340061388872e-01,-1.675708283295158640e-01,2.611016760265963965e-01,9.259522141793101735e-01,2.121474469564137988e-01,-1.713502674707618190e-01,2.612375234226639309e-01,1.782561647579792519e+00,-1.404149324046621405e+00,2.232229427156845691e+00,2.097805078644490173e+00,-2.091329921139370995e+00,2.245544039084413246e+00,4.419349326719706483e-01,8.053064260294515719e+00,1.000000000000000000e+00
1.478000000000000114e+01,9.263778143759222594e-01,2.128439707092436295e-01,-1.677976068696323542e-01,2.614680712699665177e-01,9.256742812819774846e-01,2.125137096730639885e-01,-1.704810957331411025e-01,2.624904649158038006e-01,1.780281154804030930e+00,-1.419715069109640071e+00,2.262148594319663530e+00,1.998698575283556877e+00,-1.862811553072082571e+00,2.507731342411895881e+00,3.409063047662531654e-01,6.546967237126191108e+00,1.000000000000000000e+00
1.480000000000000071e+01,9.261676630481461281e-01,2.131307924756859762e-01,-1.680233109465440189e-01,2.618337109716449285e-01,9.251805853562083959e-01,2.133053760270006427e-01,-1.702624338702493911e-01,2.637278988853901107e-01,1.765258460755358971e+00,-1.416234923943970658e+00,2.256059388647963626e+00,2.051626243671433869e+00,-1.769571120854758206e+00,2.753091099101852901e+00,3.551678220477897385e-01,3.587710197078233687e+00,1.000000000000000000e+00
1.482000000000000028e+01,9.259561645442090372e-01,2.134192597057923968e-01,-1.682488944081139415e-01,2.622016599101857914e-01,9.246831242724974365e-01,2.135904870060702510e-01,-1.702650808387092263e-01,2.652357928205593685e-01,1.773231245297072878e+00,-1.417243207818532413e+00,2.272065881911168539e+00,1.992980825008771273e+00,-1.776094977552063803e+00,3.016453265544510653e+00,4.426400509488622181e-01,3.643702639138434840e+00,1.000000000000000000e+00
1.483999999999999986e+01,9.257446356849315938e-01,2.137051460123749469e-01,-1.684751565479326585e-01,2.625701843213593123e-01,9.243001156476691182e-01,2.130939732978795742e-01,-1.712097525530038022e-01,2.663596729772869098e-01,1.760040520054452884e+00,-1.425454111169585092e+00,2.271846674347433037e+00,1.833591138248203745e+00,-2.017742445646323102e+00,3.095243690560693484e+00,5.648615247488595337e-01,4.500835106817778097e+00,1.000000000000000000e+00
1.485999999999999943e+01,9.255333208292572111e-01,2.139883193344918055e-01,-1.687024811157511184e-01,2.629382895064100722e-01,9.241497776051359470e-01,2.127363293981370529e-01,-1.717029499036218376e-01,2.668492827439853943e-01,1.747391482219674108e+00,-1.434450928255681434e+00,2.265381394130454584e+00,1.696407912837201604e+00,-2.097511633452571189e+00,3.043595069183516522e+00,6.039792251683379076e-01,1.392225618386436992e+00,1.000000000000000000e+00
1.488000000000000078e+01,9.253202305668337679e-01,2.142778627993318086e-01,-1.689293354120341151e-01,2.633065666768319435e-01,9.243645698394949983e-01,2.121611593392638551e-01,-1.717204875210399939e-01,2.665517935764104562e-01,1.782473856724386518e+00,-1.424287299044614041e+00,2.275702039823275236e+00,1.499434802121568211e+00,-2.026789199638829420e+00,2.810734724873890755e+00,5.580478985042451878e-01,4.898860184406041540e+00,1.000000000000000000e+00
1.490000000000000036e+01,9.251063341413031660e-01,2.145688593375775499e-01,-1.691573344615152907e-01,2.636745557161054299e-01,9.243892069874150019e-01,2.122459749091847592e-01,-1.722866393796692597e-01,2.660329942531333702e-01,1.793173248478582282e+00,-1.428590808516268851e+00,2.275391645733208179e+00,1.512000023934832793e+00,-2.034861870398889216e+00,2.550029481546444377e+00,5.284259342228918577e-01,3.407023506561432935e+00,1.000000000000000000e+00
1.491999999999999993e+01,9.248920682658068326e-01,2.148595044200130866e-01,-1.693898276812601522e-01,2.640400380576732320e-01,9.241517275979045376e-01,2.123842165341421062e-01,-1.726531271315904226e-01,2.665097120869518443e-01,1.800983598254461304e+00,-1.450219343302411534e+00,2.256797401460933106e+00,1.495077876350177970e+00,-2.056309492877513634e+00,2.551196084378827056e+00,5.545996261939527550e-01,3.735044591528072222e-02,1.000000000000000000e+00
1.493999999999999950e+01,9.246769610429980135e-01,2.151525773753260595e-01,-1.696223871485304513e-01,2.644052418978761199e-01,9.243443307287596555e-01,2.127310822914885990e-01,-1.725005684767096925e-01,2.656625655825551324e-01,1.815255744011690542e+00,-1.447371131234183039e+00,2.258869152994682050e+00,1.525007784387284238e+00,-1.862404800462869048e+00,2.265028181544237018e+00,4.560555873254218406e-01,6.012445387343450243e+00,1.000000000000000000e+00
1.496000000000000085e+01,9.244618389246648249e-01,2.154450673527350257e-01,-1.698582344701815294e-01,2.647676557060466007e-01,9.240388371778541776e-01,2.131147640790385100e-01,-1.727119066268403558e-01,2.662797814852952971e-01,1.819877888507485109e+00,-1.462248494590416170e+00,2.239490479520816812e+00,1.549874221391408735e+00,-1.850895570716635907e+00,2.331903502309917720e+00,4.589278835769669551e-01,2.608128364219417517e-01,1.000000000000000000e+00
1.498000000000000043e+01,9.242448629484277811e-01,2.157382980688421492e-01,-1.701005948533068912e-01,2.651305483914530026e-01,9.234931598286709731e-01,2.147844039208158806e-01,-1.724567558202954876e-01,2.669957133625474599e-01,1.835504145666760234e+00,-1.498018355417647385e+00,2.237520417016695351e+00,1.838302624063936408e+00,-1.668468721468238769e+00,2.510732432647362788e+00,3.714130696172218693e-01,7.411757623085293289e+00,1.000000000000000000e+00
1.500000000000000000e+01,9.240277202911412191e-01,2.160299981417887205e-01,-1.703472142996749483e-01,2.654913155204066677e-01,9.234461460548889500e-01,2.155540847102369595e-01,-1.722518653464756855e-01,2.666701085344295730e-01,1.836146068037462609e+00,-1.520432615602883342e+00,2.219761309711826058e+00,1.934772656366524846e+00,-1.488085190105982392e+00,2.378365774023299739e+00,2.707363115806275533e-01,2.963645708099445386e+00,1.000000000000000000e+00
1.501999999999999957e+01,9.238118138990386585e-01,2.163201712295312884e-01,-1.705940846870259986e-01,2.658476524056404000e-01,9.231469192001982016e-01,2.161296028086956422e-01,-1.712075800462280750e-01,2.679099193677844104e-01,1.831237280896043984e+00,-1.517393748504633599e+00,2.192624798557578192e+00,1.878756300808911872e+00,-1.233302230358246376e+00,2.651970141038539452e+00,2.589800933207084266e-01,7.133790683265556432e+00,1.000000000000000000e+00
1.504000000000000092e+01,9.235969075833696529e-01,2.166108445614082778e-01,-1.708368280935129158e-01,2.662015636463794799e-01,9.227173834169574151e-01,2.157557629181845460e-01,-1.723035316614704993e-01,2.689861968293917327e-01,1.828730286497222135e+00,-1.490803546268130386e+00,2.183866454300392945e+00,1.765915441954016618e+00,-1.523376819573281971e+00,2.735090769160805291e+00,3.870776591536821409e-01,5.180383709987015806e+00,1.000000000000000000e+00
1.506000000000000050e+01,9.233827874280648995e-01,2.169021152062777236e-01,-1.710735460255469742e-01,2.665549514656683772e-01,9.221334802629753691e-01,2.160451349930504472e-01,-1.732236629711810805e-01,2.701627413444980808e-01,1.822237610579892531e+00,-1.456587655062603792e+00,2.187960343438922539e+00,1.797633960314364066e+00,-1.730558359124138024e+00,2.883572333188477277e+00,5.116274719001101534e-01,3.293065993316783846e+00,1.000000000000000000e+00
1.508000000000000007e+01,9.231701029886706378e-01,2.171911337453033275e-01,-1.713117329944692235e-01,2.669030957271736337e-01,9.220679644615243920e-01,2.169368166957831023e-01,-1.730316600136711791e-01,2.697946091169994287e-01,1.815921594137408501e+00,-1.459875523957707255e+00,2.153992988933818520e+00,1.926017657611809319e+00,-1.540273962156133436e+00,2.732069614089602361e+00,4.067338300357001835e-01,3.775464462142797295e+00,1.000000000000000000e+00
1.509999999999999964e+01,9.229566320772202292e-01,2.174808114897142375e-01,-1.715485669799527713e-01,2.672531404971227320e-01,9.221139893100170903e-01,2.175218337704146743e-01,-1.723064311436399154e-01,2.696303698370496327e-01,1.816452603838202506e+00,-1.454847977844997420e+00,2.167578908226751366e+00,1.931821895279483892e+00,-1.265724069233366444e+00,2.640261807735499122e+00,3.018201379574302901e-01,4.184536814533554860e+00,1.000000000000000000e+00
1.512000000000000099e+01,9.227448368810343693e-01,2.177672893915795216e-01,-1.717876262914568020e-01,2.675974311042320641e-01,9.221148635563770624e-01,2.175605923717761903e-01,-1.717934528859292598e-01,2.699232791012589061e-01,1.806506581140856493e+00,-1.462698420146860023e+00,2.128666034250853212e+00,1.813469967832115781e+00,-1.111415901045215593e+00,2.623110749236149175e+00,2.771409530295704249e-01,1.902243797896421063e+00,1.000000000000000000e+00
1.514000000000000057e+01,9.225348490110661936e-01,2.180508627060830373e-01,-1.720264931557903554e-01,2.679368569006196910e-01,9.219307305412038911e-01,2.178490212917039981e-01,-1.715890580155311207e-01,2.704491212323524296e-01,1.793388402881089805e+00,-1.458285540874228570e+00,2.097556265580317270e+00,1.775908643587569058e+00,-1.035744282600908006e+00,2.664381350319246167e+00,3.011932837064226209e-01,4.412434180613533652e-01,1.000000000000000000e+00
1.516000000000000014e+01,9.223241736194929263e-01,2.183337875275721263e-01,-1.722616181471967323e-01,2.682804705793805367e-01,9.221272069205476152e-01,2.178770090071484866e-01,-1.715494974855119870e-01,2.697810095530762120e-01,1.780947454170956457e+00,-1.445412269157992258e+00,2.124783453479425432e+00,1.721439682651082270e+00,-9.383606620389448594e-01,2.394514525218792045e+00,1.986826076189998347e-01,4.256641313746887256e+00,1.000000000000000000e+00
1.517999999999999972e+01,9.221146372414605885e-01,2.186121672622000633e-01,-1.724939328712325470e-01,2.686245693018198266e-01,9.219094523374881112e-01,2.181624816713300663e-01,-1.721507379332323229e-01,2.699114979226396316e-01,1.750705462034938709e+00,-1.437030317047723216e+00,2.124625457351580593e+00,1.757387999469726347e+00,-1.029772967000128103e+00,2.317105859704622350e+00,1.627961088461601091e-01,7.807282107622188772e-01,1.000000000000000000e+00
1.520000000000000107e+01,9.219053382139948960e-01,2.188933629737440101e-01,-1.727228630466724479e-01,2.689666440277398984e-01,9.219627050679962688e-01,2.178547758711716076e-01,-1.713831796622863335e-01,2.704660289623619929e-01,1.762077070233551535e+00,-1.412044805263374059e+00,2.120589126111731559e+00,1.539590878184954104e+00,-8.628662713742050183e-01,2.367426491820048717e+00,2.594142094698128065e-01,3.885025180201692407e+00,1.000000000000000000e+00
1.522000000000000064e+01,9.216938650894560547e-01,2.191771345744618626e-01,-1.729505691484055641e-01,2.693137637912897953e-01,9.220926283518579014e-01,2.181141749128132912e-01,-1.716199964863041605e-01,2.696626934659408503e-01,1.771530836107648499e+00,-1.410088345607795501e+00,2.154672459635226023e+00,1.573551127231407998e+00,-8.149373584348297284e-01,2.079144038052237242e+00,2.043804545181367727e-01,4.321172795416582169e+00,1.000000000000000000e+00
1.524000000000000021e+01,9.214822025159601360e-01,2.194587619012956792e-01,-1.731796075475707242e-01,2.696613168416170936e-01,9.215056672481422018e-01,2.186738528163760242e-01,-1.721148426786632268e-01,2.708976416539967680e-01,1.762071460722202998e+00,-1.421164678532327308e+00,2.153455018454606851e+00,1.644032373094780342e+00,-9.433930657405882325e-01,2.301210061895134551e+00,2.074979775835679163e-01,3.533856466669345053e+00,1.000000000000000000e+00
1.525999999999999979e+01,9.212705483564017639e-01,2.197373597120635402e-01,-1.734089092227257267e-01,2.700100362580080682e-01,9.214248339205829419e-01,2.184847478462190185e-01,-1.718093096469831271e-01,2.715184183653615024e-01,1.745315382767598233e+00,-1.428693685407647518e+00,2.156263015887332379e+00,1.491612287185899222e+00,-8.842609626291384473e-01,2.356049501497523568e+00,2.905021311762151504e-01,1.484700752395165413e+00,1.000000000000000000e+00
1.528000000000000114e+01,9.210596423483916606e-01,2.200163913053660159e-01,-1.736334156614685320e-01,2.703578365051559906e-01,9.213529438537587657e-01,2.186519872466983483e-01,-1.728438841157388939e-01,2.709705759835694949e-01,1.740157984621456100e+00,-1.400810419048693189e+00,2.156721967616888502e+00,1.559684982029556854e+00,-1.040096421597563214e+00,2.092537602397994689e+00,1.966984943314034617e-01,4.911302394672720339e+00,1.000000000000000000e+00
1.530000000000000071e+01,9.208490490183118826e-01,2.202932179852761796e-01,-1.738585792914582040e-01,2.707048603895357286e-01,9.209906698475065490e-01,2.189121702863368879e-01,-1.745956146924243779e-01,2.708690072425076756e-01,1.729918244162778729e+00,-1.406404343855642169e+00,2.149118525481768405e+00,1.689016061735230334e+00,-1.378081957609115893e+00,1.924205062776646491e+00,1.810950956936486778e-01,7.954815359128926566e+00,1.000000000000000000e+00
1.532000000000000028e+01,9.206402975435256097e-01,2.205660866188914326e-01,-1.740796036605111730e-01,2.710504299240196757e-01,9.206073458314107949e-01,2.189024284615350979e-01,-1.751694733492246414e-01,2.718078314203676293e-01,1.701739155519955693e+00,-1.387033911110027606e+00,2.139870267421658756e+00,1.633759279576681323e+00,-1.513666372716470532e+00,2.045869299889637283e+00,2.439029301489694934e-01,1.809787881387816988e+00,1.000000000000000000e+00
1.533999999999999986e+01,9.204331109421137747e-01,2.208369471952146557e-01,-1.743010423479208759e-01,2.713910051408273127e-01,9.202225377881464441e-01,2.199747620082146693e-01,-1.752529330252568240e-01,2.721910992156386100e-01,1.694794066213853201e+00,-1.384465530982597059e+00,2.108569143758300068e+00,1.812457916341960296e+00,-1.434936503061764013e+00,2.111062959991746979e+00,1.750646714800096759e-01,2.116751519688877092e+00,1.000000000000000000e+00
1.535999999999999943e+01,9.202250216196805610e-01,2.211103336097375582e-01,-1.745239879656435844e-01,2.717305790311736469e-01,9.200255192583008945e-01,2.207060678877953708e-01,-1.753542424335911842e-01,2.721998625487221934e-01,1.712599984915937013e+00,-1.388119593524938411e+00,2.105307906699581899e+00,1.915139553938032480e+00,-1.357919119629364957e+00,2.062795871271964288e+00,1.208808736982709270e-01,9.392796521812235566e-01,1.000000000000000000e+00
1.538000000000000078e+01,9.200159467911334099e-01,2.213835537744905102e-01,-1.747478301390299471e-01,2.720720044949362371e-01,9.194322376390656748e-01,2.216744722342978147e-01,-1.754462643362530438e-01,2.733558067430063576e-01,1.712516310724040425e+00,-1.396436675940608163e+00,2.115302606790796958e+00,2.037926150887250820e+00,-1.344601704901759121e+00,2.307191430066742210e+00,1.833933639602915167e-01,3.745589095471681063e+00,1.000000000000000000e+00
1.540000000000000036e+01,9.198062150868955289e-01,2.216534428831499204e-01,-1.749702057646923548e-01,2.724182538675176679e-01,9.189376505019352104e-01,2.216144930610776942e-01,-1.762279874069258012e-01,2.745620283465449729e-01,1.688674519461691004e+00,-1.400675197554757334e+00,2.140279931384356793e+00,1.965931083468368312e+00,-1.550723038004399701e+00,2.465278475710636297e+00,3.017417745211002367e-01,3.629847446468646766e+00,1.000000000000000000e+00
1.541999999999999993e+01,9.195948397101902927e-01,2.219239136188408401e-01,-1.751954613775427161e-01,2.727666725521957769e-01,9.187946497944440294e-01,2.211411576551136626e-01,-1.769527912107382306e-01,2.749557956886707344e-01,1.696147643315481179e+00,-1.419347971233330563e+00,2.151203496579142005e+00,1.817603622324782675e+00,-1.704421776344370087e+00,2.399142940825526260e+00,3.463146883507479679e-01,2.497896427835271105e+00,1.000000000000000000e+00
1.543999999999999950e+01,9.193832747866276245e-01,2.221920346854781292e-01,-1.754232925324685222e-01,2.731149248979479194e-01,9.187673492324736069e-01,2.209356503007524342e-01,-1.769159460080426682e-01,2.752357979235201535e-01,1.688200634110649245e+00,-1.436569134010009963e+00,2.144989837219958950e+00,1.682834892083390432e+00,-1.654382334301309321e+00,2.355080248880424776e+00,3.376853831998817279e-01,1.129568955807197295e+00,1.000000000000000000e+00
1.546000000000000085e+01,9.191717943832327098e-01,2.224607795746723626e-01,-1.756535886226937015e-01,2.734597424947718403e-01,9.184995207455149968e-01,2.206930650143477946e-01,-1.768025075708712923e-01,2.763947806335786961e-01,1.698688614769674921e+00,-1.444119826235559678e+00,2.124253402251492950e+00,1.515545047927351119e+00,-1.648984672611555791e+00,2.525785832072095616e+00,4.212115969794882342e-01,2.855847162256619942e+00,1.000000000000000000e+00
1.548000000000000043e+01,9.189586191818781558e-01,2.227313112126948214e-01,-1.758855470660850573e-01,2.738066718874355154e-01,9.186388547294710438e-01,2.205599029304266823e-01,-1.763156011130043166e-01,2.763490412590692280e-01,1.710737903730203513e+00,-1.454472449450441962e+00,2.137709906238245416e+00,1.384423451938596505e+00,-1.472688251160225503e+00,2.420159606370929417e+00,3.880216842391572274e-01,2.969694410679572183e+00,1.000000000000000000e+00
1.550000000000000000e+01,9.187452519040966159e-01,2.230037821816418520e-01,-1.761167739068084659e-01,2.741520694523739143e-01,9.183216589957431397e-01,2.209254113652654450e-01,-1.771288639251261399e-01,2.765911401274244730e-01,1.721590039771706104e+00,-1.445816678986579173e+00,2.132833786509775287e+00,1.467900339627392858e+00,-1.592718201305107550e+00,2.365592144950436460e+00,3.881332848074856012e-01,1.216987293601539344e+00,1.000000000000000000e+00
1.551999999999999957e+01,9.185324105414827134e-01,2.232819062684283373e-01,-1.763385417623402063e-01,2.744961198398286339e-01,9.178667390072348109e-01,2.212859914514769821e-01,-1.777088218748457404e-01,2.774396043095068154e-01,1.737177667728612596e+00,-1.384892584326800735e+00,2.142706448866410263e+00,1.512549083553856866e+00,-1.694476389849111531e+00,2.468743046682689180e+00,4.433461619280158472e-01,1.148847124004394260e+00,1.000000000000000000e+00
1.554000000000000092e+01,9.183196834590884317e-01,2.235553918760966874e-01,-1.765608961190557880e-01,2.748421286781932427e-01,9.178351747889107459e-01,2.213737215119661872e-01,-1.767439997012311970e-01,2.780896005135096716e-01,1.711563770236722792e+00,-1.397664384123673331e+00,2.147396872686403668e+00,1.377418962591253404e+00,-1.440182865201997009e+00,2.565666414728044575e+00,4.522238632119791601e-01,4.613924237696098274e+00,1.000000000000000000e+00
1.556000000000000050e+01,9.181077589559091257e-01,2.238262648504161234e-01,-1.767850077266971687e-01,2.751854050474721314e-01,9.177835049531635203e-01,2.211514746791188313e-01,-1.764258031088157819e-01,2.786384741570109291e-01,1.702320585989077317e+00,-1.406712633785269562e+00,2.126862094643102274e+00,1.228369922566755035e+00,-1.355820541225239317e+00,2.590017177876080101e+00,5.035824912727473457e-01,1.495686214539248216e+00,1.000000000000000000e+00
1.558000000000000007e+01,9.178959327038314076e-01,2.240976873528690294e-01,-1.770091160164389554e-01,2.755268700071521470e-01,9.174089486381782343e-01,2.215055963312144716e-01,-1.774763389806472413e-01,2.789233601808428498e-01,1.706914858828120884e+00,-1.403406216129045037e+00,2.117739370990991521e+00,1.333568553134463652e+00,-1.538308288087141928e+00,2.528585995761684746e+00,4.956738827208527765e-01,2.406271937168993791e+00,1.000000000000000000e+00
1.559999999999999964e+01,9.176839664859500756e-01,2.243731759214463717e-01,-1.772314282477446268e-01,2.758656129763223386e-01,9.171351210169670365e-01,2.221209169535112438e-01,-1.766817707281499172e-01,2.798374884487247471e-01,1.728403907388814664e+00,-1.384188513041641366e+00,2.110074820301113263e+00,1.335310781381286338e+00,-1.317076502545893701e+00,2.711158703268992110e+00,5.307439936154677573e-01,4.112692385598965217e+00,1.000000000000000000e+00
1.562000000000000099e+01,9.174722920210689470e-01,2.246446279788787137e-01,-1.774535999991952717e-01,2.762057282917271817e-01,9.166253542385039976e-01,2.230687861578035669e-01,-1.774667702096834609e-01,2.802567074675726411e-01,1.705189492054599798e+00,-1.391297936041913097e+00,2.112911068675050963e+00,1.551039380224551900e+00,-1.414973284133573594e+00,2.722491725014523301e+00,5.074636291986363013e-01,2.811784641257295991e+00,1.000000000000000000e+00
1.564000000000000057e+01,9.172613702995032758e-01,2.249170531020985575e-01,-1.776696260448978604e-01,2.765454786490126882e-01,9.162832664002552585e-01,2.234080580807124294e-01,-1.777037862201737428e-01,2.809540525824441581e-01,1.699980990446625206e+00,-1.356216621925929511e+00,2.118700937313914512e+00,1.565338668212181705e+00,-1.436991931700141611e+00,2.786849686241068991e+00,5.456109198413006123e-01,2.415041981641187219e-01,1.000000000000000000e+00
1.566000000000000014e+01,9.170491633225444916e-01,2.251902034138061892e-01,-1.778886804848858194e-01,2.768859362467080421e-01,9.164284136749779597e-01,2.228191765145626502e-01,-1.782699660350560711e-01,2.805893732777414717e-01,1.709527023447747096e+00,-1.373203118961745961e+00,2.121289918814428521e+00,1.415896806145996223e+00,-1.515739034482695091e+00,2.523710648840347126e+00,5.107745193893591384e-01,4.887797866842639394e+00,1.000000000000000000e+00
1.567999999999999972e+01,9.168379130322537041e-01,2.254589741723431739e-01,-1.781090576442596884e-01,2.772249191124245282e-01,9.163146405533102445e-01,2.235844545575086662e-01,-1.781758949266667447e-01,2.804118785910481582e-01,1.688882655983966030e+00,-1.384223139526855384e+00,2.105853109321254024e+00,1.532613148460876262e+00,-1.374881849946633761e+00,2.424063931378857450e+00,4.279781039181342894e-01,2.169257407980035524e+00,1.000000000000000000e+00
1.570000000000000107e+01,9.166289618719103416e-01,2.257244621080364555e-01,-1.783279329706237148e-01,2.775589338970846920e-01,9.163589758720080969e-01,2.231338127909124613e-01,-1.776297644649019736e-01,2.809718770701759571e-01,1.671352085806101506e+00,-1.372784313118649013e+00,2.074693369185500735e+00,1.305435233769128178e+00,-1.255310732130429541e+00,2.452861448801790356e+00,4.984404379523416639e-01,3.336305986589284345e+00,1.000000000000000000e+00
1.572000000000000064e+01,9.164200393471620965e-01,2.259913266906183882e-01,-1.785488405300772186e-01,2.778894443639864931e-01,9.164226829346709957e-01,2.232828878436492470e-01,-1.776056187959434707e-01,2.806607602981401328e-01,1.685357425599918191e+00,-1.376706703685389277e+00,2.055021794115090561e+00,1.291598985304107661e+00,-1.167818301079582843e+00,2.284414116389240856e+00,4.570110253387204002e-01,1.810808370114556975e+00,1.000000000000000000e+00
1.574000000000000021e+01,9.162115183486415626e-01,2.262547118859704887e-01,-1.787733394564065270e-01,2.782181735514018817e-01,9.163550443151508018e-01,2.240819900789379482e-01,-1.779159691926165410e-01,2.800475002328935425e-01,1.674108697265735302e+00,-1.398386509396396304e+00,2.036819849279956518e+00,1.464364051867166339e+00,-1.103339938217152927e+00,2.074930842097222783e+00,3.403744717799162545e-01,3.893998967545988510e+00,1.000000000000000000e+00
1.575999999999999979e+01,9.160027643887325155e-01,2.265151191069539327e-01,-1.789981290902790678e-01,2.785489296880220289e-01,9.166271856563363851e-01,2.236194685125666992e-01,-1.783563283809616318e-01,2.792453328962973824e-01,1.657165015763917726e+00,-1.407525933109804672e+00,2.044404504066426043e+00,1.349777932694966376e+00,-1.130243543501975978e+00,1.748875620471038284e+00,3.563703095314100788e-01,6.007743194300812384e+00,1.000000000000000000e+00
1.578000000000000114e+01,9.157940895909765233e-01,2.267730071696564265e-01,-1.792205026170399229e-01,2.788820541575971479e-01,9.163510936988643607e-01,2.233967235651186656e-01,-1.787272046609584553e-01,2.800913481194035048e-01,1.637556000542842005e+00,-1.401858471314099353e+00,2.057260010957437046e+00,1.247182188298711303e+00,-1.236729130810974020e+00,1.851268770679292519e+00,4.197132990655039753e-01,1.617350226658932799e+00,1.000000000000000000e+00
1.580000000000000071e+01,9.155848017240008074e-01,2.270295815244962601e-01,-1.794436362947050834e-01,2.792167999210792284e-01,9.160969228684702204e-01,2.241939966190769351e-01,-1.783315151494863637e-01,2.805376097698385474e-01,1.631009184167377057e+00,-1.410682317187056389e+00,2.064410068207547244e+00,1.338768445139244756e+00,-1.078682609580413176e+00,1.944541379152015637e+00,3.849350763012061583e-01,2.103199167866129482e+00,1.000000000000000000e+00
1.582000000000000028e+01,9.153756350819892695e-01,2.272844338187457180e-01,-1.796667200832399169e-01,2.795516097905144659e-01,9.157992628128092116e-01,2.238554767274397450e-01,-1.787733648062144465e-01,2.814969268153922899e-01,1.621671991425176040e+00,-1.413134298087293628e+00,2.062846809111361424e+00,1.212476514990833865e+00,-1.218092600867662689e+00,2.056318327128967116e+00,4.657490979438934642e-01,2.393830659837793640e+00,1.000000000000000000e+00
1.583999999999999986e+01,9.151674677898329335e-01,2.275361149212166145e-01,-1.798861232379779240e-01,2.798871289861594169e-01,9.155820619378994829e-01,2.243627634660026460e-01,-1.786822026702040989e-01,2.818572487561159523e-01,1.597113083088773200e+00,-1.398804726308631174e+00,2.066494963457504053e+00,1.263462336127592733e+00,-1.141178881521766275e+00,2.090763744048877992e+00,4.522065848801209431e-01,4.850701787079761407e-01,1.000000000000000000e+00
1.586000000000000121e+01,9.149583474574254360e-01,2.277900860505658320e-01,-1.801075634503250533e-01,2.802216349660394679e-01,9.154391617109353119e-01,2.250670909234275818e-01,-1.778329852828871016e-01,2.822966084362725780e-01,1.614674348699112638e+00,-1.405475074989523288e+00,2.062415054479436627e+00,1.296967977480876000e+00,-8.880148199012602994e-01,2.185514517515513511e+00,4.742087535069817172e-01,3.709515792603765405e+00,1.000000000000000000e+00
1.588000000000000078e+01,9.147499328742779712e-01,2.280410433108709944e-01,-1.803295935978170839e-01,2.805549510257116519e-01,9.148742941570181531e-01,2.257614242212269140e-01,-1.777603055416337452e-01,2.836160767623130408e-01,1.600128661546630582e+00,-1.411125324287002991e+00,2.051163906009925153e+00,1.365087160085658446e+00,-8.830878673168808257e-01,2.456518004957623624e+00,5.274187541655904754e-01,3.905286753985862447e+00,1.000000000000000000e+00
1.590000000000000036e+01,9.145425698173630380e-01,2.282883707006334861e-01,-1.805475897295904519e-01,2.808894366784543961e-01,9.148226714618725719e-01,2.257271821565130787e-01,-1.781372084719696491e-01,2.835733661204050127e-01,1.572037167288742099e+00,-1.396259110513088375e+00,2.057123940294221409e+00,1.330425084937785440e+00,-9.312752267673333195e-01,2.325470816802838403e+00,5.079856985675937908e-01,1.034827814737002027e+00,1.000000000000000000e+00
1.591999999999999993e+01,9.143365691083158442e-01,2.285356386590338129e-01,-1.807641565130722883e-01,2.812195227470154490e-01,9.141643406026469520e-01,2.269153354356438779e-01,-1.786885901665161980e-01,2.844000292879027558e-01,1.572194642502271034e+00,-1.381701117966101400e+00,2.033685937607261351e+00,1.574444281747766183e+00,-1.005486199171522710e+00,2.475562375444182006e+00,4.735650178402995292e-01,4.378964305783590305e+00,1.000000000000000000e+00
1.593999999999999950e+01,9.141302841136168533e-01,2.287848784521092083e-01,-1.809777651562430034e-01,2.815499095667829410e-01,9.139698809272941427e-01,2.277783126021664661e-01,-1.792717816863279301e-01,2.839678245098683496e-01,1.577819014822597898e+00,-1.363715208571486315e+00,2.041635223269728350e+00,1.767320463227967986e+00,-1.016868464171261532e+00,2.294811945469566794e+00,3.586478599834112546e-01,3.500055790661537714e+00,1.000000000000000000e+00
1.596000000000000085e+01,9.139221738600697975e-01,2.290370636339541521e-01,-1.811889380398064020e-01,2.818844662992762706e-01,9.138407822544383219e-01,2.271734362993267364e-01,-1.792342609080807558e-01,2.848900388663778149e-01,1.587385184454462417e+00,-1.353565082235819839e+00,2.072666962860781226e+00,1.524668593253871718e+00,-1.063640280809345473e+00,2.386165997421099139e+00,4.631254797756497177e-01,3.470650053395950785e+00,1.000000000000000000e+00
1.598000000000000043e+01,9.137129301935286163e-01,2.292868948199247026e-01,-1.813984864551802523e-01,2.822247157368800718e-01,9.131408055988740058e-01,2.282976476028887591e-01,-1.800585240376745555e-01,2.857148599051172466e-01,1.568012661947632891e+00,-1.357507718601426161e+00,2.103994729479971681e+00,1.767378540801233466e+00,-1.198428243160768014e+00,2.518706579635805021e+00,4.479718316314686422e-01,4.732150347734520146e+00,1.000000000000000000e+00
1.600000000000000000e+01,9.135028466177125273e-01,2.295401420809791426e-01,-1.816068441184819082e-01,2.825647298657522066e-01,9.129248057361374347e-01,2.285812786494201831e-01,-1.809166698203638901e-01,2.856362314268645619e-01,1.585318951534265608e+00,-1.346313834406439591e+00,2.109235765501528359e+00,1.829994913030436487e+00,-1.322002369457177862e+00,2.375364810008296246e+00,3.828802738193353150e-01,1.986916013326204933e+00,1.000000000000000000e+00
1.601999999999999957e+01,9.132907986500602426e-01,2.297959564755482909e-01,-1.818143147266634563e-01,2.829086256180547432e-01,9.125950760665451078e-01,2.283424812384848845e-01,-1.824207472207892422e-01,2.859241322175481437e-01,1.595863729650281559e+00,-1.344663869453745386e+00,2.136570242121921481e+00,1.809931817595178405e+00,-1.643590904116404738e+00,2.267756094197247663e+00,3.979095603552038618e-01,5.770091210142739513e+00,1.000000000000000000e+00
1.603999999999999915e+01,9.130784930341742101e-01,2.300525819575725550e-01,-1.820210511715311674e-01,2.832522056816272893e-01,9.127885410648348685e-01,2.284612470601917467e-01,-1.818282993962652139e-01,2.855888783392911967e-01,1.599586012175441496e+00,-1.339360181718858511e+00,2.137147499225814595e+00,1.723503276117605454e+00,-1.408994826251121824e+00,2.123400012670866310e+00,3.264073072843090562e-01,4.167217568553088114e+00,1.000000000000000000e+00
1.605999999999999872e+01,9.128662873808295330e-01,2.303099605733965327e-01,-1.822297390717371179e-01,2.835926402819159420e-01,9.122928414521501717e-01,2.290776631331760405e-01,-1.837094422961763063e-01,2.854751066202319554e-01,1.609841774684203752e+00,-1.344096754203756738e+00,2.118742829608972755e+00,1.948221453912804879e+00,-1.736265391388263746e+00,1.966604285810707786e+00,3.155037379115320784e-01,9.109516512400908539e+00,1.000000000000000000e+00
1.608000000000000185e+01,9.126528668718483228e-01,2.305683097681572036e-01,-1.824391577891520122e-01,2.839347686114480074e-01,9.117318067472375276e-01,2.295396188048808017e-01,-1.838258795934184509e-01,2.868182733997856060e-01,1.615940388177365961e+00,-1.349845555075798176e+00,2.129624596156250327e+00,1.946758414984316454e+00,-1.756521398592649996e+00,2.231586891332073108e+00,3.993341781928241851e-01,3.531427996658391244e+00,1.000000000000000000e+00
1.610000000000000142e+01,9.124400817999290814e-01,2.308253479356508486e-01,-1.826494486136041318e-01,2.842744005296127252e-01,9.116406995430342830e-01,2.296726525056391188e-01,-1.834793792553511549e-01,2.872229534974220511e-01,1.612273688146777406e+00,-1.352576588151157111e+00,2.113014303906882052e+00,1.857244690926921349e+00,-1.623890833661043587e+00,2.258020426207728804e+00,3.860643697436559885e-01,1.315124336688438422e+00,1.000000000000000000e+00
1.612000000000000099e+01,9.122262202970964351e-01,2.310820549628704312e-01,-1.828609985494404344e-01,2.846159905664330525e-01,9.116973555503330440e-01,2.290769175771307786e-01,-1.836142988878958771e-01,2.874325781114531742e-01,1.611967762036790930e+00,-1.363414609107723940e+00,2.122992653245823647e+00,1.645455423083429514e+00,-1.635516870345534723e+00,2.171107784860253354e+00,4.099898671083578305e-01,2.627198423295447949e+00,1.000000000000000000e+00
1.614000000000000057e+01,9.120132106263221239e-01,2.313364015541172769e-01,-1.830719495546927478e-01,2.849561970642227604e-01,9.116887377742938225e-01,2.294275047858554128e-01,-1.826627852559772336e-01,2.877863310613972270e-01,1.598975572682122648e+00,-1.361409140004897989e+00,2.112692158801653175e+00,1.572160708687652342e+00,-1.353505468072188522e+00,2.226107689115298882e+00,3.957351961812194396e-01,4.396406170056260443e+00,1.000000000000000000e+00
1.616000000000000014e+01,9.117985443407405910e-01,2.315939937333070242e-01,-1.832830729035637429e-01,2.852980052362626417e-01,9.111404478488270842e-01,2.306640299400433136e-01,-1.821009738492433416e-01,2.888882567859324957e-01,1.616732356655230962e+00,-1.360871331195020906e+00,2.126942294232128106e+00,1.720357833542319970e+00,-1.172543968610267218e+00,2.497947954594210707e+00,4.523857673543738578e-01,6.430364682670416165e+00,1.000000000000000000e+00
1.617999999999999972e+01,9.115839391901967570e-01,2.318511066114383179e-01,-1.834934150388741469e-01,2.856395505018637371e-01,9.109078278167936915e-01,2.309578420238759255e-01,-1.822735849189184854e-01,2.892779712846639262e-01,1.613146345878190058e+00,-1.357160522011820358e+00,2.126002168633687628e+00,1.720357833542319970e+00,-1.172543968610267218e+00,2.497947954594210707e+00,4.580963051048360657e-01,1.195171517689610141e+01,0.000000000000000000e+00
1.619999999999999929e+01,9.113675802323220054e-01,2.321097510765514071e-01,-1.837048839581688908e-01,2.859837631170329963e-01,9.102599311908793345e-01,2.321187005437514994e-01,-1.828101478430944893e-01,2.900486448371061843e-01,1.622515383314588222e+00,-1.365926298626185087e+00,2.142917373298987904e+00,1.941708195697908090e+00,-1.231007969431249238e+00,2.627700911299578834e+00,4.935533246945458807e-01,2.967260525368295099e+00,1.000000000000000000e+00
1.621999999999999886e+01,9.111508671738264287e-01,2.323723663238541903e-01,-1.839171134899490190e-01,2.863244243562921287e-01,9.099509986568330433e-01,2.331768456246060550e-01,-1.834763358676299028e-01,2.897484648528436679e-01,1.648705057808988128e+00,-1.359041404630209504e+00,2.128121108100858194e+00,2.167722064388053926e+00,-1.247503841703001770e+00,2.483171401648636589e+00,4.288423710003874678e-01,3.156938731695031919e+00,1.000000000000000000e+00
1.624000000000000199e+01,9.109327688498543019e-01,2.326352979857700676e-01,-1.841300142498356884e-01,2.866678332477591851e-01,9.097288556067025800e-01,2.341574327463744887e-01,-1.831078782945567696e-01,2.898882730857050283e-01,1.650407016097440005e+00,-1.367144434433579470e+00,2.144177565872593227e+00,2.271037497125298898e+00,-1.064974286765763889e+00,2.489321211727608674e+00,4.465001712567233105e-01,1.958633672399072712e+00,1.000000000000000000e+00
1.626000000000000156e+01,9.107141652364213469e-01,2.328965714779897833e-01,-1.843421145577397446e-01,2.870137296923390147e-01,9.099999361372743678e-01,2.346549232242927940e-01,-1.817574802162343350e-01,2.894847174242591858e-01,1.638487030032215186e+00,-1.369538926110950294e+00,2.157308260869913230e+00,2.193079930912794850e+00,-6.587787656144090676e-01,2.377680128642051027e+00,4.638915061095427728e-01,8.297280119671555099e+00,1.000000000000000000e+00
1.628000000000000114e+01,9.104956565300650340e-01,2.331576057500411026e-01,-1.845505274107960558e-01,2.873609109694486574e-01,9.097367617440145215e-01,2.348773356556157210e-01,-1.821634294038866897e-01,2.898760882077864864e-01,1.629691189635637638e+00,-1.352305384986306924e+00,2.168524326995547202e+00,2.175901049258981423e+00,-7.372769048673971648e-01,2.368631525835075635e+00,4.519873118707993243e-01,2.999290747320331740e-01,1.000000000000000000e+00
1.630000000000000071e+01,9.102769785834458061e-01,2.334209944890847099e-01,-1.847578832980771857e-01,2.877064235500031431e-01,9.094701675953491549e-01,2.355634713302244831e-01,-1.820159910877541254e-01,2.902482458470418969e-01,1.642224182430709778e+00,-1.340864675200852174e+00,2.163999391378171655e+00,2.222679639032785204e+00,-6.598497515997964191e-01,2.407238399456762323e+00,5.023767037476192243e-01,4.495095985178643727e-01,1.000000000000000000e+00
1.632000000000000028e+01,9.100600882475229358e-01,2.336759176672104643e-01,-1.849654590379684604e-01,2.880520443325674806e-01,9.091990799958854508e-01,2.357742027745723945e-01,-1.821111178073031855e-01,2.908661187069144782e-01,1.595929136115784130e+00,-1.354218627677042930e+00,2.152361409502234757e+00,2.171165342355105388e+00,-6.849677039118734490e-01,2.463488890753621874e+00,5.277492017682644532e-01,3.031403029469591504e-01,1.000000000000000000e+00
1.633999999999999986e+01,9.098424907304749620e-01,2.339321636797088710e-01,-1.851737380087889462e-01,2.883974195608342006e-01,9.086778095154511847e-01,2.368407501867141329e-01,-1.830560648593219653e-01,2.910353495082955155e-01,1.605194415192971347e+00,-1.356122917484844592e+00,2.152708544057507556e+00,2.398751322358314564e+00,-8.187640629465412490e-01,2.426515569699907449e+00,5.283604106008512602e-01,3.374936315087623484e+00,1.000000000000000000e+00
1.635999999999999943e+01,9.096253951866266618e-01,2.341913449262945091e-01,-1.853835756523418976e-01,2.887368772282806750e-01,9.084558921648611118e-01,2.371228900335493883e-01,-1.836726955956793084e-01,2.911098897421737774e-01,1.628676902241593449e+00,-1.350934054472938461e+00,2.122055807114557435e+00,2.412040115845133670e+00,-9.120228572172102144e-01,2.334681272786514938e+00,4.931435670521395753e-01,8.294036887666328406e-01,1.000000000000000000e+00
1.637999999999999901e+01,9.094078336623819814e-01,2.344531917042037283e-01,-1.855932007501993608e-01,2.890748290815050581e-01,9.082147167038890911e-01,2.378324201300506535e-01,-1.838940647907475190e-01,2.911438497243141743e-01,1.644442106137362414e+00,-1.343891041044696255e+00,2.118095184536904707e+00,2.492526660679184047e+00,-8.852038946521882945e-01,2.280397385977531055e+00,5.126055300735248288e-01,4.899835349383072081e-01,1.000000000000000000e+00
1.639999999999999858e+01,9.091902183243905089e-01,2.347157175248996419e-01,-1.858026086126480514e-01,2.894115918251269903e-01,9.082953294333203642e-01,2.376237523816907005e-01,-1.842500647773980815e-01,2.908375155704396309e-01,1.648957225638373103e+00,-1.340094319678021284e+00,2.113002321973338038e+00,2.377476124947065284e+00,-9.184335463519343046e-01,2.084912952255626895e+00,4.241615401615430048e-01,2.556052678486708807e+00,1.000000000000000000e+00
1.642000000000000171e+01,9.089739440518587177e-01,2.349760522179799582e-01,-1.860080629767352500e-01,2.897475184130222647e-01,9.081220219867743859e-01,2.377372806348299339e-01,-1.846237732045740987e-01,2.910488635035612948e-01,1.630073971326872151e+00,-1.320580655068569920e+00,2.109406932803506329e+00,2.329670800049266077e+00,-9.725692685743996257e-01,2.039817051542963444e+00,3.962933773240600588e-01,3.546942014936177445e-01,1.000000000000000000e+00
1.644000000000000128e+01,9.087580537773196632e-01,2.352360352101667829e-01,-1.862138247655950596e-01,2.900814004717086614e-01,9.075877115312115384e-01,2.383668546442812286e-01,-1.853034915731838761e-01,2.917677235324662721e-01,1.630414635583871785e+00,-1.319603781367879147e+00,2.097332746257022151e+00,2.414534182095710690e+00,-1.099722020543160816e+00,2.136366809835140934e+00,4.414994562712680204e-01,1.607618661366855939e+00,1.000000000000000000e+00
1.646000000000000085e+01,9.085418305221463209e-01,2.354910675291509159e-01,-1.864199939075033008e-01,2.904191542873422738e-01,9.073275660270163634e-01,2.383452813731136988e-01,-1.858604611349808089e-01,2.922398052308308181e-01,1.601632419110523120e+00,-1.335526657040180476e+00,2.112214603211968633e+00,2.342184540979292962e+00,-1.214032950146212819e+00,2.134877739806543051e+00,4.171012542224608044e-01,9.039953513867605706e-01,1.000000000000000000e+00
1.648000000000000043e+01,9.083277324098643080e-01,2.357425278451976136e-01,-1.866265014641685926e-01,2.907520250171183873e-01,9.070860819408061992e-01,2.381941298836618981e-01,-1.863174362500819858e-01,2.928211218260033388e-01,1.585949534739138578e+00,-1.334373577027247126e+00,2.078987308189766292e+00,2.231949949659962407e+00,-1.316480060216119741e+00,2.155685625620568313e+00,3.957764720736530184e-01,1.144052636810889423e+00,1.000000000000000000e+00
1.650000000000000000e+01,9.081112106890396607e-01,2.359961438416921520e-01,-1.868346652853925538e-01,2.910887441321517444e-01,9.068401562981963648e-01,2.385502613678997519e-01,-1.865502747536308403e-01,2.931445014250046444e-01,1.599086104149074483e+00,-1.347191791894192692e+00,2.103120976732256509e+00,2.231949949659962407e+00,-1.316480060216119741e+00,2.155685625620568313e+00,4.042683101548856794e-01,1.186528933066878011e+01,0.000000000000000000e+00
1.651999999999999957e+01,9.078939448236618137e-01,2.362529719107878956e-01,-1.870445597938755200e-01,2.914231474460559079e-01,9.064479283921782482e-01,2.382138982947601957e-01,-1.870854663707443855e-01,2.942878183778309675e-01,1.622170517144479795e+00,-1.348504840644570990e+00,2.093411050204378121e+00,2.075580299108783944e+00,-1.482921568674653301e+00,2.294395920932478017e+00,4.309652090928845491e-01,3.043432892820772118e+00,1.000000000000000000e+00
1.653999999999999915e+01,9.076775162553148979e-01,2.365108057369021133e-01,-1.872502082417376035e-01,2.917559335603819304e-01,9.068283339152007905e-01,2.371704646312542408e-01,-1.864915325707589278e-01,2.943356108162680229e-01,1.620912271409482353e+00,-1.321651718391378072e+00,2.090426009945343555e+00,1.700510156657663030e+00,-1.352698717934627037e+00,2.169808639894081459e+00,3.318526813115357244e-01,7.546326622694539132e+00,1.000000000000000000e+00
1.655999999999999872e+01,9.074619634419021086e-01,2.367690815124461612e-01,-1.874520647693524722e-01,2.920871622643264609e-01,9.066437286809083673e-01,2.379349109270662288e-01,-1.870843165278771036e-01,2.939108468821896025e-01,1.617356106215931399e+00,-1.298142617866025361e+00,2.086475190665924906e+00,1.864974780670687560e+00,-1.355324042133803086e+00,2.002466169176208677e+00,2.684900821631248657e-01,2.447460617625580870e+00,1.000000000000000000e+00
1.658000000000000185e+01,9.072446211599947130e-01,2.370286431120183779e-01,-1.876549251442309885e-01,2.924213548799849405e-01,9.062523095156248543e-01,2.387256641946916835e-01,-1.873882274381577229e-01,2.942829607197549602e-01,1.624965827845657795e+00,-1.307152854462656055e+00,2.104899614962203014e+00,1.984196137559163464e+00,-1.347893850871306531e+00,2.044810440491196424e+00,3.117495215128541219e-01,7.266869080748685761e-01,1.000000000000000000e+00
1.660000000000000142e+01,9.070258638750066105e-01,2.372897107627501279e-01,-1.878582664561962989e-01,2.927574886352204420e-01,9.063749865162095132e-01,2.387661219948024605e-01,-1.874001867242365837e-01,2.938644123078285597e-01,1.633434861114280157e+00,-1.311287112704518254e+00,2.118326811527017295e+00,1.923665289761053110e+00,-1.262966522396709035e+00,1.863348544566095333e+00,2.302848426500199441e-01,2.013115540122739411e+00,1.000000000000000000e+00
1.662000000000000099e+01,9.068076077841257243e-01,2.375508878983336736e-01,-1.880611371128265430e-01,2.930913626011099060e-01,9.060849516782589763e-01,2.387040743588161873e-01,-1.877689731904939874e-01,2.945729755658105242e-01,1.634965286079278490e+00,-1.305045726402515704e+00,2.106500007992861967e+00,1.841520546622071430e+00,-1.346876443053197425e+00,1.934804332769999080e+00,2.329511118324082697e-01,8.804017779527562038e-01,1.000000000000000000e+00
1.664000000000000057e+01,9.065885978581502691e-01,2.378113909498581202e-01,-1.882614076764853595e-01,2.934288652258926211e-01,9.056734601139361240e-01,2.388193504643695841e-01,-1.889215682823753018e-01,2.950076990974215829e-01,1.624212788326441670e+00,-1.298419712177385055e+00,2.129431633552874903e+00,1.874259789220681371e+00,-1.572847823816535762e+00,1.916974378127640044e+00,2.505860848281143416e-01,2.473888639708568871e+00,1.000000000000000000e+00
1.666000000000000014e+01,9.063676947140764106e-01,2.380746481551451466e-01,-1.884624011190516313e-01,2.937685947288042332e-01,9.055261660194523499e-01,2.393898474244211538e-01,-1.890413860429199233e-01,2.949206977599155843e-01,1.639911785337675232e+00,-1.302620653850415700e+00,2.146167613694403897e+00,1.939773444054641915e+00,-1.495581913020045617e+00,1.848358138686338137e+00,2.320439740795865735e-01,7.135736480658864123e-01,1.000000000000000000e+00
1.667999999999999972e+01,9.061466806273069663e-01,2.383364873257347583e-01,-1.886634988679226910e-01,2.941088169236970029e-01,9.053946246849272628e-01,2.398910993618082466e-01,-1.891516195627375441e-01,2.948465683290484307e-01,1.632342667547174386e+00,-1.306340983060618965e+00,2.147239461041722475e+00,1.985632095347213300e+00,-1.424245490668040626e+00,1.781619288054745009e+00,2.223473987901281312e-01,5.602405800878069719e-01,1.000000000000000000e+00
1.669999999999999929e+01,9.059268126075447070e-01,2.385979498160777923e-01,-1.888646660066489458e-01,2.944448445405288828e-01,9.052873866663149194e-01,2.395034075874766522e-01,-1.896711489540607032e-01,2.951571116393900684e-01,1.633473082588377201e+00,-1.300369159561697074e+00,2.123028695363148088e+00,1.848983491246452671e+00,-1.526018254351036330e+00,1.735075870947562438e+00,1.770229656600380563e-01,1.512674345384609431e+00,1.000000000000000000e+00
1.671999999999999886e+01,9.057074066912788046e-01,2.388581093269383782e-01,-1.890666981860442131e-01,2.947790370944758376e-01,9.053378875150657201e-01,2.399295126807994283e-01,-1.900524654956413928e-01,2.944099161603435100e-01,1.629523250166014625e+00,-1.304048704976029427e+00,2.110131526623301390e+00,1.921601790985160596e+00,-1.470439509816592105e+00,1.497321055138377321e+00,1.772445656168226691e-01,3.167738054875004927e+00,1.000000000000000000e+00
1.674000000000000199e+01,9.054858630011868303e-01,2.391182612494796023e-01,-1.892702630838078715e-01,2.951179028019274009e-01,9.051636730336836134e-01,2.398334826855584856e-01,-1.903431201768276682e-01,2.948357546235468307e-01,1.629935937829233294e+00,-1.320726555376918077e+00,2.135886805920289344e+00,1.832445067375862324e+00,-1.510554220124324276e+00,1.517964287968859072e+00,1.556918659384390335e-01,4.902071257948711902e-01,1.000000000000000000e+00
1.676000000000000156e+01,9.052629572456096785e-01,2.393786523013283762e-01,-1.894727556531933532e-01,2.954605116196049597e-01,9.048488575328184069e-01,2.404320762290101943e-01,-1.899590912148178268e-01,2.955613394992677168e-01,1.627170272221379221e+00,-1.321364229267188994e+00,2.159337836877900596e+00,1.843443594911837291e+00,-1.379191079551308485e+00,1.681734613482448459e+00,1.416431991655906775e-01,2.180505281514561133e+00,1.000000000000000000e+00
1.678000000000000114e+01,9.050407037025175461e-01,2.396383770643719380e-01,-1.896699696685597292e-01,2.958041167487929779e-01,9.043033335204949674e-01,2.410726845208905067e-01,-1.906471299999391578e-01,2.962652756979762270e-01,1.612802377524374053e+00,-1.295771932236370549e+00,2.169917791310353117e+00,1.952183935637457735e+00,-1.489742672260650380e+00,1.791229353040717953e+00,2.224512233247922799e-01,1.784916558068377901e+00,1.000000000000000000e+00
1.680000000000000071e+01,9.048158895907092436e-01,2.398997973027862662e-01,-1.898672520318997470e-01,2.961532032649837332e-01,9.039984643954112054e-01,2.415315712154510464e-01,-1.910068429132514845e-01,2.965900578867176618e-01,1.619269055290213366e+00,-1.303561540198252100e+00,2.204429948404520445e+00,1.997882556592464054e+00,-1.505386885756657023e+00,1.808414727973332026e+00,2.515899713856393771e-01,1.306207150847810972e-01,1.000000000000000000e+00
1.682000000000000028e+01,9.045903441457383565e-01,2.401645394471352002e-01,-1.900621027071317248e-01,2.965024458330554058e-01,9.040343198622761145e-01,2.424511026328940444e-01,-1.907795001831075754e-01,2.958759768097596332e-01,1.633199829415062032e+00,-1.286328515653950788e+00,2.213436086739267949e+00,2.127230019632266877e+00,-1.286416337585345682e+00,1.632309902136072521e+00,2.909059749794219440e-01,4.767995422629016211e+00,1.000000000000000000e+00
1.683999999999999986e+01,9.043642890969330050e-01,2.404274533200359276e-01,-1.902586436241844592e-01,2.968526921261228080e-01,9.039054904946351998e-01,2.433386176553016811e-01,-1.910016156151608524e-01,2.953972989782712166e-01,1.626203686975797646e+00,-1.300130948907387562e+00,2.215187260696930505e+00,2.274790582366767122e+00,-1.196455420762247979e+00,1.498080704412714459e+00,3.861507927847800947e-01,2.390914075021427720e+00,1.000000000000000000e+00
1.685999999999999943e+01,9.041390727335001376e-01,2.406902116999876384e-01,-1.904527580361737304e-01,2.972011206318652676e-01,9.040772938386918423e-01,2.432618816705015841e-01,-1.912461759779587045e-01,2.947758535993783013e-01,1.622097125263344264e+00,-1.284403833977711962e+00,2.207514819347530022e+00,2.199132690648251565e+00,-1.160461373971198640e+00,1.272161168698250133e+00,4.152066603144267676e-01,2.903617483494991269e+00,1.000000000000000000e+00
1.687999999999999901e+01,9.039128222644867705e-01,2.409553707319630478e-01,-1.906462128369864339e-01,2.975502320486192454e-01,9.040312571962408894e-01,2.426969164358045716e-01,-1.917209841611968446e-01,2.950741550813938407e-01,1.634090983196147873e+00,-1.278969109133135440e+00,2.216342705631639820e+00,2.007871829411383757e+00,-1.273263455568012681e+00,1.233389487054097344e+00,3.683563037419201880e-01,2.544035463224144866e+00,1.000000000000000000e+00
1.689999999999999858e+01,9.036860769732346643e-01,2.412212464622976171e-01,-1.908395177655891894e-01,2.978994175873764250e-01,9.038378334354514321e-01,2.439213110232963666e-01,-1.916027767069298504e-01,2.947336778136833702e-01,1.638149457454228575e+00,-1.277613897310992064e+00,2.218559953174873645e+00,2.207385464760989624e+00,-1.097896334867644264e+00,1.185070250851914420e+00,4.850605053932592337e-01,3.653004068135954352e+00,1.000000000000000000e+00
1.692000000000000171e+01,9.034605778621263017e-01,2.414867612932903029e-01,-1.910283563442174704e-01,2.982470376073115270e-01,9.036994316238156078e-01,2.449598337322720643e-01,-1.912521242039282032e-01,2.945244338389187977e-01,1.628646922151323562e+00,-1.251577986094429384e+00,2.214105380981346016e+00,2.333040148030893768e+00,-8.975287622043812696e-01,1.168320744339632844e+00,5.846100464505108452e-01,2.818807545534403936e+00,1.000000000000000000e+00
1.694000000000000128e+01,9.032356966876530224e-01,2.417512775103961564e-01,-1.912172374672962138e-01,2.985926391367300647e-01,9.034337626926036702e-01,2.445730867759381144e-01,-1.913581583060569025e-01,2.955900825496142748e-01,1.624904623974988915e+00,-1.250035518495582032e+00,2.201448960364349894e+00,2.126332079682233811e+00,-9.847117292505321862e-01,1.344917049434909195e+00,4.729879086469178096e-01,4.088579426927018368e+00,1.000000000000000000e+00
1.696000000000000085e+01,9.030110927156145273e-01,2.420143468816658150e-01,-1.914064539004537158e-01,2.989374378381637332e-01,9.039587106773070424e-01,2.439845473680615495e-01,-1.908748819504598460e-01,2.947829192416362432e-01,1.618486228758154732e+00,-1.252830354761305998e+00,2.194770351495420879e+00,1.882116160019947637e+00,-8.088953445794069275e-01,1.078585608021771503e+00,5.414048537160418562e-01,8.100515017567067488e+00,1.000000000000000000e+00
1.698000000000000043e+01,9.027880114711230863e-01,2.422756148697903789e-01,-1.915946255735382631e-01,2.992788536379007436e-01,9.039055536460182116e-01,2.445558941928335783e-01,-1.906682707363507590e-01,2.946061357776492140e-01,1.608975130299485912e+00,-1.244149471641285754e+00,2.174132710217001829e+00,1.923963889313327069e+00,-6.821325912806456282e-01,1.037033296898212997e+00,6.185935385009295739e-01,9.804558695697008774e-01,1.000000000000000000e+00
1.700000000000000000e+01,9.025635805935676714e-01,2.425367668682503752e-01,-1.917851679735702308e-01,2.996220102872350632e-01,9.034309030383007588e-01,2.449167054400299137e-01,-1.906171146770232472e-01,2.957930466119997326e-01,1.612402794551640595e+00,-1.260509279914271641e+00,2.182033469828736028e+00,1.892051346071200513e+00,-7.082106970549836289e-01,1.304028309732825130e+00,5.428509380268752293e-01,3.660242834386069344e+00,1.000000000000000000e+00
1.701999999999999957e+01,9.023387647770193531e-01,2.428004112757828625e-01,-1.919724015649941218e-01,2.999655161887154198e-01,9.032928855673474366e-01,2.445285446627567527e-01,-1.904558715815925229e-01,2.966383567723925307e-01,1.619762702869132154e+00,-1.240027993491288560e+00,2.191837198281779919e+00,1.686837436880269214e+00,-7.269466347801361028e-01,1.434539231903898315e+00,4.761643902286574748e-01,2.982980453499598283e+00,1.000000000000000000e+00
1.703999999999999915e+01,9.021152219728008070e-01,2.430617269359575117e-01,-1.921552115301790875e-01,3.003090039703549818e-01,9.028788343681835027e-01,2.447226575682909522e-01,-1.912221018392339378e-01,2.972452507456575521e-01,1.598369237560462786e+00,-1.219734696101453020e+00,2.193148084478652393e+00,1.709441311383864903e+00,-9.033668098451115291e-01,1.499584225428072237e+00,4.225786100566723547e-01,1.797562933590047596e+00,1.000000000000000000e+00
1.705999999999999872e+01,9.018909993590650265e-01,2.433235396988762123e-01,-1.923388818361400632e-01,3.006526814075335396e-01,9.032543773370420581e-01,2.439071668176343854e-01,-1.905572987499835891e-01,2.972015136057971074e-01,1.603156898642334349e+00,-1.224338807880419377e+00,2.194647223462473651e+00,1.393230447289470986e+00,-7.597982918269098329e-01,1.402081101901799798e+00,4.764038811732973500e-01,6.518279634384302135e+00,1.000000000000000000e+00
1.708000000000000185e+01,9.016680804669973126e-01,2.435790277730199016e-01,-1.925235402340965685e-01,3.009960404255199728e-01,9.027579427847963744e-01,2.442567190964386736e-01,-1.913468334309880448e-01,2.979146543074706610e-01,1.570709785467874209e+00,-1.238459069936898471e+00,2.182408519750769216e+00,1.463584051375226958e+00,-9.387470660866973349e-01,1.503566081109482200e+00,4.055741201191979672e-01,2.367225199718120621e+00,1.000000000000000000e+00
1.710000000000000142e+01,9.014461995577111031e-01,2.438342680992424405e-01,-1.927017929279865038e-01,3.013397053257431124e-01,9.019997745616226137e-01,2.453441051101998560e-01,-1.923511337961666678e-01,2.986699149659813868e-01,1.556596697351641412e+00,-1.205075238687197681e+00,2.190865223811636397e+00,1.720035741186088707e+00,-1.118459969028109402e+00,1.649993220676710504e+00,3.594012861682243098e-01,5.981808726708339741e+00,1.000000000000000000e+00
1.712000000000000099e+01,9.012244316097429708e-01,2.440880513296185550e-01,-1.928774031948710665e-01,3.016850251580423525e-01,9.020468536908535784e-01,2.443731629767257607e-01,-1.930313910468079153e-01,2.988847822049777170e-01,1.542523627536751540e+00,-1.196130429374017368e+00,2.201300629129118391e+00,1.473461013021773569e+00,-1.299616848255678025e+00,1.538819589599030424e+00,3.364925235788943647e-01,5.302240257775325816e+00,1.000000000000000000e+00
1.714000000000000057e+01,9.010037624604172457e-01,2.443372212237541197e-01,-1.930540777737374813e-01,3.020292459543575947e-01,9.019055353251212992e-01,2.439238954650119195e-01,-1.928539365367091807e-01,2.997914237155151485e-01,1.520219589117147496e+00,-1.206849114162895864e+00,2.187139612595473626e+00,1.267309815217261493e+00,-1.298595473461490402e+00,1.670494515842298133e+00,2.814369716573488778e-01,2.992488235231529181e+00,1.000000000000000000e+00
1.716000000000000014e+01,9.007833988387881075e-01,2.445828440788198888e-01,-1.932309396068903062e-01,3.023744445838551509e-01,9.014608989429436781e-01,2.440121119974943964e-01,-1.932660948541899681e-01,3.007898825680703214e-01,1.500723176379197277e+00,-1.214984908864522373e+00,2.187473242811050600e+00,1.242629428947613857e+00,-1.406133733727980006e+00,1.829264492459302005e+00,2.080654269747569118e-01,1.868662389621492004e+00,1.000000000000000000e+00
1.717999999999999972e+01,9.005627561656529556e-01,2.448308810756338327e-01,-1.934069242424866775e-01,3.027182246481250338e-01,9.011885118452661603e-01,2.455167542974213690e-01,-1.929744544595709543e-01,3.005688763052576928e-01,1.513624688710198285e+00,-1.204596180347804246e+00,2.184537363340889105e+00,1.521888157063637781e+00,-1.174082093471328303e+00,1.811262969428590219e+00,2.728319700248631463e-01,6.603777324625296430e+00,1.000000000000000000e+00
1.719999999999999929e+01,9.003431829337993353e-01,2.450791512356848278e-01,-1.935804491754973544e-01,3.030593543701371462e-01,9.010037421962091564e-01,2.458427832708786065e-01,-1.933315443980609394e-01,3.006268391257099215e-01,1.511998310623306585e+00,-1.186597155138255477e+00,2.172715911100974839e+00,1.562806280870768116e+00,-1.190632466313034765e+00,1.755145815379001828e+00,3.031495926338834135e-01,2.546148010684345375e-01,1.000000000000000000e+00
1.721999999999999886e+01,9.001231520608237169e-01,2.453253289479910559e-01,-1.937577709746486077e-01,3.034002641521307830e-01,9.008043241794773115e-01,2.460852678563102691e-01,-1.935254467696371494e-01,3.009011663923150115e-01,1.508683687409013485e+00,-1.210015694946272813e+00,2.164723615007267732e+00,1.562806280870768116e+00,-1.190632466313034765e+00,1.755145815379001828e+00,3.104769685577409843e-01,1.136447215432718139e+01,0.000000000000000000e+00
1.724000000000000199e+01,8.999014511256481219e-01,2.455751188788030948e-01,-1.939346458630903658e-01,3.037426416945308572e-01,9.003013466550902066e-01,2.472616220332129466e-01,-1.932755800776040922e-01,3.016019323979890476e-01,1.527254209497019399e+00,-1.205348631083032584e+00,2.179834784905737788e+00,1.730685586196344383e+00,-1.066248393656137328e+00,1.938992611174687353e+00,3.245434186259028575e-01,3.313307139568146820e+00,1.000000000000000000e+00
1.726000000000000156e+01,8.996807398248569676e-01,2.458227930220970858e-01,-1.941100634496963351e-01,3.040838767290501288e-01,9.000168818067129095e-01,2.465987811217567605e-01,-1.938449427753584642e-01,3.026264888812666976e-01,1.513685979261924830e+00,-1.198809640261950804e+00,2.171921170166668968e+00,1.526268844553589243e+00,-1.266547252599367734e+00,2.034951484319040382e+00,1.954590066106003665e-01,3.974024695045970557e+00,1.000000000000000000e+00
1.728000000000000114e+01,8.994570267510257899e-01,2.460727020162865597e-01,-1.942883555026269915e-01,3.044294947384257322e-01,8.995924001115863655e-01,2.474479425002348298e-01,-1.945985076380168932e-01,3.027118270549282175e-01,1.529567545903469217e+00,-1.219244923289553029e+00,2.198181356652260554e+00,1.721005066781817305e+00,-1.338743969613570117e+00,1.994231951713904438e+00,2.551095081577909318e-01,1.988422519848540126e+00,1.000000000000000000e+00
1.730000000000000071e+01,8.992339253446004488e-01,2.463229758770819899e-01,-1.944644664526524458e-01,3.047735394546012833e-01,8.999319170109106869e-01,2.468273655083805251e-01,-1.947000612883387771e-01,3.021434800150036293e-01,1.528532483780062012e+00,-1.204469092124389906e+00,2.192487759458764174e+00,1.530017446333248765e+00,-1.300493407248482836e+00,1.729681146861034025e+00,3.182742916612305573e-01,4.868038414641535638e+00,1.000000000000000000e+00
1.732000000000000028e+01,8.990108425671341497e-01,2.465746042331741494e-01,-1.946377098141385265e-01,3.051174059477637091e-01,8.994806663840025918e-01,2.476076006568777299e-01,-1.946583680051751364e-01,3.028747705965232351e-01,1.530675989436435458e+00,-1.187057073947500818e+00,2.197093265036782039e+00,1.623162989551169000e+00,-1.245140293693438593e+00,1.885755284953311683e+00,2.880253635580376503e-01,1.651799363154843991e+00,1.000000000000000000e+00
1.733999999999999986e+01,8.987871872054742362e-01,2.468257343704416407e-01,-1.948131148909122701e-01,3.054611255696287331e-01,8.990905724024912393e-01,2.481484731548821154e-01,-1.939362990062937775e-01,3.040512947112757325e-01,1.532861504261332719e+00,-1.199493997104781329e+00,2.193728113559236803e+00,1.587644538556079565e+00,-1.087276403698446803e+00,2.155060129634806199e+00,2.457210550510813274e-01,4.575067146526467177e+00,1.000000000000000000e+00
1.735999999999999943e+01,8.985632241910366247e-01,2.470768154271663353e-01,-1.949910480474528751e-01,3.058033201113660726e-01,8.989698804327025394e-01,2.484889780991166863e-01,-1.933573070483978751e-01,3.044984953149369455e-01,1.539170682922269551e+00,-1.210785297908588909e+00,2.182782882012118897e+00,1.538843357949515100e+00,-9.257354963952346694e-01,2.219841965369491188e+00,2.928538271002696924e-01,1.531892192597791080e+00,1.000000000000000000e+00
1.737999999999999901e+01,8.983379634895768406e-01,2.473275392582755250e-01,-1.951701144553592004e-01,3.061480329862137362e-01,8.986529723178278140e-01,2.487912315035025745e-01,-1.936925459566641028e-01,3.049736974103333664e-01,1.538340686525324408e+00,-1.222260485373937167e+00,2.196018567162802526e+00,1.560877945945752909e+00,-9.796854912478402122e-01,2.246326040191673812e+00,2.760658130966007207e-01,1.940774560028034335e-01,1.000000000000000000e+00
1.740000000000000213e+01,8.981099352389948498e-01,2.475828975370961138e-01,-1.953497642925009214e-01,3.064958770734257376e-01,8.980738765387453748e-01,2.496962599535812732e-01,-1.940251933646415794e-01,3.057275165628334235e-01,1.563638426375498991e+00,-1.224666150317809121e+00,2.221345449227046132e+00,1.713261398145466963e+00,-1.015391204960028881e+00,2.378084333256387684e+00,2.990921092930782232e-01,2.000389246937463117e+00,1.000000000000000000e+00
1.742000000000000171e+01,8.978815355212383942e-01,2.478370960856057514e-01,-1.955313833141771596e-01,3.068436085583695072e-01,8.980276341521515882e-01,2.494321650565862747e-01,-1.938549891486003041e-01,3.061865550876937125e-01,1.561781741557326519e+00,-1.237091797144081795e+00,2.217326920738547535e+00,1.554914042920430450e+00,-9.859039529969966242e-01,2.378759749409997681e+00,2.761539911232940847e-01,1.249744137109304543e+00,1.000000000000000000e+00
1.744000000000000128e+01,8.976554569102632719e-01,2.480916299421661031e-01,-1.957134874588908613e-01,3.071830963099114742e-01,8.975106519034597996e-01,2.494310092980888960e-01,-1.950989367400370322e-01,3.069123754482223077e-01,1.570299193588086117e+00,-1.224691520212914941e+00,2.170523248678825290e+00,1.578613057804875819e+00,-1.277508421571588171e+00,2.398862693860693174e+00,1.724923998420201110e-01,4.171309367688929903e+00,1.000000000000000000e+00
1.746000000000000085e+01,8.974286656047545385e-01,2.483448195975993533e-01,-1.958937023129974364e-01,3.075260934034902416e-01,8.975633094611208396e-01,2.487218070804294856e-01,-1.949398071494475582e-01,3.074346105765946580e-01,1.557138354892189769e+00,-1.223127953888892394e+00,2.191005039597751836e+00,1.322713354202134761e+00,-1.271408733803963020e+00,2.383228560678740227e+00,1.190061735828567696e-01,3.209048197809184710e+00,1.000000000000000000e+00
1.748000000000000043e+01,8.972031723936357839e-01,2.485940372348620364e-01,-1.960707973659931158e-01,3.078696388381480520e-01,8.967449957788486969e-01,2.488847326922468683e-01,-1.950086490472989209e-01,3.096391919235177426e-01,1.528755084761318939e+00,-1.213408236207842217e+00,2.191518363930509139e+00,1.253690459649277944e+00,-1.389525584245917988e+00,2.818502695500615829e+00,2.445371132497625166e-01,1.021041395876763147e+01,1.000000000000000000e+00
1.750000000000000000e+01,8.969775264959589656e-01,2.488403356539749256e-01,-1.962523581351409419e-01,3.082122908633022629e-01,8.965539698683466785e-01,2.488149869868030439e-01,-1.954043978352023592e-01,3.099987139823756621e-01,1.522847059410128656e+00,-1.240413081411764207e+00,2.177554888262469568e+00,1.210805234421105103e+00,-1.451812300590316962e+00,2.765561408952997180e+00,2.317580894161832550e-01,4.197892509384810733e-01,1.000000000000000000e+00
1.751999999999999957e+01,8.967529976511343648e-01,2.490842990647266775e-01,-1.964320664554657092e-01,3.085539117094028838e-01,8.965089980578440088e-01,2.481402005420628720e-01,-1.958799869971627750e-01,3.103692767821211729e-01,1.507142319147581233e+00,-1.232289971953015595e+00,2.170298257398772801e+00,1.037394138934657928e+00,-1.567588215160912402e+00,2.673349378344776373e+00,2.444644235086744222e-01,2.570106880520171000e+00,1.000000000000000000e+00
1.753999999999999915e+01,8.965282054557546232e-01,2.493304078609580032e-01,-1.966114923352280941e-01,3.088939067380370163e-01,8.959468005658854928e-01,2.486687240089898721e-01,-1.957130383794110640e-01,3.116722683585975151e-01,1.519871676569539254e+00,-1.225022107349030165e+00,2.165228011370240679e+00,1.066715049486106404e+00,-1.530389643904712438e+00,2.916698682690298305e+00,3.495019478325246398e-01,3.048521680006786472e+00,1.000000000000000000e+00
1.755999999999999872e+01,8.963032372917798529e-01,2.495757540635454297e-01,-1.967887974527359751e-01,3.092355396796983569e-01,8.958668438613123230e-01,2.484757390019083911e-01,-1.956696942016245000e-01,3.120829632781471630e-01,1.510607318470479354e+00,-1.218016072664180216e+00,2.176123530259969741e+00,9.633617960060550933e-01,-1.500266716220410190e+00,2.882347911748225577e+00,3.759004053598855033e-01,6.349894170766717805e-01,1.000000000000000000e+00
1.758000000000000185e+01,8.960778034111144263e-01,2.498209225123876609e-01,-1.969636673467007326e-01,3.095793769848209642e-01,8.954396370020409890e-01,2.493028313686372899e-01,-1.961939467951756000e-01,3.123201722562375382e-01,1.503560273438867334e+00,-1.209502335188007427e+00,2.191550918689308514e+00,1.153501682489817437e+00,-1.521747787722566470e+00,2.852637060245953204e+00,3.395491114972222779e-01,1.868598413882105014e+00,1.000000000000000000e+00
1.760000000000000142e+01,8.958498482649218664e-01,2.500707598671070286e-01,-1.971428346966912493e-01,3.099231633017405785e-01,8.950107446590169769e-01,2.500970359015251554e-01,-1.964203786247127603e-01,3.127719207971005333e-01,1.538820181365647022e+00,-1.226056908291108583e+00,2.194878962090328844e+00,1.296420693879197561e+00,-1.494066172323574193e+00,2.886224047375934187e+00,3.502483945374620933e-01,1.114162154063646160e+00,1.000000000000000000e+00
1.762000000000000099e+01,8.956208904029331341e-01,2.503222092425563816e-01,-1.973194825391679508e-01,3.102692927833145542e-01,8.948799909658448071e-01,2.502335229636571401e-01,-1.965257119402699648e-01,3.129706540564730077e-01,1.541410447214325519e+00,-1.214752062500783047e+00,2.214117408466276249e+00,1.277884105656740932e+00,-1.462153303156012107e+00,2.818191974437852299e+00,3.337788288165408068e-01,2.994214685900293826e-01,1.000000000000000000e+00
1.764000000000000057e+01,8.953928685708656410e-01,2.505720452877708837e-01,-1.974965378333144173e-01,3.106129079362193179e-01,8.944649428457285278e-01,2.513270771794665071e-01,-1.957901780379848466e-01,3.137409321084331237e-01,1.535356026606102375e+00,-1.215046561167048011e+00,2.197142716605714696e+00,1.391493180722882306e+00,-1.227124243812733884e+00,2.991951144214514358e+00,4.307078116936081114e-01,4.920282997386789425e+00,1.000000000000000000e+00
1.766000000000000014e+01,8.951620365417550795e-01,2.508248070302405708e-01,-1.976758410103875985e-01,3.109599755490989326e-01,8.940434324076786954e-01,2.513519377228480289e-01,-1.957066033554712148e-01,3.149721730164906641e-01,1.554493838288805163e+00,-1.229508436909670710e+00,2.219939277921992193e+00,1.300151492841580714e+00,-1.250216669663673175e+00,3.168408495539950742e+00,5.313985833748531284e-01,2.003558108045325525e+00,1.000000000000000000e+00
1.767999999999999972e+01,8.949318741449788783e-01,2.510758197491187449e-01,-1.978520621014284997e-01,3.113076210099525731e-01,8.937126368647605457e-01,2.513683235650195913e-01,-1.963541568286251704e-01,3.154944273873439009e-01,1.538415198055813615e+00,-1.216888916737675075e+00,2.224158324558604072e+00,1.294037401864264858e+00,-1.382348993880600618e+00,3.134552210678396733e+00,5.294229716257516927e-01,9.339533028433575357e-01,1.000000000000000000e+00
1.769999999999999929e+01,8.947013201683956529e-01,2.513271645257498244e-01,-1.980245984282790472e-01,3.116576045561787467e-01,8.937343557653918413e-01,2.507573755022052264e-01,-1.966845927172695963e-01,3.157131782860953528e-01,1.531458316308804246e+00,-1.201210078188002184e+00,2.242522668065785485e+00,1.122728796802907603e+00,-1.454179978948257235e+00,2.999911074625195351e+00,5.060616111049003329e-01,2.637740069838265367e+00,1.000000000000000000e+00
1.771999999999999886e+01,8.944706516244329553e-01,2.515748077287129347e-01,-1.981986775604347439e-01,3.120090603045339583e-01,8.934912664584668818e-01,2.505493233900961680e-01,-1.978261011416045378e-01,3.158531731965371625e-01,1.513732638889896176e+00,-1.217978634558544382e+00,2.243852706262814856e+00,1.126205174649373086e+00,-1.673709091791713677e+00,2.844491214001710233e+00,4.714555554250046687e-01,3.626895359029768784e+00,1.000000000000000000e+00
1.774000000000000199e+01,8.942395297265844922e-01,2.518221339737781173e-01,-1.983765603477696815e-01,3.123587946894685330e-01,8.935210750107024369e-01,2.516723603324254599e-01,-1.978996515247832821e-01,3.148282698278440095e-01,1.521516211979866195e+00,-1.236072379769628471e+00,2.229998683643452662e+00,1.372405129279516967e+00,-1.471101230437256602e+00,2.552556242928344155e+00,3.002290696813756377e-01,9.367769327832714765e+00,1.000000000000000000e+00
1.776000000000000156e+01,8.940102307240187507e-01,2.520659201030375773e-01,-1.985531878945422657e-01,3.127061094067570268e-01,8.932153332485630592e-01,2.517630454313395938e-01,-1.982327729820195783e-01,3.154132291465513438e-01,1.501251626843970621e+00,-1.230413589590695800e+00,2.212126188181123609e+00,1.350207675328245704e+00,-1.523943165907771569e+00,2.578334636805396318e+00,3.272339209240383573e-01,1.979541091729329627e-01,1.000000000000000000e+00
1.778000000000000114e+01,8.937822250421830761e-01,2.523012811295549107e-01,-1.987336573789048599e-01,3.130532401426849853e-01,8.931697235381380606e-01,2.522978122496272180e-01,-1.989560849501717243e-01,3.146587598497107563e-01,1.463320657018728932e+00,-1.263451163153678669e+00,2.193733306682398077e+00,1.502059058314556106e+00,-1.531146272541996423e+00,2.293726649803561113e+00,1.985557419539470680e-01,5.217438021912191637e+00,1.000000000000000000e+00
1.780000000000000071e+01,8.935542309279788098e-01,2.525381821555436335e-01,-1.989129856931084739e-01,3.133989902136494199e-01,8.928567340350352932e-01,2.525745329577507303e-01,-1.987037307958254839e-01,3.154834150272951554e-01,1.470715498048328351e+00,-1.252835962916733159e+00,2.190045367942183407e+00,1.458868573585769823e+00,-1.456893704898695630e+00,2.426726937630458103e+00,2.530486687781421939e-01,1.255973680176720064e+00,1.000000000000000000e+00
1.782000000000000028e+01,8.933262212881750708e-01,2.527757865076530885e-01,-1.990911722518071414e-01,3.137441142807771421e-01,8.925718314113066931e-01,2.524780420169722150e-01,-1.992762898487835388e-01,3.160052600423695068e-01,1.473002035690426093e+00,-1.244839512604182241e+00,2.189321921930510229e+00,1.412734744510131035e+00,-1.571247435455794594e+00,2.419053436572252913e+00,2.760873662345345592e-01,7.645705817325454401e-01,1.000000000000000000e+00
1.783999999999999986e+01,8.930972872475743118e-01,2.530129074877487949e-01,-1.992690149779805797e-01,3.140916487672428259e-01,8.926928155301204759e-01,2.529443469719645510e-01,-1.993478679150467447e-01,3.152445431622216687e-01,1.468499095300233703e+00,-1.248494045329375801e+00,2.203267678916950967e+00,1.488339508883838258e+00,-1.433157857116152289e+00,2.163201428320794761e+00,1.405175400440657474e-01,4.519061314920469030e+00,1.000000000000000000e+00
1.785999999999999943e+01,8.928681071772875955e-01,2.532503613184100000e-01,-1.994491794093597725e-01,3.144373109392004650e-01,8.926016659441804446e-01,2.530576906626254008e-01,-1.986702091436486073e-01,3.158389132912399755e-01,1.476874816732818729e+00,-1.257342057543949565e+00,2.191144019037857937e+00,1.376016418249519591e+00,-1.259360608161795403e+00,2.253672379051085972e+00,1.875733733511994183e-01,2.553403123785370710e+00,1.000000000000000000e+00
1.787999999999999901e+01,8.926385640500312801e-01,2.534851439953637042e-01,-1.996313516293344859e-01,3.147840516782784981e-01,8.929057519887085848e-01,2.531961185184076757e-01,-1.981990158827250936e-01,3.151637570150012668e-01,1.466121319136009182e+00,-1.274405656629923334e+00,2.191349964499417879e+00,1.325975802646595980e+00,-1.039033304546528980e+00,2.026298133551371006e+00,1.756912242918255707e-01,5.141898848696330404e+00,1.000000000000000000e+00
1.790000000000000213e+01,8.924098604983697891e-01,2.537153793383370437e-01,-1.998125544773517170e-01,3.151318616797094130e-01,8.923726267505729393e-01,2.538731717685694944e-01,-1.978109671704182948e-01,3.163705563884746663e-01,1.438673506481186859e+00,-1.278241986555678666e+00,2.191511026557264152e+00,1.361695566433778204e+00,-9.596729273840606256e-01,2.296858067293122030e+00,2.703730396641254030e-01,4.041118608879131102e+00,1.000000000000000000e+00
1.792000000000000171e+01,8.921823212072378384e-01,2.539433801525357581e-01,-1.999958637966333663e-01,3.154760210637381768e-01,8.922619809529100943e-01,2.543424990457344159e-01,-1.977517880400438133e-01,3.163426636609817932e-01,1.433538365990657537e+00,-1.286407524527247936e+00,2.165122458236599989e+00,1.408812268997438499e+00,-8.744601338907220800e-01,2.228707997555347209e+00,2.795796842424446149e-01,7.064646216299149684e-01,1.000000000000000000e+00
1.794000000000000128e+01,8.919525314894090062e-01,2.541748912015164286e-01,-2.001790187320569570e-01,3.158229990228750839e-01,8.919864031778604874e-01,2.544649050051616124e-01,-1.987351123052490676e-01,3.164051576753412753e-01,1.451247591507339507e+00,-1.285953176081504168e+00,2.187845255048872950e+00,1.464439381431402953e+00,-1.056568400799677621e+00,2.114920638367884465e+00,1.815120994588466652e-01,2.460177626919271887e+00,1.000000000000000000e+00
1.796000000000000085e+01,8.917223988714813032e-01,2.544014581528104002e-01,-2.003647320069351923e-01,3.161724776263800663e-01,8.918683401256416454e-01,2.554611597892658126e-01,-1.981867364743921112e-01,3.162791128201253854e-01,1.428241398866836986e+00,-1.312009117913272460e+00,2.191848978715066565e+00,1.588552624051346562e+00,-8.164761072668009767e-01,2.089285965477487572e+00,2.783255333398452769e-01,3.684119615404677806e+00,1.000000000000000000e+00
1.798000000000000043e+01,8.914907910115222878e-01,2.546270052961255859e-01,-2.005521281454632765e-01,3.165250410503137046e-01,8.913953535501391023e-01,2.558133684301929223e-01,-1.987588641314652071e-01,3.169680711535323714e-01,1.424688511390290513e+00,-1.328644672236595881e+00,2.206658666830142224e+00,1.637248094093094908e+00,-9.433104713718905021e-01,2.166879698383824771e+00,2.518053815133754481e-01,1.223251376668576640e+00,1.000000000000000000e+00
1.800000000000000000e+01,8.912569743896581187e-01,2.548526351921453492e-01,-2.007438052896218794e-01,3.168802054014324687e-01,8.911878854774410996e-01,2.559426326812227481e-01,-1.993289915745877772e-01,3.170890642584667796e-01,1.433108744741598883e+00,-1.356693949368447116e+00,2.217799075148518373e+00,1.646577647994877935e+00,-1.033498372682563282e+00,2.088543005320836254e+00,2.062071378844779201e-01,7.172995890353388582e-01,1.000000000000000000e+00
1.801999999999999957e+01,8.910210425492864905e-01,2.550845095343448055e-01,-2.009320764403828008e-01,3.172376008410126569e-01,8.908967610771265644e-01,2.555322491031378207e-01,-1.995972383481016410e-01,3.180678751687890937e-01,1.459334779284226169e+00,-1.333654508603637101e+00,2.245188204086904893e+00,1.480656259801756525e+00,-1.153323483419007145e+00,2.196808657142916843e+00,1.878415859835583512e-01,2.677754811181890737e+00,1.000000000000000000e+00
1.803999999999999915e+01,8.907867964244635672e-01,2.553119486661989956e-01,-2.011221745025561780e-01,3.175918183887497248e-01,8.904486798600952380e-01,2.569088695704610514e-01,-1.996027004335421406e-01,3.182102186465401994e-01,1.441207766319977823e+00,-1.344457551091788661e+00,2.218124346775506517e+00,1.735045877189388852e+00,-1.030879684499189652e+00,2.235242088483374800e+00,2.651922488288022683e-01,4.054324260025901516e+00,1.000000000000000000e+00
1.805999999999999872e+01,8.905522760384240177e-01,2.555392742402421979e-01,-2.013136396197034994e-01,3.179451862611245572e-01,8.898485342724886671e-01,2.573855177815635442e-01,-2.001748701282774212e-01,3.191430755296868482e-01,1.444496088127739775e+00,-1.350714521458399098e+00,2.212156183552628885e+00,1.800565756394201022e+00,-1.160540627866718744e+00,2.374687209768172824e+00,2.951840750974586980e-01,2.024735830254642099e+00,1.000000000000000000e+00
1.808000000000000185e+01,8.903163041740065342e-01,2.557653394882355991e-01,-2.015058085462840820e-01,3.183023386035891411e-01,8.898113169878995032e-01,2.575089860851356716e-01,-2.001978488550775481e-01,3.191328305885572925e-01,1.437107401693623610e+00,-1.363816788838497329e+00,2.231626364245609562e+00,1.755866480395995577e+00,-1.108205157840510546e+00,2.280097765106829932e+00,2.734826338261905909e-01,6.831895005393621156e-01,1.000000000000000000e+00
1.810000000000000142e+01,8.900830111408478684e-01,2.559858370896508362e-01,-2.016956746918374677e-01,3.186570873188867559e-01,8.896117366561722140e-01,2.577059317168817199e-01,-2.017133144872113870e-01,3.185755005020105002e-01,1.403355861808484484e+00,-1.355608747535280267e+00,2.211426113620122091e+00,1.880081288325194055e+00,-1.346022804972790032e+00,1.995207775660940985e+00,2.045962758363291112e-01,7.645181885411849620e+00,1.000000000000000000e+00
1.812000000000000099e+01,8.898494116368312890e-01,2.562073948424212766e-01,-2.018846815599150413e-01,3.190115527517722871e-01,8.899473558882217139e-01,2.572341923999161284e-01,-2.014809663317166655e-01,3.181661424695654272e-01,1.407970446290223165e+00,-1.349229690348808131e+00,2.213026413809002335e+00,1.681394435579522950e+00,-1.233554691499124223e+00,1.789301848802774098e+00,1.596738350164751963e-01,4.718160180606844278e+00,1.000000000000000000e+00
1.814000000000000057e+01,8.896157867460832147e-01,2.564269453516382358e-01,-2.020753365874679852e-01,3.193658278727339317e-01,8.894229423568473791e-01,2.577814463109072696e-01,-2.021065888307505276e-01,3.187922243379583409e-01,1.401006503418155580e+00,-1.361051606275474724e+00,2.207361277955229628e+00,1.777907481800317102e+00,-1.338376378595274918e+00,1.876257010786904544e+00,1.700385809938926018e-01,1.390736245690914252e+00,1.000000000000000000e+00
1.816000000000000014e+01,8.893815302984700022e-01,2.566459968276409431e-01,-2.022712866206853033e-01,3.197180828247141449e-01,8.891395637172226918e-01,2.576724361557217735e-01,-2.025073902437535545e-01,3.194158868544058061e-01,1.411418697412134327e+00,-1.386717200954457496e+00,2.189862567862209453e+00,1.697653722491806683e+00,-1.428866685479603271e+00,1.922406145675137568e+00,1.285875064598807627e-01,8.364386935086588482e-01,1.000000000000000000e+00
1.817999999999999972e+01,8.891480949402948974e-01,2.568614802109110418e-01,-2.024633882366318471e-01,3.200725256432473409e-01,8.887905690351168841e-01,2.575054383928267465e-01,-2.033766878720303373e-01,3.199690554140415255e-01,1.382443783022518025e+00,-1.375908333487354529e+00,2.201031171747120485e+00,1.651904163119828350e+00,-1.619213947473549631e+00,1.924613650807355469e+00,1.349716076341631599e-01,1.913005874409272833e+00,1.000000000000000000e+00
1.819999999999999929e+01,8.889151593881036151e-01,2.570760744975706946e-01,-2.026537247080443804e-01,3.204265893974751478e-01,8.881645962793099924e-01,2.581368730212061369e-01,-2.036938679693711118e-01,3.209950355605528105e-01,1.374381423383577383e+00,-1.367408739161505737e+00,2.199749863637178393e+00,1.730289864661250343e+00,-1.664864578679486451e+00,2.123040866838868723e+00,2.015531100086457583e-01,2.375727631637865933e+00,1.000000000000000000e+00
1.821999999999999886e+01,8.886825915938262321e-01,2.572846459072099523e-01,-2.028441092480621488e-01,3.207836182254988344e-01,8.884949090258674742e-01,2.575362942777987829e-01,-2.033989411286389326e-01,3.207502525525476322e-01,1.339810012192371280e+00,-1.382651370109883038e+00,2.207112049874448978e+00,1.497964674879481262e+00,-1.546634071943575606e+00,1.944359543175828930e+00,7.315065476794767318e-02,4.984922363329555850e+00,1.000000000000000000e+00
1.824000000000000199e+01,8.884496133865479317e-01,2.574923643474164581e-01,-2.030369444354347963e-01,3.211401033355893997e-01,8.883102895159823431e-01,2.577549349016562963e-01,-2.037262310718226110e-01,3.208782414672970429e-01,1.341207979987541821e+00,-1.396372712167645025e+00,2.200493970904396246e+00,1.512314801877198356e+00,-1.551765941926112502e+00,1.894685162970385361e+00,9.110152724559568427e-02,1.347468880307491346e-01,1.000000000000000000e+00
1.826000000000000156e+01,8.882157709007958424e-01,2.577045148962152088e-01,-2.032321708150378048e-01,3.214930980145898620e-01,8.878293363128937354e-01,2.587010470889525293e-01,-2.034868468298948463e-01,3.215990375988606043e-01,1.373504721271121554e+00,-1.396245785606062606e+00,2.185944568884794492e+00,1.627070017176872829e+00,-1.430569270273336135e+00,2.067908461921943886e+00,1.264922283195164254e-01,2.888065400025105589e+00,1.000000000000000000e+00
1.828000000000000114e+01,8.879790954996032992e-01,2.579205262109164343e-01,-2.034303170253591586e-01,3.218481539946321801e-01,8.874096378011446795e-01,2.594614564656647082e-01,-2.038547947742751776e-01,3.219116493603416673e-01,1.400313596597576815e+00,-1.410335829508556627e+00,2.201837396030529526e+00,1.760636196353966509e+00,-1.430258821427299987e+00,2.094773714933616748e+00,1.945682956153287624e-01,9.264865209776181887e-01,1.000000000000000000e+00
1.830000000000000071e+01,8.877423972362693538e-01,2.581299563123884422e-01,-2.036260055027829252e-01,3.222092669156907951e-01,8.873551371672279142e-01,2.586419041398192453e-01,-2.039456123446346525e-01,3.226630024828234800e-01,1.355271861912944686e+00,-1.418945071860137963e+00,2.228656844871288456e+00,1.484924156209560531e+00,-1.502836840568287924e+00,2.125390155785701118e+00,9.723993393769196636e-02,4.104223053515191566e+00,1.000000000000000000e+00
1.832000000000000028e+01,8.875074305586988510e-01,2.583410919205734735e-01,-2.038195247169964086e-01,3.225647877132902241e-01,8.874777502427659837e-01,2.588475633494491390e-01,-2.039072555164588296e-01,3.221847496698705959e-01,1.363905312497331046e+00,-1.394471936754911434e+00,2.202214491681372177e+00,1.479446195362873917e+00,-1.379668256072674515e+00,1.936712398112171885e+00,7.333142211563827007e-02,2.535888148598725689e+00,1.000000000000000000e+00
1.833999999999999986e+01,8.872721506149993109e-01,2.585543613180317779e-01,-2.040076869548389238e-01,3.229220287465617290e-01,8.868981678798173451e-01,2.588054860705070737e-01,-2.055311953053270968e-01,3.227821059903962508e-01,1.363309973772609540e+00,-1.366199996059494604e+00,2.221962088112592770e+00,1.540956877311667750e+00,-1.737881372213662790e+00,1.924730066586573418e+00,1.827576705365812348e-01,6.601938543128363257e+00,1.000000000000000000e+00
1.835999999999999943e+01,8.870362652271122084e-01,2.587681642649761748e-01,-2.041968828127897206e-01,3.232790348668012070e-01,8.863877469157036559e-01,2.603843598101714951e-01,-2.064799991306041638e-01,3.223084814940113674e-01,1.369106282259545004e+00,-1.370827117258411443e+00,2.220980500964869986e+00,1.942778392349590488e+00,-1.740637498756536505e+00,1.802020981898116103e+00,3.473327627921445893e-01,8.813219372067070623e+00,1.000000000000000000e+00
1.837999999999999901e+01,8.868000739626111795e-01,2.589820299769637901e-01,-2.043871730955521826e-01,3.236353201412462965e-01,8.862483470818257603e-01,2.606423942864301013e-01,-2.061469173538951483e-01,3.226962318665268503e-01,1.372749291683773354e+00,-1.375562218222812438e+00,2.216334278665398116e+00,1.879809860501873597e+00,-1.607588297208304207e+00,1.853729097918057400e+00,3.040415094783610050e-01,1.215329718563807004e+00,1.000000000000000000e+00
1.840000000000000213e+01,8.865639897459554053e-01,2.591931793080027302e-01,-2.045763777771665848e-01,3.239933541625773517e-01,8.861060514181109404e-01,2.608368565435657538e-01,-2.054963154826025262e-01,3.233441884923095588e-01,1.354727644755646665e+00,-1.377552790785154802e+00,2.223451000049906146e+00,1.768439554925824053e+00,-1.433843210299545756e+00,1.975816603193576659e+00,2.342573598987645889e-01,2.870977941699242475e+00,1.000000000000000000e+00
1.842000000000000171e+01,8.863268310391034799e-01,2.594032939473160382e-01,-2.047625993861426075e-01,3.243562201686486790e-01,8.854998673038964041e-01,2.618350042144357848e-01,-2.058316109325868670e-01,3.239842025681260451e-01,1.339866119022564028e+00,-1.372755881110270693e+00,2.253207622365235530e+00,1.939635496163593986e+00,-1.437705135094337061e+00,2.104957506931528055e+00,3.216385591324143478e-01,2.297133134382606023e+00,1.000000000000000000e+00
1.844000000000000128e+01,8.860886456145329326e-01,2.596108429820660479e-01,-2.049511776047555078e-01,3.247216301966468488e-01,8.853366319284210473e-01,2.621401073409139193e-01,-2.057693007398509466e-01,3.242230824015564505e-01,1.329758170934104866e+00,-1.394477040359972886e+00,2.261522415769972483e+00,1.916715372540648943e+00,-1.363325069731581518e+00,2.099314589583162416e+00,3.216857409303491289e-01,3.041206677763021449e-01,1.000000000000000000e+00
1.846000000000000085e+01,8.858493219388616779e-01,2.598188960197672648e-01,-2.051408458112808086e-01,3.250882241351737978e-01,8.848642429776804041e-01,2.627221950369893477e-01,-2.059859450227825850e-01,3.249032320361771031e-01,1.334647749969578800e+00,-1.402170759516381704e+00,2.268621293736412969e+00,1.973313375308657580e+00,-1.373221370311910716e+00,2.208152563119977874e+00,3.650411027581433876e-01,7.565178318045782113e-01,1.000000000000000000e+00
1.848000000000000043e+01,8.856093103891633511e-01,2.600228779917408972e-01,-2.053297918389064280e-01,3.254595656242328938e-01,8.844677597360771637e-01,2.636978644124176596e-01,-2.063501770399216451e-01,3.249612634259170241e-01,1.308083612205233504e+00,-1.413964112575168741e+00,2.290289000934096375e+00,2.148990427188980590e+00,-1.339908091172896665e+00,2.184132377385973101e+00,4.597703491105986084e-01,1.625798876791891390e+00,1.000000000000000000e+00
1.850000000000000000e+01,8.853694527116061641e-01,2.602245775059115473e-01,-2.055162286435901209e-01,3.258330573025647880e-01,8.844858682762913871e-01,2.631463324669958692e-01,-2.058707585654263872e-01,3.256623823784381422e-01,1.289064135837719949e+00,-1.408510473028302012e+00,2.301965579045339716e+00,1.867578521196498365e+00,-1.268600498759655304e+00,2.243469176270313170e+00,3.526777912968052098e-01,4.385768046409426191e+00,1.000000000000000000e+00
1.851999999999999957e+01,8.851279832068165154e-01,2.604265573081533947e-01,-2.057052295461524460e-01,3.262082465699198686e-01,8.846683043379753864e-01,2.627425691707182542e-01,-2.050034554486174221e-01,3.260397474227162973e-01,1.295677108621020368e+00,-1.425423374229487949e+00,2.310093230559398414e+00,1.604555904947842837e+00,-1.077321712303374701e+00,2.250433430363901532e+00,2.829297280862816955e-01,5.286236176914332674e+00,1.000000000000000000e+00
1.853999999999999915e+01,8.848868023256943882e-01,2.606275392212156206e-01,-2.058892761104438307e-01,3.265857297127640613e-01,8.849996041320616902e-01,2.627818266734786024e-01,-2.041458886327986444e-01,3.256468461548018278e-01,1.278222331818898105e+00,-1.405245581137335664e+00,2.327403387323392803e+00,1.476132283261578193e+00,-8.051754657479096577e-01,2.102362748738904497e+00,3.355515385999842670e-01,5.619546161293969888e+00,1.000000000000000000e+00
1.855999999999999872e+01,8.846477457143198109e-01,2.608289633834711130e-01,-2.060723447141133424e-01,3.269568879942794659e-01,8.846204651211133640e-01,2.633457517720257379e-01,-2.046229544508435805e-01,3.259219143051595435e-01,1.282923623736847762e+00,-1.387509016500679593e+00,2.293343307673835429e+00,1.582187385115812583e+00,-8.648013904438256461e-01,2.099716768398538935e+00,3.533227431945887287e-01,7.399534157461273853e-01,1.000000000000000000e+00
1.858000000000000185e+01,8.844103170377732859e-01,2.610275089416954630e-01,-2.062544265386848930e-01,3.273257432986853011e-01,8.847163296711698655e-01,2.626999037138325610e-01,-2.050965355988977057e-01,3.258852369888009526e-01,1.266770696024160481e+00,-1.382536154409017115e+00,2.276696543071004886e+00,1.410747143534780257e+00,-9.730962004134763310e-01,1.934556851775891095e+00,2.877667889475153395e-01,3.417575326718687911e+00,1.000000000000000000e+00
1.860000000000000142e+01,8.841715076881166979e-01,2.612280803600759427e-01,-2.064413935098000641e-01,3.276928227313563036e-01,8.843809772270954106e-01,2.627296137660082298e-01,-2.051587719308406166e-01,3.267312587877706509e-01,1.290361666988968592e+00,-1.402466930319245408e+00,2.265374986429486093e+00,1.342207236503309753e+00,-1.013082293680850343e+00,2.057464176154336410e+00,2.528349302050616476e-01,1.069490588333005476e+00,1.000000000000000000e+00
1.862000000000000099e+01,8.839320682325133571e-01,2.614300087362211311e-01,-2.066299710436681758e-01,3.280586904028967021e-01,8.841078599895820789e-01,2.630801141690166101e-01,-2.048992308286752551e-01,3.273506539466142784e-01,1.302636212808643057e+00,-1.407009811557333068e+00,2.259613807326474433e+00,1.326760190630774439e+00,-9.402197267396998903e-01,2.158072976323628378e+00,2.864910727096686149e-01,7.830546429171898470e-01,1.000000000000000000e+00
1.864000000000000057e+01,8.836897883215174554e-01,2.616300621211423705e-01,-2.068213476464322575e-01,3.284311172353689412e-01,8.837006227815995540e-01,2.637345487115659304e-01,-2.051608489419816106e-01,3.277595508489803411e-01,1.294890712854124049e+00,-1.437897846843408933e+00,2.291759601335427110e+00,1.436637768161230122e+00,-9.506964976055364280e-01,2.202149209654637563e+00,3.166802246861595282e-01,7.059282322216547945e-01,1.000000000000000000e+00
1.866000000000000014e+01,8.834473673422239548e-01,2.618277963392450225e-01,-2.070147627603050045e-01,3.288036529595184110e-01,8.837028492750059749e-01,2.634108506300119057e-01,-2.059124956460914035e-01,3.275424279240903846e-01,1.287066819279823582e+00,-1.452913714985343052e+00,2.286772397052355021e+00,1.377206596606025180e+00,-1.082501702574215408e+00,1.999582690473377111e+00,2.657194104364500875e-01,3.095523487215436909e+00,1.000000000000000000e+00
1.867999999999999972e+01,8.832056579414699904e-01,2.620249642333238871e-01,-2.072068580295211571e-01,3.291747285018010727e-01,8.832585540096513643e-01,2.631067280308890255e-01,-2.072232140185140126e-01,3.281580655804408053e-01,1.282378195814371180e+00,-1.444265332449959693e+00,2.279348989315273855e+00,1.355624682959133853e+00,-1.401038399798862466e+00,1.983592145460029821e+00,1.702323978443708585e-01,5.107331599751002038e+00,1.000000000000000000e+00
1.869999999999999929e+01,8.829646183490355016e-01,2.622197843327047639e-01,-2.074028134987156713e-01,3.295426230414951752e-01,8.827805842403131376e-01,2.633310540985194792e-01,-2.078308025256238034e-01,3.288792385621951975e-01,1.280548819938619909e+00,-1.462656671675168996e+00,2.253405966144977235e+00,1.388581671570960685e+00,-1.523160242934323838e+00,2.064207960874167469e+00,1.576224667632875609e-01,1.124544078693547000e+00,1.000000000000000000e+00
1.871999999999999886e+01,8.827242605731862035e-01,2.624139163071651515e-01,-2.075971426659619923e-01,3.299094461830189839e-01,8.828316459485414658e-01,2.626389888378962145e-01,-2.078254597738077025e-01,3.292986861859640291e-01,1.274245707252699589e+00,-1.453308560310704101e+00,2.248324031193888572e+00,1.158486663906182157e+00,-1.536942360661566864e+00,2.027942987398520636e+00,7.999654368840523888e-02,2.721587968785090794e+00,1.000000000000000000e+00
1.874000000000000199e+01,8.824833091637914739e-01,2.626088942973410223e-01,-2.077932952946054124e-01,3.302752247957166376e-01,8.824639934763928162e-01,2.635200707844080892e-01,-2.074842538508735734e-01,3.297950225752713793e-01,1.284106280755795026e+00,-1.460067415926346701e+00,2.242427969857974546e+00,1.268286098965440756e+00,-1.379550056266238611e+00,2.143011491303977500e+00,1.232440919183402511e-01,2.502765060604163150e+00,1.000000000000000000e+00
1.876000000000000156e+01,8.822409874797667584e-01,2.628070109793214093e-01,-2.079887102741890259e-01,3.306418173633222102e-01,8.821380049478366736e-01,2.641591642918750260e-01,-2.076502508854649875e-01,3.300512830674531273e-01,1.299673131856587949e+00,-1.453254320895421836e+00,2.253983279158330522e+00,1.371830930498525669e+00,-1.338562457128517735e+00,2.154728422316181558e+00,1.738701745443068103e-01,6.267892061861605191e-01,1.000000000000000000e+00
1.878000000000000114e+01,8.819996282393254283e-01,2.630074744170736167e-01,-2.081786284406828558e-01,3.310066205485933111e-01,8.819088022491498036e-01,2.640719940130386023e-01,-2.080054244216172354e-01,3.305095912445365491e-01,1.301805464003920054e+00,-1.417181531634194469e+00,2.254188449608721445e+00,1.315589170402199137e+00,-1.405336401064327667e+00,2.152779096316155272e+00,1.364789441500189882e-01,3.812051635332137645e-01,1.000000000000000000e+00
1.880000000000000071e+01,8.817589656727157221e-01,2.632063720345971802e-01,-2.083726783472849842e-01,3.313674080149504597e-01,8.813993160348310152e-01,2.640629073876865629e-01,-2.090266382459779193e-01,3.312308728649542289e-01,1.305468594283749173e+00,-1.434148493270623215e+00,2.224479926407632480e+00,1.336029133534422986e+00,-1.635241693923008111e+00,2.190758173258160912e+00,1.311212987691156018e-01,2.735337575333349314e+00,1.000000000000000000e+00
1.882000000000000028e+01,8.815171513657433788e-01,2.634074354523156525e-01,-2.085629824437104651e-01,3.317310916248937813e-01,8.812801855114633653e-01,2.641264345888476583e-01,-2.097164499911966518e-01,3.310611299735350399e-01,1.307577896193044875e+00,-1.416854892777520858e+00,2.249532877364595063e+00,1.364812846297629445e+00,-1.703095709138579883e+00,2.031550318808578837e+00,1.757570439394527118e-01,1.538751345899818324e+00,1.000000000000000000e+00
1.883999999999999986e+01,8.812774686604735175e-01,2.636055066989627105e-01,-2.087538784589892671e-01,3.320903164768594928e-01,8.809238726787087526e-01,2.643661645879000766e-01,-2.097904532691567403e-01,3.317704436548731817e-01,1.295701395558007230e+00,-1.416255231511059476e+00,2.218492529461742357e+00,1.350885565589078574e+00,-1.691202502369519411e+00,2.132481542232984584e+00,1.571382812140928453e-01,5.260568701923060697e-01,1.000000000000000000e+00
1.885999999999999943e+01,8.810384825009799359e-01,2.638024234956214964e-01,-2.089447016121757927e-01,3.324478686627516111e-01,8.805416972887470939e-01,2.639455416992542158e-01,-2.107170361129982461e-01,3.325318045611472817e-01,1.290682139484941926e+00,-1.414724513035901854e+00,2.207450553824283013e+00,1.264849534041615486e+00,-1.918116574844356048e+00,2.154566488204237018e+00,2.117772972530850006e-01,2.968662879621312811e+00,1.000000000000000000e+00
1.887999999999999901e+01,8.807979670451610010e-01,2.640031852724147865e-01,-2.091361903168214020e-01,3.328052182807487158e-01,8.807881224547992050e-01,2.637907147445944789e-01,-2.100571841488095559e-01,3.324194963364197064e-01,1.313913254497317107e+00,-1.412284982150549428e+00,2.212938088770649792e+00,1.116157709446349955e+00,-1.690463614688633598e+00,2.054070630035124800e+00,1.169873632464295959e-01,4.201328835465819367e+00,1.000000000000000000e+00
1.890000000000000213e+01,8.805575611200783248e-01,2.642052951080464118e-01,-2.093287381968201855e-01,3.331597559070677006e-01,8.803709785312305858e-01,2.644941505254763126e-01,-2.103683595347720925e-01,3.327685949791824860e-01,1.325939864256791889e+00,-1.410674952545449612e+00,2.198551422708118874e+00,1.252150053167728094e+00,-1.672320450501386446e+00,2.091157785115574264e+00,1.332454005873082992e-01,1.009846851476317697e+00,1.000000000000000000e+00
1.892000000000000171e+01,8.803169308763797440e-01,2.644081519156691873e-01,-2.095219372671396352e-01,3.335131005174408192e-01,8.800155422017029716e-01,2.648080436947701233e-01,-2.107927887649052312e-01,3.331902544833890700e-01,1.332721971271622063e+00,-1.410997555011807902e+00,2.192870714862030113e+00,1.301351379428472566e+00,-1.711701334150570908e+00,2.110086241909300053e+00,1.608386313127948830e-01,2.164815530463653492e-01,1.000000000000000000e+00
1.894000000000000128e+01,8.800763033598688612e-01,2.646077305839361626e-01,-2.097183988002040422e-01,3.338662043159292270e-01,8.796474875480659872e-01,2.648528344533395140e-01,-2.106509020961183365e-01,3.342147082019263360e-01,1.322706707321111841e+00,-1.433348980889542990e+00,2.182773111362119600e+00,1.216004132197294307e+00,-1.690117526882858989e+00,2.279248983279323237e+00,1.273450169346852512e-01,1.818207027034100420e+00,1.000000000000000000e+00
1.896000000000000085e+01,8.798386233477014651e-01,2.648022464186589042e-01,-2.099145655921785814e-01,3.342149642213832483e-01,8.799512335125642126e-01,2.641267259093598163e-01,-2.111885980363126802e-01,3.336499293564669788e-01,1.297364655110337273e+00,-1.431420064112519652e+00,2.149594221815938067e+00,1.064028514069669473e+00,-1.740300980119694696e+00,1.968083758973652619e+00,1.779468023786783815e-01,6.121680746239967164e+00,1.000000000000000000e+00
1.898000000000000043e+01,8.796020249296235827e-01,2.649925935930403931e-01,-2.101086450222849067e-01,3.345647327012205574e-01,8.792294982600171727e-01,2.643673675589955363e-01,-2.113759139063418890e-01,3.352396268039090077e-01,1.269498857129272684e+00,-1.429109424867386791e+00,2.150760610468533063e+00,1.050003576774130920e+00,-1.825017385450207197e+00,2.280622567100553333e+00,1.844581271398840761e-01,5.252530890115254536e+00,1.000000000000000000e+00
1.900000000000000000e+01,8.793633703471763763e-01,2.651826701622904681e-01,-2.103033506532017149e-01,3.349189678732592546e-01,8.786499443957029865e-01,2.649356873811460900e-01,-2.116278892502339026e-01,3.361502539888946983e-01,1.267080159958201557e+00,-1.442041087854438519e+00,2.175936587910800579e+00,1.136875143840373026e+00,-1.843011558119519222e+00,2.437404608004617224e+00,2.245657277255001250e-01,1.622512727867545301e+00,1.000000000000000000e+00
1.901999999999999957e+01,8.791245297614244114e-01,2.653737326080153891e-01,-2.104964961133232726e-01,3.352731249853727613e-01,8.786848404795709611e-01,2.648080961050028881e-01,-2.110554232508963513e-01,3.365192886968288999e-01,1.269430169240912010e+00,-1.432394031978721172e+00,2.179458653403681279e+00,9.944375203331590196e-01,-1.676742832516136206e+00,2.439942693343831071e+00,1.767310708951828346e-01,2.396961976675433537e+00,1.000000000000000000e+00
1.903999999999999915e+01,8.788849053956105939e-01,2.655622604734182435e-01,-2.106897936272900951e-01,3.356304809478529716e-01,8.784067593798915441e-01,2.649047051210086101e-01,-2.110215946766282602e-01,3.371897816669443548e-01,1.254289276110306606e+00,-1.443837860731186140e+00,2.193788883973257775e+00,9.539017788189292357e-01,-1.648163301432687966e+00,2.508814379592952726e+00,2.050681240718871812e-01,3.601573240453209701e-01,1.000000000000000000e+00
1.905999999999999872e+01,8.786435613817867862e-01,2.657500248211581706e-01,-2.108862186126192195e-01,3.359902069244800615e-01,8.778495124710694597e-01,2.659230260972259563e-01,-2.106945808926138919e-01,3.380428541295990574e-01,1.256214222536100822e+00,-1.466736956052155927e+00,2.203350016899836561e+00,1.094514763308305216e+00,-1.509303488599560872e+00,2.701614942214960013e+00,2.539316547770179566e-01,3.811271594586294942e+00,1.000000000000000000e+00
1.908000000000000185e+01,8.784007640516298121e-01,2.659401182243816830e-01,-2.110800154804086948e-01,3.363527587178455347e-01,8.775688790454769794e-01,2.664785923436367998e-01,-2.097082203788223076e-01,3.389461382859616512e-01,1.261678412343513633e+00,-1.455081429676938765e+00,2.227189496405018065e+00,1.057212244300330672e+00,-1.264205234793424504e+00,2.893117794113310826e+00,3.548535197486386572e-01,4.906872556906296978e+00,1.000000000000000000e+00
1.910000000000000142e+01,8.781574558701387145e-01,2.661340329565862195e-01,-2.112696223672785589e-01,3.367154672223056644e-01,8.775756555585514374e-01,2.664469632305587199e-01,-2.091674448844999257e-01,3.392874364851752866e-01,1.273424757827285037e+00,-1.427486115448863613e+00,2.239968585007210855e+00,9.438306249972089335e-01,-1.121273912854720889e+00,2.876230477566626309e+00,3.881019020294544375e-01,1.678492667662207172e+00,1.000000000000000000e+00
1.912000000000000099e+01,8.779125131401799287e-01,2.663297158182390545e-01,-2.114582348573792181e-01,3.370808755403827961e-01,8.771103986926876983e-01,2.668047347631520849e-01,-2.098144426201677126e-01,3.398094785039214583e-01,1.279626956172674745e+00,-1.425167065123817078e+00,2.260362642040617320e+00,1.036521966433326059e+00,-1.238325426794388617e+00,2.880164156855398172e+00,3.803398585675694665e-01,1.115411613454220241e+00,1.000000000000000000e+00
1.914000000000000057e+01,8.776668083364699280e-01,2.665261227542877198e-01,-2.116494047248061172e-01,3.374452976612297705e-01,8.768307542252736786e-01,2.666943818404090005e-01,-2.102448741022757694e-01,3.403513303238555054e-01,1.290565978073120679e+00,-1.436050829243967319e+00,2.253848636307294484e+00,9.956945500595432152e-01,-1.335286273748074404e+00,2.863292712945778362e+00,3.825546144521700387e-01,5.676480276554406457e-01,1.000000000000000000e+00
1.916000000000000014e+01,8.774201505112653177e-01,2.667271302683215661e-01,-2.118362350303183150e-01,3.378104897480158630e-01,8.763609693949988566e-01,2.677417759141964559e-01,-2.099214961294221249e-01,3.409380562714511287e-01,1.305832165173845372e+00,-1.407665293618484137e+00,2.271768937537605559e+00,1.148666511196931195e+00,-1.186069679327069526e+00,2.979002792019681323e+00,4.525900665844600490e-01,2.952754295418690944e+00,1.000000000000000000e+00
1.917999999999999972e+01,8.771736192370450658e-01,2.669279927710673794e-01,-2.120208568773365720e-01,3.381760556851899358e-01,8.762370172312405892e-01,2.676627281115170343e-01,-2.104688115368303358e-01,3.409812795211391023e-01,1.300181506539920040e+00,-1.397261229173317298e+00,2.276602471138621908e+00,1.134531717129555251e+00,-1.267296018630409415e+00,2.833808097811069349e+00,3.918829646548153689e-01,1.393955468174276069e+00,1.000000000000000000e+00
1.919999999999999929e+01,8.769258911022072001e-01,2.671273641655675379e-01,-2.122076551994127869e-01,3.385437400149696741e-01,8.759970923786684072e-01,2.678552036371429357e-01,-2.106200585516214974e-01,3.413530063795172098e-01,1.296161652858331292e+00,-1.415782786334617516e+00,2.284428156529775489e+00,1.136492986341461897e+00,-1.266257507016830264e+00,2.812846874507578754e+00,3.937161459115534057e-01,2.221498343988416099e-02,1.000000000000000000e+00
1.921999999999999886e+01,8.766771829967920926e-01,2.673277436738960566e-01,-2.123964711896826896e-01,3.389110994069144400e-01,8.757296879363786202e-01,2.680568787081870630e-01,-2.107498323062153289e-01,3.418004266044431527e-01,1.307035483364554995e+00,-1.424659119843239008e+00,2.282834025625867902e+00,1.136492986341461897e+00,-1.266257507016830264e+00,2.812846874507578754e+00,4.049645114303619953e-01,1.267004273219031063e+01,0.000000000000000000e+00
1.924000000000000199e+01,8.764257235129226942e-01,2.675302188974464368e-01,-2.125904536049141313e-01,3.392798729332339169e-01,8.749074432473802343e-01,2.690976772657868166e-01,-2.113114590501124768e-01,3.427402414578763490e-01,1.330087795728166489e+00,-1.452054790836967424e+00,2.289916965595366616e+00,1.359307798112757260e+00,-1.347595765488601716e+00,2.976447815933480623e+00,4.911703044109549388e-01,3.557622539522973248e+00,1.000000000000000000e+00
1.926000000000000156e+01,8.761711427683851472e-01,2.677390176921476961e-01,-2.127821863095922805e-01,3.396523048272984124e-01,8.744477647114125007e-01,2.694435899272370483e-01,-2.120015322866327934e-01,3.432151059415318728e-01,1.357796933464129108e+00,-1.437874713749255351e+00,2.325506042125833339e+00,1.437422392390863113e+00,-1.461101977081684655e+00,2.962192897329872565e+00,5.018351721715852420e-01,8.385265386538092169e-01,1.000000000000000000e+00
1.928000000000000114e+01,8.759170301287088067e-01,2.679448651019034067e-01,-2.129773404637170520e-01,3.400228787082240633e-01,8.738620688141345294e-01,2.706407692781561125e-01,-2.129976506980534590e-01,3.431481596767184672e-01,1.351186186059661454e+00,-1.457373344595420894e+00,2.306420884977761876e+00,1.750490803270482010e+00,-1.534715304242408651e+00,2.869302002964719378e+00,5.283478248654895904e-01,4.984991748991800975e+00,1.000000000000000000e+00
1.930000000000000071e+01,8.756634176454460849e-01,2.681491313296231471e-01,-2.131716784634564710e-01,3.403930931522232695e-01,8.739301801854281182e-01,2.700545403620566165e-01,-2.139699108956541473e-01,3.428315367964408500e-01,1.341331552638837410e+00,-1.455195664941665079e+00,2.302966102768872592e+00,1.647187979313572859e+00,-1.696970468924457798e+00,2.585371478490654518e+00,4.166138833083321558e-01,5.317111843855453657e+00,1.000000000000000000e+00
1.932000000000000028e+01,8.754083809059439725e-01,2.683530783516891449e-01,-2.133631390106038028e-01,3.407681952447259577e-01,8.737458724221329742e-01,2.711230901373502533e-01,-2.133158404935080743e-01,3.428655313883392508e-01,1.330336625289334718e+00,-1.450630367695070477e+00,2.334297057943221620e+00,1.757718737835266332e+00,-1.414687345654032091e+00,2.597215834980449944e+00,4.414077287633391689e-01,4.221748134149338583e+00,1.000000000000000000e+00
1.933999999999999986e+01,8.751523978918747115e-01,2.685556248400773893e-01,-2.135574630644994643e-01,3.411442023548290070e-01,8.735678080060188533e-01,2.702135216301430609e-01,-2.129746146469640999e-01,3.442466427719709787e-01,1.329251394301852907e+00,-1.470275713935804918e+00,2.334569025388438579e+00,1.409284547133772936e+00,-1.457806756342036270e+00,2.766664810103408367e+00,4.471188041803823565e-01,7.062027809327243943e+00,1.000000000000000000e+00
1.935999999999999943e+01,8.748968873708516947e-01,2.687597104290938010e-01,-2.137496638806093974e-01,3.415182801985739425e-01,8.736501998035464123e-01,2.694660185841711297e-01,-2.132249170419243667e-01,3.444684716546395076e-01,1.334452337776272035e+00,-1.453074192427777911e+00,2.329121934882020906e+00,1.199676485240572354e+00,-1.520681916477678808e+00,2.637188281680379998e+00,3.806113414542357520e-01,3.039173159391990175e+00,1.000000000000000000e+00
1.937999999999999901e+01,8.746420267438129725e-01,2.689679122969258485e-01,-2.139388331216658945e-01,3.418885240698326666e-01,8.735878983051330593e-01,2.693606985804399279e-01,-2.134965393107731146e-01,3.445406009418940374e-01,1.352849017257538478e+00,-1.423123211277960598e+00,2.318340799524904572e+00,1.150701452945272818e+00,-1.530451402856389587e+00,2.525153183163684201e+00,3.339829795519781985e-01,7.145490269708019149e-01,1.000000000000000000e+00
1.940000000000000213e+01,8.743874997171013908e-01,2.691735646254471703e-01,-2.141263105673008038e-01,3.422601577282142205e-01,8.732194321264634684e-01,2.694701225124516153e-01,-2.144147292960880136e-01,3.448187934129265386e-01,1.334540740656414703e+00,-1.421372142725074506e+00,2.324134006221346915e+00,1.210359374855003667e+00,-1.685097169597479017e+00,2.455249871262013883e+00,3.257734604958447688e-01,1.550797129574002842e+00,1.000000000000000000e+00
1.942000000000000171e+01,8.741353548719492661e-01,2.693755022755261463e-01,-2.143107424792617399e-01,3.426297211198803261e-01,8.731473644489964325e-01,2.693440280884794036e-01,-2.148542918887609288e-01,3.448261993321024566e-01,1.308824358666851095e+00,-1.407283458326087588e+00,2.309230371916080049e+00,1.174407816151517236e+00,-1.720894782464879924e+00,2.326299550723234688e+00,2.829525556936594022e-01,9.275089060468471036e-01,1.000000000000000000e+00
1.944000000000000128e+01,8.738811391775447301e-01,2.695744323386811137e-01,-2.144969289431377935e-01,3.430050254631806794e-01,8.725376768082034884e-01,2.699773243911724463e-01,-2.146051943748518431e-01,3.460272495224310241e-01,1.293352275558244280e+00,-1.433378717448259732e+00,2.335647807685531596e+00,1.214115596612164172e+00,-1.653919638513273949e+00,2.577243844959013153e+00,3.820006017625493522e-01,3.357584763901742875e+00,1.000000000000000000e+00
1.946000000000000085e+01,8.736270108084184249e-01,2.697736759788287308e-01,-2.146816233984796540e-01,3.433799794830953434e-01,8.721834451958596635e-01,2.708878276856281908e-01,-2.147176590733252122e-01,3.461389166506907422e-01,1.292285801631895437e+00,-1.424643598080110429e+00,2.336411987870597340e+00,1.378827250255168391e+00,-1.558923772209043435e+00,2.561994278208334919e+00,3.789891005742881958e-01,1.780238357377296188e+00,1.000000000000000000e+00
1.948000000000000043e+01,8.733718966930875682e-01,2.699732821107836411e-01,-2.148645010207101969e-01,3.437574773211070633e-01,8.724081077021192954e-01,2.699139897178597369e-01,-2.146178162534667921e-01,3.463953301024537690e-01,1.288920453462624183e+00,-1.419980694999168236e+00,2.354338622973911832e+00,1.083921756417973947e+00,-1.558748068710564594e+00,2.446928815909709787e+00,3.231305347771114000e-01,4.927832073213906483e+00,1.000000000000000000e+00
1.950000000000000000e+01,8.731149446136415859e-01,2.701708785529418066e-01,-2.150509812895772532e-01,3.441381485982616395e-01,8.724250921148521964e-01,2.695810161047336173e-01,-2.148356022823527944e-01,3.464768367384895020e-01,1.284895837645410488e+00,-1.449138251604343397e+00,2.365791920378804924e+00,9.825524555397072701e-01,-1.571092084899486929e+00,2.329817138916900010e+00,2.885270702572563795e-01,1.192403740178238358e+00,1.000000000000000000e+00
1.951999999999999957e+01,8.728603015259187581e-01,2.703632647011044998e-01,-2.152381506549668200e-01,3.445158017027267205e-01,8.723346205285308352e-01,2.692690426477100663e-01,-2.149993511069397123e-01,3.468454576933722167e-01,1.260334266432191486e+00,-1.455341940257908195e+00,2.338653905915704989e+00,8.774027947952729445e-01,-1.593818882030079598e+00,2.290541549371360119e+00,3.022696114995487848e-01,6.501220364492621417e-01,1.000000000000000000e+00
1.953999999999999915e+01,8.726033330788874887e-01,2.705569048424151246e-01,-2.154240417210165903e-01,3.448983424000328091e-01,8.720322276977010567e-01,2.694154621094519975e-01,-2.159801355016182645e-01,3.468828097522824172e-01,1.261657008236423128e+00,-1.456912615893708907e+00,2.371214076057211351e+00,9.698481474776157185e-01,-1.737359530062400736e+00,2.172877829831542318e+00,2.777848467316167969e-01,2.137667861981455530e+00,1.000000000000000000e+00
1.955999999999999872e+01,8.723469929557108316e-01,2.707485901626298652e-01,-2.156100414914116914e-01,3.452799368833197047e-01,8.721535059389947664e-01,2.695702980535429893e-01,-2.151437559533599386e-01,3.469773490588758391e-01,1.252292289780164047e+00,-1.459076731758701451e+00,2.362660367779247039e+00,8.801498063826710405e-01,-1.478152602284988237e+00,2.153479507457499942e+00,2.437446644386125350e-01,3.768636976355583812e+00,1.000000000000000000e+00
1.958000000000000185e+01,8.720906640898128392e-01,2.709392035380526753e-01,-2.157963357936141802e-01,3.456613415636820008e-01,8.715553309392776171e-01,2.707464579273801686e-01,-2.152077453335723145e-01,3.475245127750620222e-01,1.247734201838768708e+00,-1.462361148823375201e+00,2.359908296164516806e+00,1.103979162607251041e+00,-1.398532046056324196e+00,2.283344191307369986e+00,2.332038055100618124e-01,3.660999851973103958e+00,1.000000000000000000e+00
1.960000000000000142e+01,8.718354916042680980e-01,2.711236423749888713e-01,-2.159781802873843026e-01,3.460466323549667989e-01,8.713850874604052166e-01,2.717325690898336754e-01,-2.160501417590370288e-01,3.466580108599260357e-01,1.201468995337497958e+00,-1.456958270893528695e+00,2.376309269596998064e+00,1.388511037720443264e+00,-1.386581330392527178e+00,2.018157563936497034e+00,1.118438179167730168e-01,7.574591220191798868e+00,1.000000000000000000e+00
1.962000000000000099e+01,8.715809053805619877e-01,2.713079245165012088e-01,-2.161630643346751646e-01,3.464278641910769063e-01,8.711600609046096233e-01,2.719622659148705490e-01,-2.153980129434932000e-01,3.474483705863663507e-01,1.210824885791090155e+00,-1.465421522469548821e+00,2.349955771538613902e+00,1.298480025201232069e+00,-1.236942375094050695e+00,2.171570060356237786e+00,1.711987954299258874e-01,2.706125009862648589e+00,1.000000000000000000e+00
1.964000000000000057e+01,8.713226472557245028e-01,2.714943840926071217e-01,-2.163490707896890131e-01,3.468151140793758191e-01,8.713991218580985354e-01,2.713721359977431802e-01,-2.156401064994648009e-01,3.471600188642933182e-01,1.222180791055112126e+00,-1.480607311775934409e+00,2.388249015667792463e+00,1.140597909608787930e+00,-1.253474406939482533e+00,1.955018908536915845e+00,9.184373495668532450e-02,3.613966498454083798e+00,1.000000000000000000e+00
1.966000000000000014e+01,8.710626095147768755e-01,2.716848170213037039e-01,-2.165344847724605115e-01,3.472032652636396488e-01,8.711047880834718038e-01,2.716378309430301785e-01,-2.158735378293169527e-01,3.475456123211312365e-01,1.242490742741243492e+00,-1.473362042354412038e+00,2.402131792760640927e+00,1.166964186575903506e+00,-1.267989028840147414e+00,1.976754516927744731e+00,8.560220469217215411e-02,6.913514005550340513e-02,1.000000000000000000e+00
1.967999999999999972e+01,8.708033562005882411e-01,2.718724319742207851e-01,-2.167151220458671534e-01,3.475938023596783499e-01,8.708660672504671130e-01,2.716907219770312021e-01,-2.159628065083730730e-01,3.480467076533427795e-01,1.214743131693440947e+00,-1.457869022013040361e+00,2.416418458169126815e+00,1.126298901663455032e+00,-1.274105268441428240e+00,2.015476928538967094e+00,1.030083867266733955e-01,1.601006276408397100e-01,1.000000000000000000e+00
1.969999999999999929e+01,8.705428978022383690e-01,2.720641172392725959e-01,-2.168960257395597946e-01,3.479831795005056128e-01,8.706358217850507231e-01,2.712917004716796088e-01,-2.169033250558134174e-01,3.483490012323650631e-01,1.238899357523615574e+00,-1.450781445407807402e+00,2.417670100864067528e+00,1.073495129922423130e+00,-1.481887333502035498e+00,1.931635847176350396e+00,9.851818234979020650e-02,2.659681562146070988e+00,1.000000000000000000e+00
1.971999999999999886e+01,8.702818795355542481e-01,2.722558595320523911e-01,-2.170773632842042944e-01,3.483728110115715260e-01,8.702758253483392492e-01,2.720248950626906748e-01,-2.169709747125495303e-01,3.486345370336755844e-01,1.240605431868262221e+00,-1.453924001231630792e+00,2.419449701135566677e+00,1.195892358174887038e+00,-1.410189567095597951e+00,1.974234492724562084e+00,4.182203838526677570e-02,1.101072455143363493e+00,1.000000000000000000e+00
1.974000000000000199e+01,8.700202279767724756e-01,2.724493382771204786e-01,-2.172587403434442510e-01,3.487618108795517147e-01,8.695018174620930962e-01,2.722967581034049234e-01,-2.178990225670733027e-01,3.497728990656754355e-01,1.251116352815506483e+00,-1.450457382612579282e+00,2.419662272253313873e+00,1.271240845281307319e+00,-1.636833102400327089e+00,2.147489288697052245e+00,1.504727703897241198e-01,4.369687553117317158e+00,1.000000000000000000e+00
1.976000000000000156e+01,8.697596596271375269e-01,2.726407478057023548e-01,-2.174368647000409493e-01,3.491509229411396964e-01,8.692983895747783407e-01,2.729581466780697796e-01,-2.183921837686822187e-01,3.494553106099780315e-01,1.232471311705622519e+00,-1.437204735879476170e+00,2.420558778602579064e+00,1.427460294623978276e+00,-1.605471485498393802e+00,2.010870683479692111e+00,1.315957522776065314e-01,2.210648261012577720e+00,1.000000000000000000e+00
1.978000000000000114e+01,8.694980195190413763e-01,2.728349414839684184e-01,-2.176153009421726292e-01,3.495395107191063833e-01,8.690209048562507199e-01,2.735051737681727380e-01,-2.179225087530696769e-01,3.500105241612503360e-01,1.249297019550376975e+00,-1.433705543810150251e+00,2.423071478709988291e+00,1.431474979726835572e+00,-1.445319956958770913e+00,2.125442897044804713e+00,1.141943896860332652e-01,1.946140796741631540e+00,1.000000000000000000e+00
1.980000000000000071e+01,8.692353955189094927e-01,2.730281205847554515e-01,-2.177975981477499601e-01,3.499281051703514445e-01,8.689214102489132285e-01,2.741538363670148470e-01,-2.171602080064743701e-01,3.502237868490271633e-01,1.253504673627594546e+00,-1.456209411771663520e+00,2.417774588666479207e+00,1.438149950987125392e+00,-1.190298385672184045e+00,2.173549877395146712e+00,1.562617536365998039e-01,3.380114963871293732e+00,1.000000000000000000e+00
1.982000000000000028e+01,8.689733137427841925e-01,2.732222405812538280e-01,-2.179769964123045578e-01,3.503155952704852805e-01,8.690058348836748880e-01,2.741644663042276941e-01,-2.175015553496765508e-01,3.497939075723257574e-01,1.252908347537598832e+00,-1.437481012958234938e+00,2.416896454156504781e+00,1.425467058607898574e+00,-1.177804231072716590e+00,1.963577662193877638e+00,1.349579850915871015e-01,2.226318524345939576e+00,1.000000000000000000e+00
1.983999999999999986e+01,8.687107410468783986e-01,2.734188917481810699e-01,-2.181563312919347075e-01,3.507015442541186467e-01,8.686810463687612005e-01,2.740048242529413702e-01,-2.171420619044944489e-01,3.509471768196088526e-01,1.268076678106158095e+00,-1.430285542963067646e+00,2.413469265937690622e+00,1.263332765581142159e+00,-1.159791345858265599e+00,2.164958974695306182e+00,1.371884761929954843e-01,3.366212621724768095e+00,1.000000000000000000e+00
1.985999999999999943e+01,8.684473252713516001e-01,2.736134772798168302e-01,-2.183370138309138342e-01,3.510895280000270180e-01,8.684925922638981888e-01,2.729296267886264227e-01,-2.181905441161148262e-01,3.516005154462504279e-01,1.259280654448593273e+00,-1.445385349699472632e+00,2.420597906014600120e+00,1.052480804904514677e+00,-1.473865947940305343e+00,2.101326277807749943e+00,9.938875374960057241e-02,7.371943205915565400e+00,1.000000000000000000e+00
1.987999999999999901e+01,8.681844410022513392e-01,2.738060557375009973e-01,-2.185179069676090324e-01,3.514768051772070856e-01,8.682786725798172789e-01,2.732283230896836446e-01,-2.186305766093683545e-01,3.516235219323151084e-01,1.249768084247005140e+00,-1.448698084989339829e+00,2.413171999769719633e+00,1.120804453508414733e+00,-1.491441221520667160e+00,2.022822968868350113e+00,7.034791290354053261e-02,5.578608627018314392e-01,1.000000000000000000e+00
1.990000000000000213e+01,8.679210518981007594e-01,2.739988591720706745e-01,-2.186960745665610661e-01,3.518660253756749623e-01,8.686192284119027551e-01,2.736535415595736653e-01,-2.191393382184393113e-01,3.501318689725316236e-01,1.243757757340582248e+00,-1.438367557535894736e+00,2.428411353983008336e+00,1.262006909391469200e+00,-1.383270864595571137e+00,1.586314441150816101e+00,2.236878012212811517e-01,1.112202972669883749e+01,1.000000000000000000e+00
1.992000000000000171e+01,8.676576982188084486e-01,2.741893537121584123e-01,-2.188737022924576725e-01,3.522564683257651263e-01,8.686995332942309966e-01,2.734274379667177568e-01,-2.182231718639221218e-01,3.506810577761380054e-01,1.229599863716146713e+00,-1.442212904378261884e+00,2.432374878539588892e+00,1.050611686318981164e+00,-1.184203230814669494e+00,1.676199159174398101e+00,2.449968043048852961e-01,4.623461246579340767e+00,1.000000000000000000e+00
1.994000000000000128e+01,8.673948896682726062e-01,2.743785334855071700e-01,-2.190504483129559476e-01,3.526463197505408376e-01,8.686677037125448697e-01,2.733641890922394735e-01,-2.180858055814697827e-01,3.508946024842758971e-01,1.221169630837680264e+00,-1.438870338647649127e+00,2.428070358923011707e+00,9.725814935820179530e-01,-1.126677776968031841e+00,1.658856050776795321e+00,2.954596812824129559e-01,4.851500764215234129e-01,1.000000000000000000e+00
1.996000000000000085e+01,8.671325229232029752e-01,2.745640031589761665e-01,-2.192272278825743714e-01,3.530371346092085472e-01,8.688909401725314341e-01,2.732284907005375074e-01,-2.176271839861354529e-01,3.507322835808897032e-01,1.200895212931615497e+00,-1.447493475693229614e+00,2.427256600116233010e+00,8.585210068464457223e-01,-9.723647623172571031e-01,1.559356718701649713e+00,4.091434932738346464e-01,2.336386142445654013e+00,1.000000000000000000e+00
1.998000000000000043e+01,8.668699622831904650e-01,2.747539008777470926e-01,-2.194040877441533199e-01,3.534241201796463061e-01,8.687172021693388979e-01,2.737961667793156195e-01,-2.173365476786860984e-01,3.509001378670854598e-01,1.228172410819499794e+00,-1.433155100992862030e+00,2.414059401792007620e+00,9.195694221597142670e-01,-8.429279064235173369e-01,1.592260739483917220e+00,4.434379028981308424e-01,1.077964583853725955e+00,1.000000000000000000e+00
2.000000000000000000e+01,8.666061656067471919e-01,2.749424967508095619e-01,-2.195779643537908166e-01,3.538161878476555611e-01,8.686684573215327498e-01,2.734609926184095596e-01,-2.170185772386661049e-01,3.514784970721367419e-01,1.211222535529042243e+00,-1.430528260587296208e+00,2.444863865333132047e+00,7.569840882743219534e-01,-8.097121846717471039e-01,1.654147847122921400e+00,4.923863495102359100e-01,1.567621004206346536e+00,1.000000000000000000e+00
2.001999999999999957e+01,8.663422047722980635e-01,2.751304475148324546e-01,-2.197526467969159736e-01,3.542078419604958728e-01,8.684222186500971663e-01,2.742687410672201564e-01,-2.173626055359458298e-01,3.512449366793350403e-01,1.210431871315133856e+00,-1.435392282156055854e+00,2.441062190975788138e+00,9.516502150412178285e-01,-7.770472211617532876e-01,1.575754809890578478e+00,5.068022389298211250e-01,2.253732081033608559e+00,1.000000000000000000e+00
2.003999999999999915e+01,8.660754350374793020e-01,2.753212868991151696e-01,-2.199310350931640845e-01,3.546010005734689940e-01,8.681074126160136517e-01,2.749259316416596821e-01,-2.170285641579906000e-01,3.517155876722223296e-01,1.234824818340945818e+00,-1.453833286729822039e+00,2.452025943928012985e+00,1.017348142679243894e+00,-6.664767200350233400e-01,1.690932412474991819e+00,5.255646715624472387e-01,1.488982436906383544e+00,1.000000000000000000e+00
2.005999999999999872e+01,8.658066558344967856e-01,2.755152395952553124e-01,-2.201095484947145631e-01,3.549957381785127097e-01,8.680896771964204950e-01,2.757035976604577110e-01,-2.164493368964250930e-01,3.515075008292040115e-01,1.251708198125864202e+00,-1.453151706543627686e+00,2.467669730330566580e+00,1.100263408935012066e+00,-4.385925731044564846e-01,1.656635514085829763e+00,6.360883737069357169e-01,2.995691376180864118e+00,1.000000000000000000e+00
2.008000000000000185e+01,8.655367839611536329e-01,2.757126194155971599e-01,-2.202877784298890584e-01,3.553898166515149781e-01,8.681455691098151073e-01,2.755786577287906991e-01,-2.166735904282103831e-01,3.513292322741470297e-01,1.270688722230314927e+00,-1.445112333362632340e+00,2.471391977037721510e+00,1.052056456464889322e+00,-4.628210228392831138e-01,1.523657236109437596e+00,6.911164684008268555e-01,1.028360918457050577e+00,1.000000000000000000e+00
2.010000000000000142e+01,8.652694228429783641e-01,2.759068562289302973e-01,-2.204640289660892150e-01,3.557806128935176448e-01,8.674434125993392142e-01,2.765151363703913789e-01,-2.173866790876064492e-01,3.518868242082083819e-01,1.251247930162304733e+00,-1.433342110256580648e+00,2.449162304075482854e+00,1.281731531719708883e+00,-5.871912549539779480e-01,1.636650166617340973e+00,6.247918357966307790e-01,4.043447272174362617e+00,1.000000000000000000e+00
2.012000000000000099e+01,8.650021769541070826e-01,2.761016926889217626e-01,-2.206393817160931803e-01,3.561703979767384398e-01,8.668929271656969915e-01,2.766716169218289556e-01,-2.175225869669936418e-01,3.530345498377420732e-01,1.253485746112144028e+00,-1.425924832071630677e+00,2.446091162428077670e+00,1.248936411072543384e+00,-6.831316653419102769e-01,1.853508287825131218e+00,5.548852814087659180e-01,2.860911885033914359e+00,1.000000000000000000e+00
2.014000000000000057e+01,8.647341730539760407e-01,2.763006974569349183e-01,-2.208124229974570418e-01,3.565594037288314921e-01,8.662143656677937509e-01,2.765490830408984246e-01,-2.185167777013589940e-01,3.541803145898923533e-01,1.271611600081491211e+00,-1.405688071687481333e+00,2.452701671356064761e+00,1.240861127631047722e+00,-9.845762258593629968e-01,1.999705206509824640e+00,4.160594092058407245e-01,5.606140912429798284e+00,1.000000000000000000e+00
2.016000000000000014e+01,8.644642382083240761e-01,2.765019003732899217e-01,-2.209863569240004544e-01,3.569500105089222775e-01,8.654518578688037422e-01,2.775721032246471487e-01,-2.188497899090034726e-01,3.550374327865536972e-01,1.285357373199583320e+00,-1.410597589041282962e+00,2.465946740964486406e+00,1.436328239803506435e+00,-1.022576752257990496e+00,2.191263496559891610e+00,3.685434106787923714e-01,3.810782820452809361e+00,1.000000000000000000e+00
2.017999999999999972e+01,8.641931793017475494e-01,2.767021111573297887e-01,-2.211646243154880287e-01,3.573405931052386353e-01,8.654103082954158754e-01,2.775813184016840962e-01,-2.189230285512678287e-01,3.550863522304921194e-01,1.291117414350651194e+00,-1.435475317196482914e+00,2.460004415901051900e+00,1.384291324140575652e+00,-9.994885576964277485e-01,2.108467560833829690e+00,4.028797801533479661e-01,5.039205647945526056e-01,1.000000000000000000e+00
2.019999999999999929e+01,8.639215765363608135e-01,2.769006134413777298e-01,-2.213444631009889307e-01,3.577320065709140851e-01,8.650046645823802338e-01,2.781275084425846589e-01,-2.186235609875183117e-01,3.558310805415693667e-01,1.285684495519362036e+00,-1.448760433292679339e+00,2.460575693366127581e+00,1.402069228162870385e+00,-9.196273648837646197e-01,2.258739288288511116e+00,4.240692035677238736e-01,1.461177452864748094e+00,1.000000000000000000e+00
2.021999999999999886e+01,8.636495510156221300e-01,2.770999843288540210e-01,-2.215236078518252882e-01,3.581233626556274419e-01,8.653259172258558340e-01,2.783835741041728040e-01,-2.185876760848799172e-01,3.548704982243939265e-01,1.289304953068574289e+00,-1.443989797237384742e+00,2.463360839474169062e+00,1.422164590389223049e+00,-7.698381916754539755e-01,1.952041932829584825e+00,5.573754560534913693e-01,5.834802466007506183e+00,1.000000000000000000e+00
2.024000000000000199e+01,8.633764324057359163e-01,2.773001144194799372e-01,-2.217008368786484995e-01,3.585171145658098135e-01,8.649899398385043625e-01,2.782266782385326986e-01,-2.183814824708783797e-01,3.559379828121101985e-01,1.287825479116773808e+00,-1.438143483259358035e+00,2.481464261346482569e+00,1.278460071834184086e+00,-7.974467191582688130e-01,2.126894677014190993e+00,5.267722773042854412e-01,2.594738198202172441e+00,1.000000000000000000e+00
2.026000000000000156e+01,8.631025228504647373e-01,2.774974449886606354e-01,-2.218819988368753715e-01,3.589116627613004318e-01,8.650523645128115335e-01,2.778778709315941065e-01,-2.182919994596942415e-01,3.561136033195122508e-01,1.282300874006225166e+00,-1.465619331663517766e+00,2.477223244425344362e+00,1.130844150468117482e+00,-7.837967162402081911e-01,2.056430626097634828e+00,5.690932166172425477e-01,1.344748499518517937e+00,1.000000000000000000e+00
2.028000000000000114e+01,8.628278138499471117e-01,2.776986715647734583e-01,-2.220648742733584979e-01,3.593032188445278163e-01,8.645258749516625540e-01,2.776937425441985408e-01,-2.190126485241041532e-01,3.570919442907052321e-01,1.310165993753256819e+00,-1.462340088298743401e+00,2.466299222336729713e+00,1.090772293133225102e+00,-1.010050897547366988e+00,2.161158327974766369e+00,4.737120985744342483e-01,3.182783585989073849e+00,1.000000000000000000e+00
2.030000000000000071e+01,8.625506786286680772e-01,2.779038084674507192e-01,-2.222487413589110949e-01,3.596961175782836806e-01,8.638602199999081410e-01,2.778359286486019042e-01,-2.186449649945961804e-01,3.588134561804936506e-01,1.333690749075425508e+00,-1.464415687253663556e+00,2.481329006201059340e+00,9.964548758682060248e-01,-1.029079178969318553e+00,2.518201778668558877e+00,4.509410298623131585e-01,6.825529694069031095e+00,1.000000000000000000e+00
2.032000000000000028e+01,8.622738293510798790e-01,2.781078209909055299e-01,-2.224274223448463594e-01,3.600915507325081477e-01,8.638019427661068894e-01,2.767616454735472575e-01,-2.194723698464464690e-01,3.592785467325578241e-01,1.313763329923759660e+00,-1.444774323764290935e+00,2.500090843572948085e+00,7.825972127295238723e-01,-1.285696487543028343e+00,2.402224676322031627e+00,4.216696147147127594e-01,6.241852438609621245e+00,1.000000000000000000e+00
2.033999999999999986e+01,8.619958340611957315e-01,2.783137243683919126e-01,-2.226078810964699783e-01,3.604863161939411698e-01,8.632787929944757410e-01,2.774644013927732300e-01,-2.198595421905379932e-01,3.597568807313046846e-01,1.329449887143331344e+00,-1.450052722388378124e+00,2.498733521852133599e+00,9.390077434482050345e-01,-1.310561558782011859e+00,2.457650512174389235e+00,3.704833018856412141e-01,1.405549456741594705e+00,1.000000000000000000e+00
2.035999999999999943e+01,8.617191147124958484e-01,2.785197147244222737e-01,-2.227858423428648593e-01,3.608786559226230262e-01,8.627635854366944024e-01,2.783973990367898943e-01,-2.208186273564206048e-01,3.596846086036994405e-01,1.325780286130242347e+00,-1.432042692131859418e+00,2.488211271590413443e+00,1.215257009204871785e+00,-1.396021926950632430e+00,2.369706006184775227e+00,2.899317591321109999e-01,4.560810237728651906e+00,1.000000000000000000e+00
2.037999999999999901e+01,8.614437145954334518e-01,2.787266374378281619e-01,-2.229646194057043618e-01,3.612657839595281306e-01,8.623643233950015752e-01,2.783856156640018287e-01,-2.219468900601736516e-01,3.599566650577166183e-01,1.336617782673001908e+00,-1.424142013623989067e+00,2.459640144129844774e+00,1.272254212067218004e+00,-1.612203480232538233e+00,2.284899410492327032e+00,2.208195362894821712e-01,2.854740647338463333e+00,1.000000000000000000e+00
2.040000000000000213e+01,8.611665595714149690e-01,2.789349242897412040e-01,-2.231456074863730210e-01,3.616538435395739715e-01,8.623245831909575054e-01,2.788511422655440275e-01,-2.212056379071192513e-01,3.601477744479997800e-01,1.349539883276943852e+00,-1.435960867412554798e+00,2.466082167335174269e+00,1.243319893198655102e+00,-1.365051633144506837e+00,2.306687220767044355e+00,3.112963327918911727e-01,3.115638017052934750e+00,1.000000000000000000e+00
2.042000000000000171e+01,8.608901353497966369e-01,2.791391770391289384e-01,-2.233284208169425689e-01,3.620413113924121351e-01,8.617373505776914078e-01,2.792904481196049615e-01,-2.213788061714283550e-01,3.611052594280572681e-01,1.333005863976782335e+00,-1.451445992563506149e+00,2.453573400734355037e+00,1.285577082307786112e+00,-1.401173400065197194e+00,2.471357929143100485e+00,2.667264590227005350e-01,1.508444402375073379e+00,1.000000000000000000e+00
2.044000000000000128e+01,8.606130215461015309e-01,2.793442961152938220e-01,-2.235106585779884636e-01,3.624292715484970229e-01,8.612772276976174979e-01,2.796298653147305524e-01,-2.213873889517942450e-01,3.619341093164323286e-01,1.336558066885116469e+00,-1.448479653717223092e+00,2.459461205100012648e+00,1.289305389327068285e+00,-1.394904036166195072e+00,2.597063647917809526e+00,2.632161236526056047e-01,7.918211694053811645e-01,1.000000000000000000e+00
2.046000000000000085e+01,8.603363611151121360e-01,2.795497965989206524e-01,-2.236959586370800557e-01,3.628131406855976682e-01,8.615976700409199163e-01,2.792181216954711664e-01,-2.217861016765198257e-01,3.612445440419045362e-01,1.349311247825139226e+00,-1.455659295418008981e+00,2.433934291035440456e+00,1.200030754370296160e+00,-1.391304741850402760e+00,2.267964173804299488e+00,3.202206233938022506e-01,5.808060304273414687e+00,1.000000000000000000e+00
2.048000000000000043e+01,8.600605199276799562e-01,2.797544814401831115e-01,-2.238800117257443989e-01,3.631956394638345964e-01,8.613360867660356801e-01,2.794695763006094791e-01,-2.207910248040958756e-01,3.622819688072914102e-01,1.343142670673670436e+00,-1.447963134886084635e+00,2.426428156110862933e+00,1.076962066530453122e+00,-1.188317024016704915e+00,2.490956591215210292e+00,3.983583689151329876e-01,5.298338090635517972e+00,1.000000000000000000e+00
2.050000000000000000e+01,8.597840844272028882e-01,2.799607526498308352e-01,-2.240596993541620896e-01,3.635801923465293295e-01,8.616640707860396819e-01,2.796079123684446222e-01,-2.197607207074755709e-01,3.620216431258249656e-01,1.340193344709454948e+00,-1.427204745106891215e+00,2.446819263039252679e+00,9.617997064983353495e-01,-8.777718813401305109e-01,2.380227728852946090e+00,5.679996040402345292e-01,6.092274520168972529e+00,1.000000000000000000e+00
2.051999999999999957e+01,8.595068031626127425e-01,2.801655735465535257e-01,-2.242413599832144555e-01,3.639658214577223827e-01,8.612483809332133200e-01,2.793641912601069754e-01,-2.197308214350467415e-01,3.632151443607284924e-01,1.337133918144619127e+00,-1.442757473518527345e+00,2.448856173326978247e+00,8.332516034378787406e-01,-9.583192220699139341e-01,2.553403986727238451e+00,5.681688377479842122e-01,2.647795571120658664e+00,1.000000000000000000e+00
2.053999999999999915e+01,8.592274160847170883e-01,2.803716574728760125e-01,-2.244225050000098198e-01,3.643549373671413072e-01,8.611759573591740713e-01,2.793651458592474879e-01,-2.195468896041464224e-01,3.634972475971398609e-01,1.341179054670950554e+00,-1.445887081410097919e+00,2.472869130495438217e+00,7.721659216998549846e-01,-9.027447935256472933e-01,2.523321521334270567e+00,6.204602008600270668e-01,3.859351980076612398e-01,1.000000000000000000e+00
2.055999999999999872e+01,8.589474467278054304e-01,2.805784479945622190e-01,-2.246035161457449469e-01,3.647441278700929157e-01,8.607989305827009607e-01,2.793904497991260838e-01,-2.204470577771824868e-01,3.638258819629300311e-01,1.345217625912522807e+00,-1.444621493547107116e+00,2.475575546283979911e+00,8.319780417937202577e-01,-1.091330377081744407e+00,2.459380068318840706e+00,5.490681523637256367e-01,2.159932688865387362e+00,1.000000000000000000e+00
2.058000000000000185e+01,8.586678842137626111e-01,2.807855476084197277e-01,-2.247858781709478615e-01,3.651304559318707121e-01,8.604322926812958405e-01,2.791899044879492253e-01,-2.210645716822622620e-01,3.644718399138082709e-01,1.352591491264802048e+00,-1.445498561327217102e+00,2.458864173132182085e+00,8.000913068206413348e-01,-1.254009930112604199e+00,2.469985405706402126e+00,5.117144337308736635e-01,1.378767511274014979e+00,1.000000000000000000e+00
2.060000000000000142e+01,8.583885593851556806e-01,2.809928376107503900e-01,-2.249685285962893522e-01,3.655150714667674272e-01,8.604504912860042598e-01,2.788569391978763523e-01,-2.225920428270924956e-01,3.637534081997413349e-01,1.355954738308555729e+00,-1.443457926922059320e+00,2.449722859851406032e+00,8.691145288570825134e-01,-1.498055551849241995e+00,2.095524559363905137e+00,4.802574890060309354e-01,1.022093379096565258e+01,1.000000000000000000e+00
2.062000000000000099e+01,8.581089029866368900e-01,2.811979342047889463e-01,-2.251553902350473813e-01,3.658987327965669278e-01,8.605546992396131412e-01,2.785766685106069729e-01,-2.225850623912457305e-01,3.637259124374223052e-01,1.355750193970127748e+00,-1.467654217772007552e+00,2.436117096400537640e+00,7.685852507666937061e-01,-1.450779638762082824e+00,1.977861713581195557e+00,5.634915146292689414e-01,1.308560972997460325e+00,1.000000000000000000e+00
2.064000000000000057e+01,8.578296434119391245e-01,2.814024999960758056e-01,-2.253443893216353355e-01,3.662797320095165787e-01,8.603524723841080579e-01,2.783049022729756627e-01,-2.223420686472197816e-01,3.645600213175563264e-01,1.360416401098906158e+00,-1.474475018331970588e+00,2.418068107703015723e+00,6.273908816723976489e-01,-1.429824096656788335e+00,2.086831325623106359e+00,6.056158689182356003e-01,1.611668011670374545e+00,1.000000000000000000e+00
2.066000000000000014e+01,8.575503460486528784e-01,2.816107401780596486e-01,-2.255296970183653105e-01,3.666594479500093207e-01,8.598392376680790150e-01,2.787932035258399166e-01,-2.228314078577654789e-01,3.650986150429806343e-01,1.372446979827817160e+00,-1.446600395883059553e+00,2.422535927643589826e+00,7.506226532212392222e-01,-1.491779452942158857e+00,2.149356850736634073e+00,5.483004940221063439e-01,1.146189539238305688e+00,1.000000000000000000e+00
2.067999999999999972e+01,8.572685826890180660e-01,2.818185090556863948e-01,-2.257150971842503961e-01,3.670444114696432281e-01,8.596482292638218947e-01,2.783544223724683242e-01,-2.226317388545242526e-01,3.660038883999401915e-01,1.367523575056663665e+00,-1.459698414727912841e+00,2.452741754785772610e+00,5.747558405484985977e-01,-1.497257013968090522e+00,2.252889892961312146e+00,6.090890919491531719e-01,2.083088124000892272e+00,1.000000000000000000e+00
2.069999999999999929e+01,8.569860454602232780e-01,2.820255517924695754e-01,-2.259028428023269475e-01,3.674294648451978396e-01,8.591660869095020248e-01,2.782821647775810536e-01,-2.234610278650425719e-01,3.666849341012198837e-01,1.370022795573884622e+00,-1.473891757320360485e+00,2.450084274950762087e+00,6.045808216814183567e-01,-1.683829596598151568e+00,2.282523293761602012e+00,5.761843921649641986e-01,1.828208684428237252e+00,1.000000000000000000e+00
2.071999999999999886e+01,8.567025529773922843e-01,2.822315014837076808e-01,-2.260908456560361268e-01,3.678165912554909878e-01,8.590929166985611376e-01,2.781733078962643213e-01,-2.235016862021886597e-01,3.669141146333672610e-01,1.364057690689416402e+00,-1.482042127823086641e+00,2.460443818417461959e+00,5.528879409059841432e-01,-1.650463585336847450e+00,2.231741446875524559e+00,6.245088384238333123e-01,3.181137908554571014e-01,1.000000000000000000e+00
2.074000000000000199e+01,8.564182873878610769e-01,2.824385418864255870e-01,-2.262788530079814509e-01,3.682038399665400474e-01,8.588945563625424162e-01,2.778343310711705039e-01,-2.241925913518266200e-01,3.672137082299347655e-01,1.370512712941176492e+00,-1.480964860473631184e+00,2.464079048162370444e+00,5.179075598366048583e-01,-1.784844558218382948e+00,2.153028429097127550e+00,6.549145973443982749e-01,1.273534744044636957e+00,1.000000000000000000e+00
2.076000000000000156e+01,8.561330338209811597e-01,2.826472341386735976e-01,-2.264644934587731195e-01,3.685927327507989015e-01,8.588821703770026517e-01,2.778326535506166484e-01,-2.246702415254530905e-01,3.669519268274892276e-01,1.373092146144855530e+00,-1.469807270700849156e+00,2.480202506839003007e+00,5.533676690788131847e-01,-1.792151716751819501e+00,1.977514826093057732e+00,6.937251657441395603e-01,1.605413006962906453e+00,1.000000000000000000e+00
2.078000000000000114e+01,8.558492901267829023e-01,2.828496244968552453e-01,-2.266503711508889296e-01,3.689819667255216373e-01,8.583416371369345654e-01,2.772239783635471744e-01,-2.254733174877001367e-01,3.681824043574941085e-01,1.339792735528434475e+00,-1.482873266476653074e+00,2.470126271457999678e+00,4.443356142373832141e-01,-2.048086695909019816e+00,2.110058451436314542e+00,7.236942422218866078e-01,4.746955887764141124e+00,1.000000000000000000e+00
2.080000000000000071e+01,8.555626533478366547e-01,2.830498448844726012e-01,-2.268374699772892911e-01,3.693779821830046606e-01,8.576960874248629185e-01,2.778034109438277666e-01,-2.258854676602317924e-01,3.689965338373453752e-01,1.327615613416052165e+00,-1.508195972839772914e+00,2.504699702683623297e+00,5.804591100859471942e-01,-2.085037626667614941e+00,2.251287666744636873e+00,6.595589194926321230e-01,1.991682275360390442e+00,1.000000000000000000e+00
2.082000000000000028e+01,8.552787558742822593e-01,2.832488384702113171e-01,-2.270213905119310982e-01,3.697697033363404606e-01,8.576170039023066627e-01,2.775103093446616986e-01,-2.261221538168206036e-01,3.692558386516091029e-01,1.316014088361928680e+00,-1.484687778894870913e+00,2.481411514054875589e+00,5.079301902548705172e-01,-2.094071774050047630e+00,2.185272378171510432e+00,7.199317521311398016e-01,4.849309719156028597e-01,1.000000000000000000e+00
2.083999999999999986e+01,8.549933320393199310e-01,2.834488309508919057e-01,-2.272107681187436057e-01,3.701600049326838615e-01,8.570117670625305717e-01,2.783542472439099469e-01,-2.260627646296890780e-01,3.700613065501675569e-01,1.336794143162584492e+00,-1.508994859862248239e+00,2.470131960300586016e+00,6.516867203786069762e-01,-2.005322085898568751e+00,2.363825097850932089e+00,6.416779265934293708e-01,3.020790590396098985e+00,1.000000000000000000e+00
2.085999999999999943e+01,8.547091869460478053e-01,2.836512465915052017e-01,-2.273958976570403800e-01,3.705472733483004544e-01,8.567393435589885087e-01,2.790357130001120955e-01,-2.260687431261349523e-01,3.701752172282775089e-01,1.341526968817349230e+00,-1.476454735951433062e+00,2.462614693436011137e+00,7.774447876562776694e-01,-1.883884469208062518e+00,2.349189898767825468e+00,5.990027908885866559e-01,1.538653446739720376e+00,1.000000000000000000e+00
2.087999999999999901e+01,8.544253816549026714e-01,2.838519680593291072e-01,-2.275822534841611122e-01,3.709334782838977218e-01,8.567463566752386850e-01,2.786200290733374940e-01,-2.266830429732462349e-01,3.700964168311641767e-01,1.336667247012908177e+00,-1.483885794586650819e+00,2.452484998039161646e+00,7.179245697419909256e-01,-1.962834074927822359e+00,2.169547657892725301e+00,6.708203947861880456e-01,2.102163950044205087e+00,1.000000000000000000e+00
2.090000000000000213e+01,8.541381301900484724e-01,2.840529922181834754e-01,-2.277710042168713256e-01,3.713250891138144549e-01,8.562319882603582899e-01,2.801063662905456386e-01,-2.268631387434430213e-01,3.700544853432985448e-01,1.341794620333287114e+00,-1.508252269465164330e+00,2.482773402026655862e+00,1.047221336761714916e+00,-1.810240982458307668e+00,2.185174221260003158e+00,5.423316360918274404e-01,6.597778988236899345e+00,1.000000000000000000e+00
2.092000000000000171e+01,8.538516473475121771e-01,2.842537549611960923e-01,-2.279563387576144795e-01,3.717163901856143093e-01,8.554066430083919759e-01,2.807763593213801201e-01,-2.274752201232451421e-01,3.710783412882324717e-01,1.332400526122790474e+00,-1.490582896182848671e+00,2.484840928833086160e+00,1.195475179291758616e+00,-1.915030509874173781e+00,2.373324976744964676e+00,4.460084341188371715e-01,3.417830881566917611e+00,1.000000000000000000e+00
2.094000000000000128e+01,8.535672871414982099e-01,2.844515526857572807e-01,-2.281419644691610460e-01,3.721040775706674353e-01,8.552660630047916879e-01,2.809042154799335500e-01,-2.274713103190112717e-01,3.713079398284381827e-01,1.319777934494636540e+00,-1.489664387078947660e+00,2.458294459673311394e+00,1.168121300470735813e+00,-1.845501497520098955e+00,2.340789067963565451e+00,4.662211594979197016e-01,3.320388699286501710e-01,1.000000000000000000e+00
2.096000000000000085e+01,8.532835934571477710e-01,2.846488091390325659e-01,-2.283254825897855500e-01,3.724911255221112771e-01,8.542335902653805935e-01,2.814644823305762489e-01,-2.291047548307743043e-01,3.722549257734937833e-01,1.312386972263837714e+00,-1.478597644033156966e+00,2.456473632036646038e+00,1.398604550845357508e+00,-2.174877352134241715e+00,2.449675307156836457e+00,3.920555244895327918e-01,8.673028736108040704e+00,1.000000000000000000e+00
2.098000000000000043e+01,8.529996632285392621e-01,2.848446437780758900e-01,-2.285139248507814247e-01,3.728759707895258346e-01,8.537126047641696580e-01,2.819624500356684993e-01,-2.301459217942018465e-01,3.724309599350689726e-01,1.319212325216324144e+00,-1.502423058422580837e+00,2.436318748283063051e+00,1.561485304349708336e+00,-2.293339288129738751e+00,2.386616721475716130e+00,3.915744051893758071e-01,2.226921508113478332e+00,1.000000000000000000e+00
2.100000000000000000e+01,8.527144262785137929e-01,2.850414872884236006e-01,-2.287033675064401861e-01,3.732616072302679111e-01,8.532973273497838074e-01,2.821190256555343168e-01,-2.298549345307222269e-01,3.734424126592550408e-01,1.327377023313588422e+00,-1.508159042681908701e+00,2.442665401126152602e+00,1.473567879540560455e+00,-2.215351296459908248e+00,2.559932106108236294e+00,3.666815583086300290e-01,2.192443479811463813e+00,1.000000000000000000e+00
2.101999999999999957e+01,8.524268027084741517e-01,2.852370186422373832e-01,-2.288975565823182512e-01,3.736499669623171149e-01,8.525202553047599441e-01,2.825072211996375038e-01,-2.302985032459399506e-01,3.746484801355077221e-01,1.331446293795656599e+00,-1.541729775510209510e+00,2.451603557228568153e+00,1.517042757810590281e+00,-2.303828500385885825e+00,2.761297226704034546e+00,3.699056815215514549e-01,2.513272977616201942e+00,1.000000000000000000e+00
2.103999999999999915e+01,8.521420092857420192e-01,2.854298333351548145e-01,-2.290863890024112948e-01,3.740364054828886897e-01,8.522049308002755952e-01,2.834423141969683035e-01,-2.310694294415717720e-01,3.741846191653405707e-01,1.304604530508612692e+00,-1.514532089683104932e+00,2.441352782757096218e+00,1.762333102943067109e+00,-2.265854896750760794e+00,2.578517756064990785e+00,3.222573261779044795e-01,4.750845759906299648e+00,1.000000000000000000e+00
2.105999999999999872e+01,8.518566168450836251e-01,2.856232149490889882e-01,-2.292742118800681073e-01,3.744235825721567990e-01,8.514816657399182365e-01,2.841560107043732963e-01,-2.318184165822863851e-01,3.748260346115672714e-01,1.305219160529156319e+00,-1.510382235273153961e+00,2.448637640094340373e+00,1.915855444627398763e+00,-2.344078299700647516e+00,2.655604776360848351e+00,3.424011983059872533e-01,1.781509471193874150e+00,1.000000000000000000e+00
2.108000000000000185e+01,8.515712298366371336e-01,2.858171149042598169e-01,-2.294640931966129560e-01,3.748082806926478217e-01,8.512504388443219439e-01,2.842690712670511988e-01,-2.312796990461360724e-01,3.755975057124932293e-01,1.315412610127115522e+00,-1.515253058970715605e+00,2.433838966704841233e+00,1.782147987544130618e+00,-2.191186863297285736e+00,2.766476285606893182e+00,2.903183452940033549e-01,2.677297468787137813e+00,1.000000000000000000e+00
2.110000000000000142e+01,8.512842513826931468e-01,2.860083122325855487e-01,-2.296552527315067482e-01,3.751970596559941473e-01,8.513754565639042315e-01,2.837665958434550384e-01,-2.311789221975985298e-01,3.757561136902202725e-01,1.302212023648556816e+00,-1.536068704833554177e+00,2.451521150302832908e+00,1.577767142199270500e+00,-2.127858632411368411e+00,2.650195251284212183e+00,3.173115733630060276e-01,2.965164299681736004e+00,1.000000000000000000e+00
2.112000000000000099e+01,8.509986444139681083e-01,2.861953245260150380e-01,-2.298446023798669524e-01,3.755862113841218486e-01,8.511516839645485444e-01,2.852439435185913919e-01,-2.306104579418793432e-01,3.754937020219017429e-01,1.275170808899693364e+00,-1.535043854042363654e+00,2.447850087569621635e+00,1.792362418538699265e+00,-1.782369559278264015e+00,2.627174655975200501e+00,1.414470155345217695e-01,8.297233356878132682e+00,1.000000000000000000e+00
2.114000000000000057e+01,8.507132157592662836e-01,2.863850214735471633e-01,-2.300330699829200298e-01,3.759726462421926763e-01,8.512471552255560514e-01,2.854037469866662069e-01,-2.299270878423553544e-01,3.755749142351003655e-01,1.289648182110816110e+00,-1.520275989224589397e+00,2.439201090771475844e+00,1.676623866334354673e+00,-1.553230430043087473e+00,2.581183890770034850e+00,1.364272116377943933e-01,3.400778858635064239e+00,1.000000000000000000e+00
2.116000000000000014e+01,8.504275684130340185e-01,2.865739967636156682e-01,-2.302222989718945012e-01,3.763588557721437855e-01,8.508334870989361365e-01,2.857148075825604039e-01,-2.294839492188847085e-01,3.765455390919261736e-01,1.288426633936020860e+00,-1.525460227445785577e+00,2.436373416806954850e+00,1.604645735890959823e+00,-1.458975830268403495e+00,2.757027292181571720e+00,1.395472665444160709e-01,2.249297666103839521e+00,1.000000000000000000e+00
2.117999999999999972e+01,8.501411279658763753e-01,2.867605216490323738e-01,-2.304142241540318714e-01,3.767462688229016865e-01,8.503927455850383010e-01,2.853004209031505534e-01,-2.295452274861625452e-01,3.778158766213399744e-01,1.282015518552980682e+00,-1.546903952313136710e+00,2.436288626455624939e+00,1.418362249861201185e+00,-1.560077900039849919e+00,2.914418315324262210e+00,2.318723616972743207e-01,3.484780724385653894e+00,1.000000000000000000e+00
2.119999999999999929e+01,8.498540301334172042e-01,2.869516163221713101e-01,-2.306084321531255976e-01,3.771294848933977040e-01,8.497949158066883113e-01,2.854008273878239632e-01,-2.311666762513779616e-01,3.780964646572880228e-01,1.315823257950567760e+00,-1.542131263899164662e+00,2.419546593826077618e+00,1.552967667749338476e+00,-1.869403978650638454e+00,2.797621202654128503e+00,2.190806089478306018e-01,6.372186625981585806e+00,1.000000000000000000e+00
2.121999999999999886e+01,8.495674040650208481e-01,2.871456859274471585e-01,-2.308035608618152490e-01,3.775080095799078772e-01,8.498673756903919463e-01,2.850802718202537500e-01,-2.306308454518778417e-01,3.785024378814069168e-01,1.337721614060962905e+00,-1.531849770908630726e+00,2.398100424031177624e+00,1.345517452874561259e+00,-1.734528602312276346e+00,2.775561585924230190e+00,2.656606805030113927e-01,3.085697975457518005e+00,1.000000000000000000e+00
2.124000000000000199e+01,8.492818435989940573e-01,2.873382020644592028e-01,-2.309976648396316057e-01,3.778851500206049097e-01,8.500887049256796724e-01,2.845693724220107468e-01,-2.301878183245456566e-01,3.786595229650375205e-01,1.328020782206128958e+00,-1.526535264009903914e+00,2.388689117974508669e+00,1.119915353537740188e+00,-1.616304056228537567e+00,2.672967769641210634e+00,3.545484921419126967e-01,3.769964094716215186e+00,1.000000000000000000e+00
2.126000000000000156e+01,8.489957952220886783e-01,2.875270365589317478e-01,-2.311935868034694641e-01,3.782642837538310321e-01,8.500071606461203633e-01,2.846296288387967777e-01,-2.300346053651541878e-01,3.788903292140183843e-01,1.312207073586696415e+00,-1.547280210291891667e+00,2.391579196541114616e+00,1.063899159862135235e+00,-1.531926006004390217e+00,2.629117858944958197e+00,3.826914222338645422e-01,6.090181706704734799e-01,1.000000000000000000e+00
2.128000000000000114e+01,8.487091581178085598e-01,2.877171866762519015e-01,-2.313919597445082965e-01,3.786414483170846279e-01,8.496699333237475171e-01,2.839043500693954059e-01,-2.303090226405604679e-01,3.800224710561765917e-01,1.327497082906008430e+00,-1.553887196686184913e+00,2.380981303892342638e+00,8.563362708501962572e-01,-1.686240586045054446e+00,2.722452118276659672e+00,4.934203582091388762e-01,3.780351177066815893e+00,1.000000000000000000e+00
2.130000000000000071e+01,8.484203077351379907e-01,2.879119316043114996e-01,-2.315969320738514858e-01,3.790152531448675033e-01,8.494677849716861795e-01,2.844708391138306425e-01,-2.305490957786092421e-01,3.799051703054803775e-01,1.372260410027373201e+00,-1.573405903527829608e+00,2.364657997427524805e+00,9.784699088947592660e-01,-1.615875741652753828e+00,2.617396627669319020e+00,4.412631826205297148e-01,1.545232522159335264e+00,1.000000000000000000e+00
2.132000000000000028e+01,8.481305279183688484e-01,2.881047840544098682e-01,-2.318057979005901104e-01,3.793893950514982127e-01,8.492136227010912419e-01,2.856042349544700709e-01,-2.302768884736747790e-01,3.797880970091655484e-01,1.372601932842027139e+00,-1.598231612897341058e+00,2.359380929294439433e+00,1.168073796232161898e+00,-1.394583301992722513e+00,2.587975250599662491e+00,3.609611482110858249e-01,4.289301224148701408e+00,1.000000000000000000e+00
2.133999999999999986e+01,8.478399256939294082e-01,2.882978806904467617e-01,-2.320126154511000238e-01,3.797656364920993788e-01,8.486022850966430386e-01,2.860644595174640648e-01,-2.309857362890022081e-01,3.803772816044152516e-01,1.367905184177258260e+00,-1.592305381507840067e+00,2.375076613794390834e+00,1.287414648946501261e+00,-1.513208823933955838e+00,2.632245209313862411e+00,3.031365136113222669e-01,1.513708901034998444e+00,1.000000000000000000e+00
2.135999999999999943e+01,8.475492906842996277e-01,2.884913050069562446e-01,-2.322230048236588740e-01,3.801387152429951399e-01,8.480148374844557191e-01,2.868416048569041865e-01,-2.310508915268132679e-01,3.810619564506441681e-01,1.381527323161743537e+00,-1.603762826922073170e+00,2.354319917769548631e+00,1.400525226154823777e+00,-1.471551972564531185e+00,2.754031338537071605e+00,2.604147206276954951e-01,1.468062794965308893e+00,1.000000000000000000e+00
2.137999999999999901e+01,8.472584346617031414e-01,2.886837285425501998e-01,-2.324352682647907176e-01,3.805110981772364953e-01,8.478411484124221964e-01,2.863855239291719368e-01,-2.316647161983077241e-01,3.814186387832618208e-01,1.382040348558666087e+00,-1.614187154555442927e+00,2.346993046757440027e+00,1.297083769910395201e+00,-1.611253012207531032e+00,2.659235418599507739e+00,3.040173521775243470e-01,1.960144816758471187e+00,1.000000000000000000e+00
2.140000000000000213e+01,8.469696356931840642e-01,2.888751581857899042e-01,-2.326455493659237983e-01,3.808800697819688663e-01,8.471142325005510676e-01,2.867656789773344039e-01,-2.319704289815323617e-01,3.825606390283696756e-01,1.374034345860547734e+00,-1.598348911893763713e+00,2.327903488497412354e+00,1.334756956530944061e+00,-1.690391196414511299e+00,2.847503448238045909e+00,3.190282573438878444e-01,2.156353063977930251e+00,1.000000000000000000e+00
2.142000000000000171e+01,8.466794078104256105e-01,2.890670074119165989e-01,-2.328563308087141237e-01,3.812508030391657532e-01,8.463905815178971448e-01,2.872235949804056165e-01,-2.322347538438916392e-01,3.836568898265675376e-01,1.377179205083447711e+00,-1.604681767286826100e+00,2.339301848919717930e+00,1.385192226100451007e+00,-1.747228910747510744e+00,3.025443096184301517e+00,3.561053111424437034e-01,1.871841666802212423e+00,1.000000000000000000e+00
2.144000000000000128e+01,8.463883442960791204e-01,2.892625663942447467e-01,-2.330631601066346648e-01,3.816221976298889151e-01,8.462121070537611534e-01,2.877964426603342729e-01,-2.327840808824053476e-01,3.832882063870797773e-01,1.387044241828022217e+00,-1.579616034956976778e+00,2.355830522776778402e+00,1.527488965119900177e+00,-1.716889827480087449e+00,2.833748572176395086e+00,2.571055360898696351e-01,2.895780936021612906e+00,1.000000000000000000e+00
2.146000000000000085e+01,8.460959152786171611e-01,2.894599019856332611e-01,-2.332700467100742581e-01,3.819944405343963512e-01,8.460315664118263079e-01,2.878176406886971406e-01,-2.335268447367552513e-01,3.832190067447584503e-01,1.396915437626354839e+00,-1.579238703622466877e+00,2.365207522608358648e+00,1.552715141690155898e+00,-1.799230524637892348e+00,2.666819481575397166e+00,2.366994569858075492e-01,1.764083721505095959e+00,1.000000000000000000e+00
2.148000000000000043e+01,8.458038234252291954e-01,2.896596268055083301e-01,-2.334750175621044255e-01,3.823644976361331715e-01,8.460075922120406933e-01,2.885322942739573238e-01,-2.333356858242211507e-01,3.828507892136732704e-01,1.406667161702454427e+00,-1.560646600079286239e+00,2.360243845417365538e+00,1.637787899772321643e+00,-1.594327042908669334e+00,2.535669201408476070e+00,1.435047526036736243e-01,3.321156653466863951e+00,1.000000000000000000e+00
2.150000000000000000e+01,8.455099261500184094e-01,2.898579497775935487e-01,-2.336812386681898224e-01,3.827380467461014568e-01,8.459379862679395901e-01,2.886318614431486185e-01,-2.341242347376073785e-01,3.824479241116834904e-01,1.400937731390323737e+00,-1.577987176332682928e+00,2.377171533746069265e+00,1.689371384664943854e+00,-1.654369160552309648e+00,2.304129245289832983e+00,1.607121613901727752e-01,2.993830060134583526e+00,1.000000000000000000e+00
2.151999999999999957e+01,8.452168541593095830e-01,2.900564410272810645e-01,-2.338853198105302622e-01,3.831101507931546912e-01,8.460242716658155082e-01,2.887022858398650693e-01,-2.341496727286704327e-01,3.821882424463366457e-01,1.397624336694063940e+00,-1.563746404627825992e+00,2.372140539150797256e+00,1.643805482939373341e+00,-1.560318861740642937e+00,2.148778563700036948e+00,2.114659147091540181e-01,1.752775094652613053e+00,1.000000000000000000e+00
2.153999999999999915e+01,8.449246724710872680e-01,2.902549257429806739e-01,-2.340887340196433630e-01,3.834799089087241875e-01,8.458666695353234122e-01,2.886510306555394312e-01,-2.340956031437407547e-01,3.826086884265477162e-01,1.397792839783505547e+00,-1.555439196271642510e+00,2.359925165150061233e+00,1.546594224256206074e+00,-1.526426737658424626e+00,2.159568291056780609e+00,2.353709427734142767e-01,5.357548305680430722e-01,1.000000000000000000e+00
2.155999999999999872e+01,8.446323622667299968e-01,2.904529963193964170e-01,-2.342912956923472734e-01,3.838499945338141872e-01,8.454812236765395506e-01,2.884403502227971816e-01,-2.343727880080412329e-01,3.834489027433893860e-01,1.393689253172137432e+00,-1.552938982911815424e+00,2.362655376609253732e+00,1.443547499461177219e+00,-1.618222532526120139e+00,2.244282573871006381e+00,2.546622453091903493e-01,1.311076478775515142e+00,1.000000000000000000e+00
2.158000000000000185e+01,8.443406635412156191e-01,2.906541316182965073e-01,-2.344926460287415360e-01,3.842163695399158918e-01,8.450615418742258855e-01,2.894446120272561873e-01,-2.344846129343847729e-01,3.835489190579984276e-01,1.409820033462118705e+00,-1.533340661248354442e+00,2.349483356236028886e+00,1.621274934268717161e+00,-1.511020428960893724e+00,2.258041547835174079e+00,1.785628600604170224e-01,2.163426664111020248e+00,1.000000000000000000e+00
2.160000000000000142e+01,8.440471037727078629e-01,2.908580291178683996e-01,-2.346913133277966634e-01,3.845855964009140537e-01,8.449967143810958037e-01,2.893545141980758406e-01,-2.342281172095853903e-01,3.839162759076526488e-01,1.416543994039730636e+00,-1.521529847359251120e+00,2.375555985892235267e+00,1.494925536055189630e+00,-1.432813788814678357e+00,2.256800257532435516e+00,2.241095454799722220e-01,1.104097024431284657e+00,1.000000000000000000e+00
2.162000000000000099e+01,8.437533652809683371e-01,2.910628978412518886e-01,-2.348866374264862722e-01,3.849557320469096378e-01,8.447206488807375013e-01,2.891543987100424484e-01,-2.343548949688705474e-01,3.845965967936654795e-01,1.412949893065906792e+00,-1.504976722952189094e+00,2.387222130131103626e+00,1.383952344119343536e+00,-1.479832204130623108e+00,2.305830044601013373e+00,2.559714004546787547e-01,8.464823739953712955e-01,1.000000000000000000e+00
2.164000000000000057e+01,8.434610786007054051e-01,2.912652762745060464e-01,-2.350787081258196021e-01,3.853257695877166933e-01,8.439945432363116229e-01,2.898667791485171619e-01,-2.341893045674013629e-01,3.857535883950160005e-01,1.391446038818244801e+00,-1.492623859803545505e+00,2.385619842203546614e+00,1.440730077303361334e+00,-1.439544014750377743e+00,2.563253096914672735e+00,2.054498256772303855e-01,3.555663453188086187e+00,1.000000000000000000e+00
2.166000000000000014e+01,8.431665902157060577e-01,2.914682280663525860e-01,-2.352702739513707342e-01,3.856997165758972446e-01,8.439660928379261184e-01,2.896415378646485794e-01,-2.348186436625095963e-01,3.856024095772561666e-01,1.391510881887309203e+00,-1.498407806774072482e+00,2.410988564941649592e+00,1.403343056748352025e+00,-1.518902619381120589e+00,2.370785439819856677e+00,2.345474398377246084e-01,2.236962442203510815e+00,1.000000000000000000e+00
2.167999999999999972e+01,8.428707579204930411e-01,2.916738946945741651e-01,-2.354619581567842235e-01,3.860736857870595284e-01,8.437401274409090934e-01,2.899116298376928635e-01,-2.352923869383467259e-01,3.856051567078771503e-01,1.407102194218619928e+00,-1.494828893489809740e+00,2.417527732196378842e+00,1.458845476107530237e+00,-1.539223563442391640e+00,2.274899041592101767e+00,2.323032941358196268e-01,6.343806474451776367e-01,1.000000000000000000e+00
2.169999999999999929e+01,8.425754320754051951e-01,2.918781603593942897e-01,-2.356518105017229303e-01,3.864479330717401906e-01,8.431269017751125139e-01,2.907727296265630312e-01,-2.363138910384986191e-01,3.856734267626721890e-01,1.395062870490680673e+00,-1.488862743630820384e+00,2.418921653602015720e+00,1.706270519193709534e+00,-1.641713490613625037e+00,2.227541065759981009e+00,1.835006678080369213e-01,3.698293498357984266e+00,1.000000000000000000e+00
2.171999999999999886e+01,8.422827320229338000e-01,2.920806268930049021e-01,-2.358385499132232832e-01,3.868189306440418251e-01,8.428798869167086760e-01,2.917220145164796663e-01,-2.360255541486394049e-01,3.856730484057072084e-01,1.379481273307244127e+00,-1.468838418827446590e+00,2.400196064977786481e+00,1.817938117691833888e+00,-1.440082689583589204e+00,2.231317496859927640e+00,1.551526449877394520e-01,2.656932276722248965e+00,1.000000000000000000e+00
2.174000000000000199e+01,8.419883507907751641e-01,2.922821124710910379e-01,-2.360309315064364755e-01,3.871901125213182970e-01,8.428272164434934544e-01,2.912461486561331858e-01,-2.358005437592235465e-01,3.862849565773133764e-01,1.389816485418406078e+00,-1.500821402462114929e+00,2.394043816476613351e+00,1.592965064766555860e+00,-1.424010311036243204e+00,2.255500993356417183e+00,1.865170092237177224e-01,2.572792668824528839e+00,1.000000000000000000e+00
2.176000000000000156e+01,8.416945501659864881e-01,2.924828935953665554e-01,-2.362201956613428355e-01,3.875616858471383486e-01,8.428079929238864176e-01,2.909866484455942981e-01,-2.363978149356818215e-01,3.861573909478434041e-01,1.378000500173380161e+00,-1.487215274779726482e+00,2.398912171148793071e+00,1.537406717413654311e+00,-1.501535947328328291e+00,2.079930016429404560e+00,2.683033460369004253e-01,1.996097593461075403e+00,1.000000000000000000e+00
2.178000000000000114e+01,8.414026782909073132e-01,2.926847732949467984e-01,-2.364051756330934062e-01,3.879300831078453804e-01,8.421300789611431137e-01,2.914805262776900552e-01,-2.368275753397953431e-01,3.869996543518526844e-01,1.374851545983153178e+00,-1.456182195369267296e+00,2.387978814924674342e+00,1.612485983355453456e+00,-1.577472381151428849e+00,2.224470758026824591e+00,1.992523668815940063e-01,1.614756615952581464e+00,1.000000000000000000e+00
2.180000000000000071e+01,8.411119028303688516e-01,2.928861010798852749e-01,-2.365924361687841981e-01,3.882943701098682809e-01,8.420749293443786643e-01,2.917638510882946123e-01,-2.363953157393408611e-01,3.871704059768573680e-01,1.380988493588052979e+00,-1.460025416359299610e+00,2.361154781006443937e+00,1.556053717220707178e+00,-1.412209982151960252e+00,2.217346729540946360e+00,2.140445777574912223e-01,1.527345418109049557e+00,1.000000000000000000e+00
2.182000000000000028e+01,8.408220157977819298e-01,2.930869904319106101e-01,-2.367827689790611423e-01,3.886544404788504492e-01,8.418133697244087887e-01,2.922489530681507408e-01,-2.366573927663837840e-01,3.872132208910527562e-01,1.389935751178551060e+00,-1.467526460432240887e+00,2.333107415977348165e+00,1.629391251657275053e+00,-1.378657363193069640e+00,2.166409300996805953e+00,2.227302521500464094e-01,4.549377844916338010e-01,1.000000000000000000e+00
2.183999999999999986e+01,8.405329689668115112e-01,2.932868222230590738e-01,-2.369725273943796284e-01,3.890130965024913845e-01,8.418774782839684168e-01,2.923351843641107117e-01,-2.374330762448284560e-01,3.865332920279251905e-01,1.384069687161053608e+00,-1.463599351525005421e+00,2.323952550134118944e+00,1.684820133576230061e+00,-1.418222742415829796e+00,1.881795048284695460e+00,3.452014799663298827e-01,4.282137139668361847e+00,1.000000000000000000e+00
2.185999999999999943e+01,8.402442943030610234e-01,2.934850493832317220e-01,-2.371640528842085260e-01,3.893703426035545756e-01,8.412556716381566213e-01,2.927735121377207927e-01,-2.378568230100082392e-01,3.872940707973255292e-01,1.381569476934588980e+00,-1.472811377018616419e+00,2.311184886709037656e+00,1.742516029021792479e+00,-1.493039660477492037e+00,2.009975840286131632e+00,2.880788891224500547e-01,1.267830993306359844e+00,1.000000000000000000e+00
2.187999999999999901e+01,8.399562238034826711e-01,2.936846744107788898e-01,-2.373575217732448173e-01,3.897233133489607648e-01,8.411886684209300968e-01,2.928689476550276893e-01,-2.374982159759737588e-01,3.875874108222414627e-01,1.397428373866066664e+00,-1.471038662235532479e+00,2.287886005673347434e+00,1.643173915854779343e+00,-1.373186558107800881e+00,2.022044802901354466e+00,2.980748301268987821e-01,1.218960884743895301e+00,1.000000000000000000e+00
2.190000000000000213e+01,8.396679903370868336e-01,2.938825940716418006e-01,-2.375499659498751526e-01,3.900778134965046107e-01,8.410371923445602027e-01,2.932979062412897076e-01,-2.375930618518336257e-01,3.875336324082411799e-01,1.385127302224214541e+00,-1.472710272210452587e+00,2.295015340131225212e+00,1.683643405630680823e+00,-1.299497765966672880e+00,1.958176532943646908e+00,3.378274013584265378e-01,5.573469759116972400e-01,1.000000000000000000e+00
2.192000000000000171e+01,8.393796185439988955e-01,2.940794832518845991e-01,-2.377426705752121450e-01,3.904324987638725375e-01,8.412589927473822504e-01,2.923559972076635871e-01,-2.376756529669333540e-01,3.877132471364815314e-01,1.380732774546555852e+00,-1.476766361301086405e+00,2.294374001970876265e+00,1.403744328922915452e+00,-1.349182503260428767e+00,1.831950225736404203e+00,4.272481147570306170e-01,4.837245868889284317e+00,1.000000000000000000e+00
2.194000000000000128e+01,8.390892314431486199e-01,2.942818351610011485e-01,-2.379320916756718363e-01,3.907886678516399037e-01,8.404542469569296070e-01,2.930706331196251679e-01,-2.381344736511089022e-01,3.886363791950411817e-01,1.401033826563749418e+00,-1.454000083772155394e+00,2.318992117480620951e+00,1.536154641291592515e+00,-1.429849650970241637e+00,2.025701410801984625e+00,3.241865482317596858e-01,3.078952344792320162e+00,1.000000000000000000e+00
2.196000000000000085e+01,8.388000684228618109e-01,2.944836553797716139e-01,-2.381206382415378686e-01,3.911424083008809838e-01,8.398458527049920130e-01,2.934268852559094309e-01,-2.376994373866983812e-01,3.899468991661393380e-01,1.397766433716857826e+00,-1.445222447997716486e+00,2.305325079529290111e+00,1.470768019740456234e+00,-1.375777238407710490e+00,2.313898555916725552e+00,2.238815652273594969e-01,4.512826116286918321e+00,1.000000000000000000e+00
2.198000000000000043e+01,8.385093046992467825e-01,2.946892464708080195e-01,-2.383021337494437564e-01,3.915003026789575791e-01,8.398885651372451910e-01,2.929832685084611255e-01,-2.378129315065316829e-01,3.901192281009333573e-01,1.397120624416698265e+00,-1.412077117591759468e+00,2.345917782021580855e+00,1.316996104747075735e+00,-1.392438466083399051e+00,2.214095470504992225e+00,3.023004824391275491e-01,1.694198005196730472e+00,1.000000000000000000e+00
2.200000000000000000e+01,8.382181641618237089e-01,2.948938018365082625e-01,-2.384846632085997342e-01,3.918584187201709645e-01,8.394146491422047607e-01,2.939878457636965758e-01,-2.377697856631431905e-01,3.904096852978845011e-01,1.394797550239963879e+00,-1.420256559287949916e+00,2.344668043397500679e+00,1.477538267746186351e+00,-1.278322326117704799e+00,2.284801687393153369e+00,2.526792757560614722e-01,2.189776789834817716e+00,1.000000000000000000e+00
2.201999999999999957e+01,8.379267432892028022e-01,2.950984142397932719e-01,-2.386668039066019986e-01,3.922165925951088816e-01,8.388342802237871432e-01,2.946061952436374587e-01,-2.380459990547573734e-01,3.910221763270352868e-01,1.394593275123625187e+00,-1.418742192442898897e+00,2.346309996335035120e+00,1.572487762696695768e+00,-1.298826788090288398e+00,2.382953892614566360e+00,1.943985058504191787e-01,9.534827249037931551e-01,1.000000000000000000e+00
2.203999999999999915e+01,8.376348146025385244e-01,2.953019268045195544e-01,-2.388445213699418035e-01,3.925786341650202016e-01,8.379553129121245503e-01,2.948276070145113836e-01,-2.387548206629824810e-01,3.923056350788592939e-01,1.374942624295106830e+00,-1.407211859542811583e+00,2.371994622946247855e+00,1.606954465512970609e+00,-1.508083307093674552e+00,2.587135006654251779e+00,7.339883759155979570e-02,4.333299986737172205e+00,1.000000000000000000e+00
2.205999999999999872e+01,8.373412848881670589e-01,2.955014107279186897e-01,-2.390285108245299439e-01,3.929425656411516532e-01,8.372926479342615025e-01,2.956219500662036759e-01,-2.387135530016149532e-01,3.931469495845453244e-01,1.369838214468746873e+00,-1.451763263650575064e+00,2.368541009148274146e+00,1.694307860280920730e+00,-1.459096426398694746e+00,2.759457018755726132e+00,4.552999866070051721e-02,1.986255425891119586e+00,1.000000000000000000e+00
2.208000000000000185e+01,8.370491405341224933e-01,2.957010058238031536e-01,-2.392143305501638340e-01,3.933016088770996954e-01,8.370245901450726889e-01,2.954685021874465245e-01,-2.384921895941509162e-01,3.939665914898974886e-01,1.378841292153022424e+00,-1.450120332696070546e+00,2.339023557748654447e+00,1.543088188011162432e+00,-1.441863777674559977e+00,2.841033101596349475e+00,1.156381676193939667e-01,1.490947567802191731e+00,1.000000000000000000e+00
2.210000000000000142e+01,8.367566986512935401e-01,2.958979059575457260e-01,-2.394000269375590739e-01,3.936626520441379173e-01,8.368027324862012950e-01,2.943691207216609929e-01,-2.392533574947237895e-01,3.947984784629811061e-01,1.363401468433676822e+00,-1.459397938401414407e+00,2.345800828662023996e+00,1.297551423608453769e+00,-1.711563186630492117e+00,2.792925242280028808e+00,2.189543982349110574e-01,6.767015649349941597e+00,1.000000000000000000e+00
2.212000000000000099e+01,8.364658803784401631e-01,2.960933072270979238e-01,-2.395887328242064518e-01,3.940188110759835771e-01,8.361491856264638978e-01,2.944767704190486279e-01,-2.399817841139468277e-01,3.956598467790931051e-01,1.366950265795066954e+00,-1.466699527808550840e+00,2.311564763193409533e+00,1.330933056014734106e+00,-1.874777006039339389e+00,2.865982289636623381e+00,2.702266474405167207e-01,1.654518249700458021e+00,1.000000000000000000e+00
2.214000000000000057e+01,8.361744248405561519e-01,2.962890246648516857e-01,-2.397762265012932659e-01,3.943760975395400603e-01,8.357608965040516091e-01,2.948848985003788559e-01,-2.394643363389446222e-01,3.964889054348358921e-01,1.365262335214651790e+00,-1.462963604369199366e+00,2.320897272674816048e+00,1.286886096128511126e+00,-1.734156268386201516e+00,3.009591645231926460e+00,2.966972725784559062e-01,2.116895926029553898e+00,1.000000000000000000e+00
2.216000000000000014e+01,8.358839076635627974e-01,2.964864393127710773e-01,-2.399616808840195625e-01,3.947306371692513860e-01,8.355579661924575907e-01,2.955363494251732615e-01,-2.399210273891541345e-01,3.961553381153644082e-01,1.370966211124695189e+00,-1.443406271373250505e+00,2.311410647832497833e+00,1.441217615107409644e+00,-1.678669525384395289e+00,2.840615964474749955e+00,1.998082152021772584e-01,2.772486100208418236e+00,1.000000000000000000e+00
2.217999999999999972e+01,8.355934634734556443e-01,2.966826686078583020e-01,-2.401485825562366672e-01,3.950843153611450220e-01,8.354483791506315260e-01,2.960467876093544892e-01,-2.397033883279397204e-01,3.961370860508638403e-01,1.369622880382429964e+00,-1.451454852619314728e+00,2.303031637159239420e+00,1.471196904608505163e+00,-1.520588841228944776e+00,2.773019689894597128e+00,1.508052075866505304e-01,1.522875753603752047e+00,1.000000000000000000e+00
2.219999999999999929e+01,8.353016766910741353e-01,2.968776024305666006e-01,-2.403386630635923893e-01,3.954391547747438951e-01,8.349477444987731811e-01,2.970908515667480820e-01,-2.397235631712123227e-01,3.963986669153335973e-01,1.371300946969770118e+00,-1.473427617597579786e+00,2.304444181146249271e+00,1.641757334038507876e+00,-1.408421832992940326e+00,2.815745755022144969e+00,1.389232936342326974e-01,2.174890842388204071e+00,1.000000000000000000e+00
2.221999999999999886e+01,8.350095590808507273e-01,2.970702099933490992e-01,-2.405303399128435049e-01,3.957947475138125504e-01,8.344911804089123475e-01,2.965492735364003152e-01,-2.400749706764616909e-01,3.975512629076523585e-01,1.363309843665080345e+00,-1.488075155525866888e+00,2.302880395812719971e+00,1.463826973266359799e+00,-1.580788854419650891e+00,2.916220399435413668e+00,2.243420599183345021e-01,3.573240394598030445e+00,1.000000000000000000e+00
2.224000000000000199e+01,8.347205114853465391e-01,2.972616560553346665e-01,-2.407182424883201055e-01,3.961463154924146912e-01,8.339284551395264034e-01,2.967694872680839979e-01,-2.409090576862496225e-01,3.980628456160722473e-01,1.349515109602209106e+00,-1.461570658576542447e+00,2.281486371462500884e+00,1.537318885157563209e+00,-1.729812247183738494e+00,2.903515836500420111e+00,2.452121011925252891e-01,1.388521656100347279e+00,1.000000000000000000e+00
2.226000000000000156e+01,8.344322326178624794e-01,2.974506689923191449e-01,-2.409050638533317412e-01,3.964980439979665094e-01,8.334550815248007449e-01,2.971277563864519466e-01,-2.405161757388499244e-01,3.990234237149487551e-01,1.333893689144957095e+00,-1.461135419935210233e+00,2.278994985234179094e+00,1.484754101818294147e+00,-1.640135502200667172e+00,3.068616328488865008e+00,3.156550967602781976e-01,1.903156692631774671e+00,1.000000000000000000e+00
2.228000000000000114e+01,8.341446580119025178e-01,2.976392385751309155e-01,-2.410892539577578209e-01,3.968495241230790560e-01,8.339653771829964590e-01,2.975517097180285786e-01,-2.400693982610715427e-01,3.979088007602590848e-01,1.324939013226716922e+00,-1.448167317482924155e+00,2.280079989046672750e+00,1.492060935771010177e+00,-1.331376237575210952e+00,2.723466032037637152e+00,1.700430610523910313e-01,1.072571855245821659e+01,1.000000000000000000e+00
2.230000000000000071e+01,8.338565828483660569e-01,2.978241500806201869e-01,-2.412768571362294001e-01,3.972020305583368049e-01,8.336428211734413507e-01,2.977904856260917277e-01,-2.402253285370010427e-01,3.983117684752134902e-01,1.314652497584272384e+00,-1.475238732236551442e+00,2.275249664287692486e+00,1.492060935771010177e+00,-1.331376237575210952e+00,2.723466032037637152e+00,1.769339114779040767e-01,1.258489999037586848e+01,0.000000000000000000e+00
2.232000000000000028e+01,8.335681704315339724e-01,2.980138788402643679e-01,-2.414637976674351705e-01,3.975513396758028062e-01,8.334593324422806537e-01,2.986826595036115584e-01,-2.397260386269496613e-01,3.983285534341566847e-01,1.341155092448168551e+00,-1.456120029411537509e+00,2.268531719360100229e+00,1.572310180048611450e+00,-1.102095804893022279e+00,2.717416203355057736e+00,2.315481849623617083e-01,2.530029521935518666e+00,1.000000000000000000e+00
2.233999999999999986e+01,8.332812476061071116e-01,2.982035088798242195e-01,-2.416509854444879313e-01,3.978967591140674664e-01,8.332204686482331812e-01,2.986273465342156319e-01,-2.395559093893302738e-01,3.989715839558041766e-01,1.344084629569178624e+00,-1.448823306350878637e+00,2.246002891289507364e+00,1.459587310835663843e+00,-1.087173918328185440e+00,2.764111488407472006e+00,2.742529932842836526e-01,6.602663386460498884e-01,1.000000000000000000e+00
2.235999999999999943e+01,8.329947469890638390e-01,2.983906154011417566e-01,-2.418379763679306127e-01,3.982426211688269713e-01,8.330181864448618079e-01,2.989308421218477285e-01,-2.394649447265451980e-01,3.992212330620067418e-01,1.330253481546459948e+00,-1.453808199752297803e+00,2.243995936822323234e+00,1.450529241672749770e+00,-1.024212302925396889e+00,2.741713731538410581e+00,3.006005186061423418e-01,2.023122181926901575e-01,1.000000000000000000e+00
2.237999999999999901e+01,8.327081077111542218e-01,2.985758274973780435e-01,-2.420289709975487480e-01,3.985870792991570988e-01,8.323648675412128606e-01,2.989428093804281650e-01,-2.406012055256678828e-01,3.998912150853425884e-01,1.332529829456441162e+00,-1.475031259937128691e+00,2.228141888579094232e+00,1.509223712972046938e+00,-1.291145438412952595e+00,2.742471540593809820e+00,2.289473746773905138e-01,3.376972995281818601e+00,1.000000000000000000e+00
2.240000000000000213e+01,8.324205904662373978e-01,2.987590426684028633e-01,-2.422204967544998033e-01,3.989338616158116801e-01,8.322325088705972984e-01,2.985090884061766814e-01,-2.412627179459382598e-01,4.000920847095118527e-01,1.322494267185912786e+00,-1.487319268594076815e+00,2.237557990094747762e+00,1.421518379905350793e+00,-1.431796867903126103e+00,2.608961072918885904e+00,1.759147743029590982e-01,2.077821714734625846e+00,1.000000000000000000e+00
2.242000000000000171e+01,8.321367471426773799e-01,2.989437541058077019e-01,-2.424077532034658589e-01,3.992737746493975060e-01,8.316851495506252245e-01,2.987980026462020988e-01,-2.414701712205317985e-01,4.008886653951711510e-01,1.323116585605062401e+00,-1.446679765561223796e+00,2.205782528232643980e+00,1.432563354923502397e+00,-1.473892629261031262e+00,2.712284058475492365e+00,2.207818982028255939e-01,5.840774701523044898e-01,1.000000000000000000e+00
2.244000000000000128e+01,8.318500590788268090e-01,2.991257864920552900e-01,-2.425989085502354425e-01,3.996185839476144031e-01,8.319058911427777980e-01,2.982732892915566647e-01,-2.417458235666432587e-01,4.006552008463407089e-01,1.317334958598230799e+00,-1.483735159839967066e+00,2.225235697307662353e+00,1.293520680690157798e+00,-1.488071998417600295e+00,2.482815473271561046e+00,1.823481841420102612e-01,3.393458756565581602e+00,1.000000000000000000e+00
2.246000000000000085e+01,8.315628181201485392e-01,2.993053146375503903e-01,-2.427893082697101801e-01,3.999661984964596462e-01,8.312575555137857730e-01,2.988523427391223675e-01,-2.424024206264272507e-01,4.011723072633904819e-01,1.300717571046790644e+00,-1.491443889417449320e+00,2.237686051013385580e+00,1.433026429568321269e+00,-1.574922698148740752e+00,2.530632097553398019e+00,1.580678103311606852e-01,1.391088139481323038e+00,1.000000000000000000e+00
2.248000000000000043e+01,8.312755788995187523e-01,2.994840811917597323e-01,-2.429789371522967645e-01,4.003141680459708640e-01,8.308102939771351281e-01,2.992089596360723580e-01,-2.431036420526064279e-01,4.014086111630937315e-01,1.294825672275221606e+00,-1.490122895448851015e+00,2.239635938369375356e+00,1.529034019759265561e+00,-1.656635245975090598e+00,2.485827352284514014e+00,1.406043176839281983e-01,8.578939253095574369e-01,1.000000000000000000e+00
2.250000000000000000e+01,8.309888624334630380e-01,2.996627303099108075e-01,-2.431692019920001224e-01,4.006600775936163261e-01,8.299971369952608979e-01,3.002416923223314993e-01,-2.438070121166765747e-01,4.018927961706100227e-01,1.297695854343856592e+00,-1.489158669058806561e+00,2.227370693740309271e+00,1.766255700556091046e+00,-1.709749715797864056e+00,2.565752918612338007e+00,2.064275282637998976e-01,3.163002758591396457e+00,1.000000000000000000e+00
2.251999999999999957e+01,8.307048462206665373e-01,2.998415274699736122e-01,-2.433587285463254812e-01,4.010000574941203211e-01,8.296461893930183740e-01,3.011667289516229973e-01,-2.447849746140509097e-01,4.013304349303976060e-01,1.300331241344614641e+00,-1.471360683500409605e+00,2.194413478406441076e+00,2.026683583094902374e+00,-1.723254219221678651e+00,2.366113168697791647e+00,2.567526729543277986e-01,5.245902085007458027e+00,1.000000000000000000e+00
2.253999999999999915e+01,8.304214459168391960e-01,3.000230901794510574e-01,-2.435431082943426140e-01,4.013391607143381723e-01,8.292406715776933224e-01,3.007935997317938148e-01,-2.446474985000777203e-01,4.025303969135998194e-01,1.301833297932055489e+00,-1.438145089802594923e+00,2.201523911542746959e+00,1.814903474056601240e+00,-1.770006591198492130e+00,2.531003689252457001e+00,2.464820537598568784e-01,3.631527641114772997e+00,1.000000000000000000e+00
2.255999999999999872e+01,8.301391525691977913e-01,3.002010543404145526e-01,-2.437266342779809136e-01,4.016785307781895464e-01,8.282863149623228560e-01,3.020875246342571985e-01,-2.452235915493993501e-01,4.031752696459646179e-01,1.280473078832132794e+00,-1.441271845564061627e+00,2.196694306922495343e+00,2.080394910091336147e+00,-1.788103533969688463e+00,2.678873524726370636e+00,3.881406856531730565e-01,4.557516607505977646e+00,1.000000000000000000e+00
2.258000000000000185e+01,8.298556487362808154e-01,3.003771584229358860e-01,-2.439103968044473159e-01,4.020209985671721609e-01,8.275836390377222518e-01,3.021739221636772776e-01,-2.462193160725545393e-01,4.039458992910618940e-01,1.269926536249060378e+00,-1.453696349862062531e+00,2.211209665832382321e+00,2.112190148326197559e+00,-1.998235323529318208e+00,2.719919627857692923e+00,4.783667735500705676e-01,2.313913236599408396e+00,1.000000000000000000e+00
2.260000000000000142e+01,8.295708411136886173e-01,3.005539510089995647e-01,-2.440959786300741508e-01,4.023638842185437436e-01,8.274177440506333969e-01,3.022079627502483046e-01,-2.467187938834734251e-01,4.039555183744733546e-01,1.279050676097110983e+00,-1.463301913577624180e+00,2.214030759314214780e+00,2.090834718550387716e+00,-2.020473554625005441e+00,2.590725747734440532e+00,4.694628132297654077e-01,8.744788080597418745e-01,1.000000000000000000e+00
2.262000000000000099e+01,8.292875961646396510e-01,3.007279678249335508e-01,-2.442824790335069440e-01,4.027044110170680535e-01,8.270117015045823639e-01,3.019578046691123174e-01,-2.474903034555109016e-01,4.045017669546143724e-01,1.268582869895941379e+00,-1.467819628750544947e+00,2.193752431863958741e+00,2.026085620880881955e+00,-2.175756325195216334e+00,2.559048410075724256e+00,5.151888550092194041e-01,1.457205578182541039e+00,1.000000000000000000e+00
2.264000000000000057e+01,8.290026880877816584e-01,3.009010553453757564e-01,-2.444704549974112961e-01,4.030475091954173750e-01,8.269976370606624272e-01,3.030942696692738303e-01,-2.476062881415877770e-01,4.036085951295825258e-01,1.266838600666302828e+00,-1.483733270533743820e+00,2.205964509720892863e+00,2.231249407718712163e+00,-1.934621603878973639e+00,2.337478861489169280e+00,4.992131737963148019e-01,7.443121918437840989e+00,1.000000000000000000e+00
2.266000000000000014e+01,8.287167984533662102e-01,3.010768755629532056e-01,-2.446593336350495473e-01,4.033893818975736179e-01,8.265945979643957164e-01,3.030773927819861435e-01,-2.472992525816869736e-01,4.046338397527963759e-01,1.285311781439919088e+00,-1.480972341294157335e+00,2.204681883870935000e+00,2.073826502313182996e+00,-1.893355374375945699e+00,2.502312535749092959e+00,4.728019897824859985e-01,2.679692387237217588e+00,1.000000000000000000e+00
2.267999999999999972e+01,8.284307425784190881e-01,3.012527986333464747e-01,-2.448501979286505370e-01,4.037296578663082114e-01,8.261412895719155713e-01,3.033485438380421062e-01,-2.466926818835925017e-01,4.057252165208278805e-01,1.292914560984014694e+00,-1.487641510150287116e+00,2.194203337044121405e+00,1.950427405470926079e+00,-1.774658651728381331e+00,2.717159094640715367e+00,4.726227215171555640e-01,3.775439517476663731e+00,1.000000000000000000e+00
2.269999999999999929e+01,8.281457394904262470e-01,3.014259872379033145e-01,-2.450402584856198607e-01,4.040696475891392137e-01,8.260292578167820476e-01,3.032303031778101343e-01,-2.463526245009387827e-01,4.062479942927088583e-01,1.276660460347663895e+00,-1.488180876939113384e+00,2.187960486345696509e+00,1.790004247713772090e+00,-1.689667364910232950e+00,2.735565654745018893e+00,4.318531010036852913e-01,1.667663375601233122e+00,1.000000000000000000e+00
2.271999999999999886e+01,8.278597560398438526e-01,3.015955886899333027e-01,-2.452301241855985581e-01,4.044137873568837138e-01,8.259875143004499209e-01,3.035015305580479605e-01,-2.463977551686623024e-01,4.061029345086422104e-01,1.255055125543950822e+00,-1.504104802860287693e+00,2.205222073070449706e+00,1.784762806989077966e+00,-1.593632774316674494e+00,2.609548694533875501e+00,3.861326539904383903e-01,1.259747588957654374e+00,1.000000000000000000e+00
2.274000000000000199e+01,8.275747069739647355e-01,3.017643258698594622e-01,-2.454189942014081971e-01,4.047566099453288602e-01,8.257878268654956777e-01,3.031775341495028253e-01,-2.461277159982285245e-01,4.069139899355692092e-01,1.248884605664690728e+00,-1.497795631220368184e+00,2.197315429745700044e+00,1.586646551320142429e+00,-1.575981541549537734e+00,2.680806206029847427e+00,3.685981751151591324e-01,2.239115500413825455e+00,1.000000000000000000e+00
2.276000000000000156e+01,8.272902252533341771e-01,3.019321953675597747e-01,-2.456039632881695245e-01,4.051006366545931714e-01,8.257612306799027024e-01,3.028575494599338169e-01,-2.460893357101653356e-01,4.072293377089449273e-01,1.233049670677805798e+00,-1.482595136196994012e+00,2.207233780187337402e+00,1.436659304077029242e+00,-1.558314268993186591e+00,2.617665805759620046e+00,3.233241898162093064e-01,1.344589514392660945e+00,1.000000000000000000e+00
2.278000000000000114e+01,8.270068663219026783e-01,3.021010841100104094e-01,-2.457891891716319777e-01,4.054408126007231217e-01,8.259129759569378004e-01,3.025852616782248039e-01,-2.454511729690475597e-01,4.075090640086348470e-01,1.241953412876990459e+00,-1.473205032113238611e+00,2.187365057485199049e+00,1.232863982079785314e+00,-1.404951051896438985e+00,2.578875485278281143e+00,2.765183766995319425e-01,3.340612582399567820e+00,1.000000000000000000e+00
2.280000000000000071e+01,8.267216093813274380e-01,3.022719837855062375e-01,-2.459729387125456357e-01,4.057836145304994369e-01,8.262435533011573963e-01,3.022816997579816367e-01,-2.450102133676734240e-01,4.073295471301218718e-01,1.247639665445588797e+00,-1.468756375667267688e+00,2.209604457413086198e+00,1.064501128079739845e+00,-1.256373068997972409e+00,2.417124698039015751e+00,2.157665262060768918e-01,3.844117613427706637e+00,1.000000000000000000e+00
2.282000000000000028e+01,8.264379174736675715e-01,3.024447608841077106e-01,-2.461556643548959977e-01,4.061218094138039358e-01,8.259692528210240692e-01,3.025037367782040798e-01,-2.455040356670933621e-01,4.074236751842889026e-01,1.257934388265477432e+00,-1.449356920085300038e+00,2.188562474338360264e+00,1.126434227335420868e+00,-1.303096131667355717e+00,2.338653257163416210e+00,1.753887208030956435e-01,6.111481949899493227e-01,1.000000000000000000e+00
2.283999999999999986e+01,8.261543633407437692e-01,3.026156986216899658e-01,-2.463414422518722113e-01,4.064586088521491281e-01,8.258683370269130908e-01,3.030573825311239644e-01,-2.455738773214484472e-01,4.071746352206819797e-01,1.258056410495345112e+00,-1.465477343372215024e+00,2.173750887086164596e+00,1.217786655503570792e+00,-1.196333909521894778e+00,2.228453961410738149e+00,1.345534051595913549e-01,1.600173091384631707e+00,1.000000000000000000e+00
2.285999999999999943e+01,8.258720995811970056e-01,3.027864520036633866e-01,-2.465198742278550958e-01,4.067967443663494942e-01,8.255557229625157811e-01,3.030302173777709718e-01,-2.464478551907376136e-01,4.073007369398001232e-01,1.235953203516885646e+00,-1.431629935948778520e+00,2.189546749490884459e+00,1.261850525630571873e+00,-1.349960621621069556e+00,2.125567403954333745e+00,7.414977022815791297e-02,1.812548630403586936e+00,1.000000000000000000e+00
2.287999999999999901e+01,8.255871752706073208e-01,3.029575253853638017e-01,-2.466993590426833360e-01,4.071387725198934437e-01,8.255776764611570950e-01,3.031695065714835047e-01,-2.466639366123710431e-01,4.070216858953445982e-01,1.239038789230222148e+00,-1.446377026485581085e+00,2.212792948743048438e+00,1.272605791774900519e+00,-1.301134130083919427e+00,1.971409501125114705e+00,2.806681049374868883e-02,1.317264784676036138e+00,1.000000000000000000e+00
2.290000000000000213e+01,8.253019949820388224e-01,3.031257970820480097e-01,-2.468793551672140707e-01,4.074824563269696664e-01,8.252558004710880413e-01,3.031551233311892135e-01,-2.468740287918510246e-01,4.075574179118269247e-01,1.225082915240390147e+00,-1.458566977139846621e+00,2.216374083492593794e+00,1.228561055783745859e+00,-1.347657907191587734e+00,2.010411722013064395e+00,1.065243725370675076e-02,2.820468978366569290e-01,1.000000000000000000e+00
2.292000000000000171e+01,8.250176188887443640e-01,3.032957742527970235e-01,-2.470565806612357029e-01,4.078242854410726315e-01,8.248379710611897231e-01,3.030259981815452419e-01,-2.465928156627845980e-01,4.086680183048804760e-01,1.227905653922637397e+00,-1.437125163844589659e+00,2.212950766540861203e+00,1.088435812454854323e+00,-1.353337325531682733e+00,2.200259497845383549e+00,1.164114706194571830e-01,2.792034540883813865e+00,1.000000000000000000e+00
2.294000000000000128e+01,8.247339124299011281e-01,3.034641865252124537e-01,-2.472333999154009976e-01,4.081655389066189965e-01,8.247385323665634704e-01,3.033078385024207679e-01,-2.469124153974486535e-01,4.084666050675800353e-01,1.219210315628849184e+00,-1.436913278729864407e+00,2.207155750339881095e+00,1.149234893751740039e+00,-1.323658356306367301e+00,2.071068833327923908e+00,5.352026287221080258e-02,1.065468639729697298e+00,1.000000000000000000e+00
2.296000000000000085e+01,8.244496614238445709e-01,3.036335933865718650e-01,-2.474071209508580393e-01,4.085084004620632703e-01,8.245181305581982256e-01,3.040248216877868281e-01,-2.469862880677744787e-01,4.083338507704521447e-01,1.215333466385486005e+00,-1.423514459639068752e+00,2.222823887812533705e+00,1.274554428124240246e+00,-1.215852228206972363e+00,2.016454576472983984e+00,6.926067089951172540e-02,1.517873960533600242e+00,1.000000000000000000e+00
2.298000000000000043e+01,8.241673508004667692e-01,3.038022513008177827e-01,-2.475794019806122348e-01,4.088481499212363590e-01,8.240970455269628347e-01,3.036491180986621297e-01,-2.480918329267802480e-01,4.087929978200044445e-01,1.209461024897690251e+00,-1.410300547410492156e+00,2.205025008494950978e+00,1.258304577783997846e+00,-1.479707023845155955e+00,1.961151622320357557e+00,6.213566494976258819e-02,3.651408429562998492e+00,1.000000000000000000e+00
2.300000000000000000e+01,8.238840455262754769e-01,3.039683063743602309e-01,-2.477530426496012128e-01,4.091903934662031728e-01,8.239711444582518141e-01,3.033406496354859594e-01,-2.483047068453318185e-01,4.091463991499058594e-01,1.198548485228361882e+00,-1.428570458450715730e+00,2.213073542594820697e+00,1.153251168564242812e+00,-1.523366697613867338e+00,1.927256202979734434e+00,9.640740700204802893e-02,7.051331754854991418e-01,1.000000000000000000e+00
2.301999999999999957e+01,8.236025740837455977e-01,3.041337786339228799e-01,-2.479232786867975047e-01,4.095308200144024413e-01,8.236008009870510183e-01,3.032350952836410651e-01,-2.491896801259144423e-01,4.094321688882712196e-01,1.187200630967518933e+00,-1.408097604780778722e+00,2.205299221426924916e+00,1.180825559187900886e+00,-1.688409463949126277e+00,1.868646869872369276e+00,1.783046148329428260e-01,1.572436608122572466e+00,1.000000000000000000e+00
2.303999999999999915e+01,8.233216085827375075e-01,3.042976667094640653e-01,-2.480942802902987021e-01,4.098703294496301441e-01,8.235594764031479720e-01,3.038141539315978301e-01,-2.486693956507809999e-01,4.094023453328956563e-01,1.181942509207464242e+00,-1.413110612120087373e+00,2.196199929362244507e+00,1.199858014701471909e+00,-1.457493347480460555e+00,1.860886892250931623e+00,1.050331863199320259e-01,2.687552482424424571e+00,1.000000000000000000e+00
2.305999999999999872e+01,8.230376612802969838e-01,3.044622640273658698e-01,-2.482639750804597478e-01,4.102154757866144363e-01,8.229319605550386996e-01,3.049339723738092034e-01,-2.488242683003051015e-01,4.097374089513759476e-01,1.179405353802550183e+00,-1.419346908998359247e+00,2.233079817715061921e+00,1.412740965122589953e+00,-1.378829653157483071e+00,1.966728120274976455e+00,1.009549585628214258e-01,3.134871023353660746e+00,1.000000000000000000e+00
2.308000000000000185e+01,8.227537788679264441e-01,3.046251302627046575e-01,-2.484330760950276829e-01,4.105615131413800634e-01,8.227111761424504843e-01,3.048097129069636257e-01,-2.495319817932641071e-01,4.098428352798255125e-01,1.168465948752920536e+00,-1.422077560638658200e+00,2.235702469628809919e+00,1.408372888858397509e+00,-1.494346391103189120e+00,1.867253053674881924e+00,1.520219149763121780e-01,1.162373821346777802e+00,1.000000000000000000e+00
2.310000000000000142e+01,8.224717455519681142e-01,3.047878711484329206e-01,-2.486037061234192269e-01,4.109023955530137218e-01,8.227539448166654168e-01,3.051860706476660079e-01,-2.492200521282897097e-01,4.096666622858468054e-01,1.175582081242961596e+00,-1.417950909434964935e+00,2.204205064320448493e+00,1.400595492709514778e+00,-1.316988735807495647e+00,1.795200018604545367e+00,1.678333634326245882e-01,1.834060939087873932e+00,1.000000000000000000e+00
2.312000000000000099e+01,8.221875465435750652e-01,3.049499177133200289e-01,-2.487770061984419523e-01,4.112458962497212434e-01,8.225648417830104808e-01,3.044770258660547402e-01,-2.497433715842000412e-01,4.102548843487531238e-01,1.178648728097956289e+00,-1.439825045909252310e+00,2.215990493714603993e+00,1.231182270482324093e+00,-1.489730350119685243e+00,1.773927865782073621e+00,1.731032651791879484e-01,2.946851141233227889e+00,1.000000000000000000e+00
2.314000000000000057e+01,8.219022619085342152e-01,3.051153192904757505e-01,-2.489550816438201031e-01,4.115855696299678956e-01,8.218603611319172941e-01,3.051282254804115190e-01,-2.496049043608998819e-01,4.112659778467892546e-01,1.213057772301083581e+00,-1.449275722437242120e+00,2.196957343359115189e+00,1.285577738051261854e+00,-1.451816781221598518e+00,2.018706143729971370e+00,8.313463522630094860e-02,3.211955141351467979e+00,1.000000000000000000e+00
2.316000000000000014e+01,8.216171125574855960e-01,3.052759613045596399e-01,-2.491354207140779875e-01,4.119265103727806077e-01,8.213330170070629599e-01,3.056714744694853936e-01,-2.494979381521753303e-01,4.119803438606504664e-01,1.193938090296605470e+00,-1.473182146732818776e+00,2.191860214238929405e+00,1.324272007136469753e+00,-1.399972804341580002e+00,2.168076321152665020e+00,6.984051357111535629e-02,1.323090007338681762e+00,1.000000000000000000e+00
2.317999999999999972e+01,8.213325727786503494e-01,3.054322999721387211e-01,-2.493160164708521920e-01,4.122686490113431912e-01,8.210961979215956053e-01,3.062266140430593975e-01,-2.497073999274000144e-01,4.119132299792279128e-01,1.171509695519796335e+00,-1.485772225919162803e+00,2.189468896721962654e+00,1.420679724992746973e+00,-1.336669458146942713e+00,2.105075998158156825e+00,1.126448251890374841e-01,8.622898573948291068e-01,1.000000000000000000e+00
2.319999999999999929e+01,8.210482209526553943e-01,3.055878326896841468e-01,-2.494929196550200456e-01,4.126126251395068056e-01,8.199832092771280889e-01,3.077455090896534795e-01,-2.502928060890158846e-01,4.126423988865154935e-01,1.156040937884805553e+00,-1.473246260894932824e+00,2.202982666464572858e+00,1.757876582672926125e+00,-1.366288827385163884e+00,2.319390595478668882e+00,2.905867863060060396e-01,8.012985738182843320e+00,1.000000000000000000e+00
2.321999999999999886e+01,8.207650151017419349e-01,3.057396135839738904e-01,-2.496702108539720633e-01,4.129562500830966099e-01,8.198409152175135661e-01,3.073083253585210950e-01,-2.508193078303325163e-01,4.129311585726657685e-01,1.137804228781628124e+00,-1.481688209986905758e+00,2.192578845018980704e+00,1.643185312147785959e+00,-1.486295510939251940e+00,2.227426403926410003e+00,2.467279599980211624e-01,1.797691512532483271e+00,1.000000000000000000e+00
2.324000000000000199e+01,8.204806926523444677e-01,3.058910325844367839e-01,-2.498478664194137555e-01,4.133015277189560077e-01,8.192893398981533348e-01,3.075413353355436752e-01,-2.506801264812420493e-01,4.139357181696544652e-01,1.136556315466300537e+00,-1.488750376554715427e+00,2.201836829560452014e+00,1.586308600532159385e+00,-1.481104068538278584e+00,2.411462351815488514e+00,2.622539220261392856e-01,1.853382232741800362e+00,1.000000000000000000e+00
2.326000000000000156e+01,8.201960699366506180e-01,3.060430736826479370e-01,-2.500255370706830904e-01,4.136463159800493061e-01,8.193243208890478302e-01,3.076516764517671643e-01,-2.507105546268648122e-01,4.137660220158340674e-01,1.140743331908932179e+00,-1.486920287530416385e+00,2.201111425710074343e+00,1.552002203444229345e+00,-1.399049288001101621e+00,2.277525926355126185e+00,2.242931552727978062e-01,1.290181248620169141e+00,1.000000000000000000e+00
2.328000000000000114e+01,8.199101590434514364e-01,3.061997385767977198e-01,-2.502002016852939437e-01,4.139914374349802917e-01,8.190583145207911420e-01,3.070661293843627293e-01,-2.515378528721483598e-01,4.142252746655330498e-01,1.157129433645285310e+00,-1.464264924498695608e+00,2.217625089948634720e+00,1.445770246886494581e+00,-1.612074874209450837e+00,2.202061728927175555e+00,2.088040458767971563e-01,3.112465265635636413e+00,1.000000000000000000e+00
2.330000000000000071e+01,8.196246792950564464e-01,3.063572969457246664e-01,-2.503734221739638000e-01,4.143353004119769145e-01,8.192442664717519696e-01,3.072743922866123523e-01,-2.510112915388556520e-01,4.140224767063371281e-01,1.158948965675302478e+00,-1.452535546159036794e+00,2.214504815341083788e+00,1.372025428778460565e+00,-1.393299916722605447e+00,2.102446749236939194e+00,1.399009464242987333e-01,3.155572164445800798e+00,1.000000000000000000e+00
2.332000000000000028e+01,8.193401850094226280e-01,3.065170121161151506e-01,-2.505469085125591189e-01,4.146748474973300236e-01,8.190888145464648717e-01,3.072284228560522856e-01,-2.516320162736477850e-01,4.139873650974245645e-01,1.174170160103902072e+00,-1.439674473605255578e+00,2.194524843463937280e+00,1.380815123956327328e+00,-1.468626158405770488e+00,1.973867387609102853e+00,1.707138750835789087e-01,1.112226160946592657e+00,1.000000000000000000e+00
2.333999999999999986e+01,8.190555268310609760e-01,3.066712484821949025e-01,-2.507213847639230830e-01,4.150175617295321917e-01,8.191820682708019774e-01,3.070626123702963062e-01,-2.517250782552787336e-01,4.138692741497901895e-01,1.146543305621505970e+00,-1.463136207619138762e+00,2.200178850506986805e+00,1.299619501903063856e+00,-1.427337583911256980e+00,1.841284325040204450e+00,1.810091087663729947e-01,1.291530816686973671e+00,1.000000000000000000e+00
2.335999999999999943e+01,8.187724206392715809e-01,3.068233386584690581e-01,-2.508972966303746333e-01,4.153573264052869418e-01,8.192218563742185156e-01,3.065397911886380000e-01,-2.512483939025085267e-01,4.144673099512375392e-01,1.141395416937905471e+00,-1.467564566639731449e+00,2.177041037954742908e+00,1.055070338728774537e+00,-1.366975307592249056e+00,1.881430474223562577e+00,1.254131375425640849e-01,3.247423703118837768e+00,1.000000000000000000e+00
2.337999999999999901e+01,8.184891089285999399e-01,3.069735981267359692e-01,-2.510718976314955109e-01,4.156990387745823079e-01,8.183634153017856905e-01,3.073828229091753461e-01,-2.521195237321692262e-01,4.150094775171378481e-01,1.127248952104948243e+00,-1.469491192244331890e+00,2.186339948225107133e+00,1.294608863603796012e+00,-1.489283029314996343e+00,1.981870994696812271e+00,1.518621038713668936e-01,4.114461501220945117e+00,1.000000000000000000e+00
2.340000000000000213e+01,8.182024368771179113e-01,3.071291289811008407e-01,-2.512474537578396894e-01,4.160422903982943788e-01,8.187438976831029613e-01,3.066526994453913635e-01,-2.509987135120748669e-01,4.154782758999784331e-01,1.157940522261192928e+00,-1.468956320534379190e+00,2.207465203361540951e+00,9.275145719044760595e-01,-1.290233687992698552e+00,1.991393080446535846e+00,1.087200989680813384e-01,8.709461387404488164e+00,1.000000000000000000e+00
2.342000000000000171e+01,8.179164533999777609e-01,3.072820380941085339e-01,-2.514185340780259459e-01,4.163882143437649952e-01,8.184225866956874595e-01,3.076121432581319093e-01,-2.509187702099848760e-01,4.154503696746310037e-01,1.129922110719814965e+00,-1.457934818198413529e+00,2.222453600445672528e+00,1.095199970144082879e+00,-1.141540946678205382e+00,1.997943364786727738e+00,1.400858757339166760e-01,2.509648759461292400e+00,1.000000000000000000e+00
2.344000000000000128e+01,8.176306277609962647e-01,3.074326708706932587e-01,-2.515898005438604312e-01,4.167347857940009725e-01,8.179864479112194386e-01,3.078007195394147910e-01,-2.514112932820912194e-01,4.158716745521757185e-01,1.118487937020210765e+00,-1.465150502189176196e+00,2.221504613011317630e+00,1.142497149534923206e+00,-1.229350802651906660e+00,2.015577845688881986e+00,1.167987499881109614e-01,5.121697911635251232e-01,1.000000000000000000e+00
2.346000000000000085e+01,8.173416928904321255e-01,3.075867807684871114e-01,-2.517595015669501501e-01,4.170852223829587535e-01,8.173053771069151985e-01,3.085383679878531682e-01,-2.527004513293741317e-01,4.158827694548620779e-01,1.130944477779408430e+00,-1.460804787816313288e+00,2.254805251273382716e+00,1.418790629256609481e+00,-1.399873333934177344e+00,1.950286077938299556e+00,2.062048739747130710e-01,5.476237971305778274e+00,1.000000000000000000e+00
2.348000000000000043e+01,8.170522783326399363e-01,3.077370554814850556e-01,-2.519298022076970622e-01,4.174384432639361986e-01,8.171211056514119386e-01,3.078939115102627966e-01,-2.531214885933833481e-01,4.164660249842648820e-01,1.111246238069899750e+00,-1.478376651890490168e+00,2.262401582275341827e+00,1.252611043176423022e+00,-1.543011154423289177e+00,1.930921202103352163e+00,1.773415074239513833e-01,2.420718859537875911e+00,1.000000000000000000e+00
2.350000000000000000e+01,8.167622074903070351e-01,3.078882047479605810e-01,-2.521019782263099751e-01,4.177905484414646820e-01,8.166502688542813804e-01,3.085957860204003866e-01,-2.531628149620781532e-01,4.168447772866514800e-01,1.122593397062851883e+00,-1.484044372864134598e+00,2.256703936201623684e+00,1.354020858509776604e+00,-1.472674330428377365e+00,2.011339363960826354e+00,1.823792147367429839e-01,1.083550054056174661e+00,1.000000000000000000e+00
2.351999999999999957e+01,8.164703214513466811e-01,3.080402024218648616e-01,-2.522771147816296744e-01,4.181431635677993475e-01,8.164452483383093373e-01,3.087523701407466903e-01,-2.525377811393201832e-01,4.175090412140757823e-01,1.136116061030045588e+00,-1.499389443172205905e+00,2.259438377077565452e+00,1.239781907767190328e+00,-1.334033232815552639e+00,2.134045829130597483e+00,1.133164929487532196e-01,2.363647086006071429e+00,1.000000000000000000e+00
2.353999999999999915e+01,8.161812106404032763e-01,3.081904938514547498e-01,-2.524492332762184876e-01,4.184928141741642849e-01,8.162034010675719431e-01,3.092958712452119063e-01,-2.530210851560048546e-01,4.172869547240503074e-01,1.120290503471169430e+00,-1.480115023527381002e+00,2.241781834484285696e+00,1.374627416575319172e+00,-1.316448286059395567e+00,2.022080907487490808e+00,1.985929553505661471e-01,1.549724703487803446e+00,1.000000000000000000e+00
2.355999999999999872e+01,8.158926410142831598e-01,3.083378995422142443e-01,-2.526207949428383448e-01,4.188432546992751915e-01,8.164535070405684047e-01,3.089814531707433809e-01,-2.529844067063750646e-01,4.170527813131996719e-01,1.103362368763184831e+00,-1.485042530437259645e+00,2.240987378948689379e+00,1.246941276695618273e+00,-1.252752030593668353e+00,1.849512794424640338e+00,2.310872202599089098e-01,2.504463285630649239e+00,1.000000000000000000e+00
2.358000000000000185e+01,8.156059241647141134e-01,3.084838801720514723e-01,-2.527938228349726479e-01,4.191896411862995886e-01,8.165044062820293602e-01,3.085668446356304440e-01,-2.542054465629517979e-01,4.165172839767538604e-01,1.102813904426963143e+00,-1.485472799554220513e+00,2.212936647720844974e+00,1.264295874031613032e+00,-1.438926283497149239e+00,1.545205267779781622e+00,3.614330412197824249e-01,6.372195314256915211e+00,1.000000000000000000e+00
2.360000000000000142e+01,8.153183991173228451e-01,3.086287193657279437e-01,-2.529659403971883380e-01,4.195383827999564219e-01,8.161491244142465851e-01,3.090047235062372000e-01,-2.532891832024056766e-01,4.174461369342767902e-01,1.093310777993167227e+00,-1.489293476079421641e+00,2.225839185567979772e+00,1.175076342538092344e+00,-1.244967799409306464e+00,1.793439274902583369e+00,2.641444720069734409e-01,5.355310462829146800e+00,1.000000000000000000e+00
2.362000000000000099e+01,8.150303180830719141e-01,3.087773198302939393e-01,-2.531361703326915347e-01,4.198859686071035879e-01,8.157995885936730751e-01,3.091400553010847929e-01,-2.528532425730617428e-01,4.182925951760615435e-01,1.109002228803777967e+00,-1.470196312729475041e+00,2.230565839806208928e+00,1.082915959648963700e+00,-1.177561166879142585e+00,1.960295959333940852e+00,2.094939953353185391e-01,2.042272090742247581e+00,1.000000000000000000e+00
2.364000000000000057e+01,8.147434157271066235e-01,3.089249380309586068e-01,-2.533084139144624047e-01,4.202301710158790615e-01,8.157252250813092909e-01,3.094439258939196136e-01,-2.532528382244907950e-01,4.179710681669795980e-01,1.112081523301320818e+00,-1.474267399696562508e+00,2.206943374972295313e+00,1.162384896287608660e+00,-1.156623388852672685e+00,1.810904029575391316e+00,2.885327098983083149e-01,1.452511760001464314e+00,1.000000000000000000e+00
2.366000000000000014e+01,8.144568571770093302e-01,3.090732824342353746e-01,-2.534793252063097801e-01,4.205733771598365034e-01,8.157191710781009908e-01,3.098587128718130468e-01,-2.535170143723307623e-01,4.175151918395529904e-01,1.113101115447563405e+00,-1.464037199417233204e+00,2.204877019455631970e+00,1.249794430126040412e+00,-1.084610976171357821e+00,1.651370496858287185e+00,3.896831906197102402e-01,1.912573654620360220e+00,1.000000000000000000e+00
2.367999999999999972e+01,8.141696935840221361e-01,3.092219241108223882e-01,-2.536481509295357983e-01,4.209181954115641666e-01,8.148886333606268906e-01,3.101200537209085062e-01,-2.548917664622925017e-01,4.181055547221571023e-01,1.108192862416921942e+00,-1.457322101887946308e+00,2.217982876038911755e+00,1.412542934500761849e+00,-1.377745681290780011e+00,1.694640240236960471e+00,3.762557281810690046e-01,5.710876437307253362e+00,1.000000000000000000e+00
2.369999999999999929e+01,8.138807572332722451e-01,3.093743111583871497e-01,-2.538138239015515496e-01,4.212649895222018714e-01,8.149295344337190716e-01,3.095371588625245307e-01,-2.551381627065243407e-01,4.183074456923966955e-01,1.118330319008228990e+00,-1.439659338943588107e+00,2.242504191977837014e+00,1.248133274752336597e+00,-1.439275320506058886e+00,1.604604624939234059e+00,3.907455054658376947e-01,1.945067393642509579e+00,1.000000000000000000e+00
2.371999999999999886e+01,8.135888384457587996e-01,3.095275562849224005e-01,-2.539822159496749610e-01,4.216146674844911679e-01,8.150136672844924268e-01,3.098729228249569867e-01,-2.556207042107349614e-01,4.175997478665534057e-01,1.129987452925827141e+00,-1.459716865302203237e+00,2.259578838555776237e+00,1.347600866373573458e+00,-1.381799368513192627e+00,1.374517036699220984e+00,5.245449758408051721e-01,3.305240934680593767e+00,1.000000000000000000e+00
2.374000000000000199e+01,8.132993269871214848e-01,3.096790643899589024e-01,-2.541494187359764623e-01,4.219610820407729834e-01,8.144877768260558870e-01,3.099654606444190996e-01,-2.555551153658784935e-01,4.185960554266781042e-01,1.119497058102820963e+00,-1.449078474386393589e+00,2.238132457665379160e+00,1.280307959158955455e+00,-1.408248250922445433e+00,1.575739643312057181e+00,4.407507950601482483e-01,2.284907763690147142e+00,1.000000000000000000e+00
2.376000000000000156e+01,8.130100815404190939e-01,3.098309789594285157e-01,-2.543166967779055265e-01,4.223060377624953121e-01,8.139600851806546578e-01,3.101406291778739943e-01,-2.555959820561478635e-01,4.194668804835575138e-01,1.123225385109845265e+00,-1.445470649733430424e+00,2.231149715822149382e+00,1.250664533504323161e+00,-1.436908659143291800e+00,1.741228519096456262e+00,3.747649372860520911e-01,1.453762236220546678e+00,1.000000000000000000e+00
2.378000000000000114e+01,8.127233485760312348e-01,3.099823300888704947e-01,-2.544829593256461853e-01,4.226465865529956401e-01,8.131347152546006818e-01,3.109026036302738327e-01,-2.558685464240603169e-01,4.203365233412094115e-01,1.120104938934405547e+00,-1.430619393336961753e+00,2.205523736569926729e+00,1.382989390602122670e+00,-1.468752088352287100e+00,1.948510606195113404e+00,3.295852310042281519e-01,3.073409978178197832e+00,1.000000000000000000e+00
2.380000000000000071e+01,8.124353142246798498e-01,3.101355752252881737e-01,-2.546463128650398589e-01,4.229894094709294450e-01,8.129734136430134539e-01,3.107201135850772844e-01,-2.558329861665545324e-01,4.208048513413386038e-01,1.120875576312141186e+00,-1.418423445391473470e+00,2.227192984269174669e+00,1.268726162144075298e+00,-1.463636005943548479e+00,1.965990916102089203e+00,2.990757958639314595e-01,6.691835602078631817e-01,1.000000000000000000e+00
2.382000000000000028e+01,8.121460687515132948e-01,3.102871717740640078e-01,-2.548134290044670736e-01,4.233329073470430415e-01,8.126366063835768205e-01,3.104804128517713036e-01,-2.562720860650453680e-01,4.213647791458694503e-01,1.123487722857346105e+00,-1.442899862979301062e+00,2.224178818166824279e+00,1.203759293349510484e+00,-1.575084045925970733e+00,1.979430436411596883e+00,2.871469118441545287e-01,8.408711936721091629e-01,1.000000000000000000e+00
2.383999999999999986e+01,8.118583295690233737e-01,3.104371502321845999e-01,-2.549755550771377610e-01,4.236771114636955216e-01,8.121469481779312050e-01,3.110600339811809278e-01,-2.574080124689923643e-01,4.211889183509726076e-01,1.100145835204309419e+00,-1.422660942217092384e+00,2.230320641660495706e+00,1.429551510646083656e+00,-1.689256075589294248e+00,1.862589089944839849e+00,4.064246463243883500e-01,3.882542585520721623e+00,1.000000000000000000e+00
2.385999999999999943e+01,8.115688529656461814e-01,3.105858367957444188e-01,-2.551413077202837054e-01,4.240228153916909548e-01,8.118573722460601383e-01,3.107831378362715946e-01,-2.574036338049549011e-01,4.219535728849420630e-01,1.103839146480779521e+00,-1.447872259315494459e+00,2.233176929452819870e+00,1.289046478577948518e+00,-1.720833300156564105e+00,1.946162904879379374e+00,3.536047919886563529e-01,1.385884314835287734e+00,1.000000000000000000e+00
2.387999999999999901e+01,8.112797127323676527e-01,3.107368691019791185e-01,-2.553026918431107739e-01,4.243681908758574206e-01,8.122311490043840898e-01,3.103405128940022739e-01,-2.569460278651054530e-01,4.218389093102369314e-01,1.104015085612645164e+00,-1.420783756747388438e+00,2.242035504436765248e+00,1.081058009848276269e+00,-1.572375280085412719e+00,1.810499047413572926e+00,3.652605961049436578e-01,4.184444464488254134e+00,1.000000000000000000e+00
2.390000000000000213e+01,8.109904274991683870e-01,3.108859540195035298e-01,-2.554674528927640131e-01,4.247126447500506052e-01,8.117437060115764158e-01,3.108332831108336913e-01,-2.577013453327549608e-01,4.219536022773358042e-01,1.104780154479282794e+00,-1.439786949730471832e+00,2.229243307991773282e+00,1.238103141954171704e+00,-1.642703404195179129e+00,1.780562649525288199e+00,4.159027663086631299e-01,1.525039854297980391e+00,1.000000000000000000e+00
2.392000000000000171e+01,8.106996439775663310e-01,3.110342510784963044e-01,-2.556310937440849917e-01,4.250606142915254737e-01,8.113112288386211679e-01,3.102011006687035444e-01,-2.579367206029167803e-01,4.231052059108988961e-01,1.095916211776945204e+00,-1.444954335800884948e+00,2.250067439495134103e+00,1.047164886400335782e+00,-1.796966362677881346e+00,1.917731375854458076e+00,3.661145880015994614e-01,3.952979641453896242e+00,1.000000000000000000e+00
2.394000000000000128e+01,8.104084983529309394e-01,3.111793240917248293e-01,-2.557928414651651772e-01,4.254121722639607750e-01,8.110906870223500986e-01,3.101269640960696572e-01,-2.583278788100518142e-01,4.233436790548153472e-01,1.071719538972182750e+00,-1.450937990080994000e+00,2.266269068125484676e+00,1.030279739411189333e+00,-1.836970919948974101e+00,1.872365816924469462e+00,4.015274819944855134e-01,1.971538544903851387e-01,1.000000000000000000e+00
2.396000000000000085e+01,8.101173929697313980e-01,3.113216811185461896e-01,-2.559547177412572205e-01,4.257649620852349548e-01,8.108245245712452087e-01,3.109842415952688843e-01,-2.583258508780698626e-01,4.232258812990422059e-01,1.057544619736402236e+00,-1.460292260866108194e+00,2.267681111417633399e+00,1.181400246788718800e+00,-1.679681981452680883e+00,1.851419559490390387e+00,4.080990995624564910e-01,2.400584550739020884e+00,1.000000000000000000e+00
2.398000000000000043e+01,8.098291855762927982e-01,3.114618230098849527e-01,-2.561158084470977481e-01,4.261137355914346170e-01,8.107938274949960666e-01,3.106680025010639667e-01,-2.586061964210113473e-01,4.233457176949720346e-01,1.046067125904107442e+00,-1.450635644738801133e+00,2.240122075930170986e+00,1.093503128805758839e+00,-1.706966155040742006e+00,1.759382046908043007e+00,4.500496525118800606e-01,8.469994297739698030e-01,1.000000000000000000e+00
2.400000000000000000e+01,8.095436920735977759e-01,3.115989078928855793e-01,-2.562764304285008454e-01,4.264592857831036588e-01,8.105086988125940195e-01,3.102470388451835093e-01,-2.587077756637444215e-01,4.241376083867458013e-01,1.030625246967716846e+00,-1.446189701593672661e+00,2.214890623551305726e+00,9.476386915205244899e-01,-1.774938941429798467e+00,1.835189460343737977e+00,4.296867177423667195e-01,1.582081420912479164e+00,1.000000000000000000e+00
2.401999999999999957e+01,8.092602323008899479e-01,3.117338358537913301e-01,-2.564335495813860888e-01,4.268040846211316741e-01,8.103294755130531213e-01,3.100999098756644368e-01,-2.589679952665377427e-01,4.244287507196883302e-01,1.009534152071736246e+00,-1.430885015917365832e+00,2.209522881922485027e+00,9.009638797868166904e-01,-1.799113200691594194e+00,1.804545041150257489e+00,4.566246053614922418e-01,1.850920120666217639e-01,1.000000000000000000e+00
2.403999999999999915e+01,8.089779776272435496e-01,3.118678132333876363e-01,-2.565870673926913259e-01,4.271488916408169301e-01,8.103240121304456922e-01,3.103469658049272106e-01,-2.586550577828158337e-01,4.244494283938441415e-01,9.941553728717958949e-01,-1.414755176442519025e+00,2.211649580116320735e+00,8.784556545006576567e-01,-1.639094053392397665e+00,1.771885039558370734e+00,4.538822859565598278e-01,1.358921782292503044e+00,1.000000000000000000e+00
2.406000000000000227e+01,8.086960976463755113e-01,3.120022226764662121e-01,-2.567420040341987786e-01,4.274912608007002124e-01,8.094788156373323718e-01,3.105814380311788248e-01,-2.594502394925418676e-01,4.254042672707099570e-01,1.002544909048745714e+00,-1.415367184593399719e+00,2.197532758038105882e+00,9.721903920420793543e-01,-1.825266288478719634e+00,1.925537540101419642e+00,4.336556250470066098e-01,3.352678382841427052e+00,1.000000000000000000e+00
2.408000000000000185e+01,8.084135690898498483e-01,3.121358155268912360e-01,-2.568940608317922814e-01,4.278366224227709846e-01,8.089780514790694266e-01,3.108380514601931655e-01,-2.598888255179854223e-01,4.259014162461083330e-01,9.884649459286027895e-01,-1.410327099326432743e+00,2.216933780526131326e+00,1.032647915868726063e+00,-1.876163431110361213e+00,1.976150233378397569e+00,4.395970053011178380e-01,4.403551698223551747e-01,1.000000000000000000e+00
2.410000000000000142e+01,8.081316780759194573e-01,3.122662596316353456e-01,-2.570491190247817803e-01,4.281807146456393376e-01,8.091512842566542796e-01,3.108741769898488161e-01,-2.599790589262488960e-01,4.254906981198448568e-01,9.819659962083286953e-01,-1.428739165113513510e+00,2.199488929555076133e+00,1.018436796003513001e+00,-1.769643972504658880e+00,1.790769942551906135e+00,4.968341274196169111e-01,2.295679406115798127e+00,1.000000000000000000e+00
2.412000000000000099e+01,8.078499646962282732e-01,3.123968115872439166e-01,-2.572030334213972202e-01,4.285245223429555717e-01,8.094300366093655219e-01,3.106395975633012285e-01,-2.595049226576769397e-01,4.254212634280340466e-01,9.797605325788095731e-01,-1.422407830974953935e+00,2.199940983407459250e+00,8.648861610468346894e-01,-1.604290447477233927e+00,1.694047907801930597e+00,5.190045565593764954e-01,3.013712607427477153e+00,1.000000000000000000e+00
2.414000000000000057e+01,8.075709568277642525e-01,3.125287353954601666e-01,-2.573560623142271964e-01,4.288622114741744151e-01,8.090248204335962479e-01,3.110171114881514765e-01,-2.594295818045784241e-01,4.259618390990626557e-01,9.881103128203255759e-01,-1.400002240172822932e+00,2.168584214105084396e+00,8.909360242587877066e-01,-1.549182803710145828e+00,1.798920901728316757e+00,4.740046784303617033e-01,7.356860680411755338e-01,1.000000000000000000e+00
2.416000000000000014e+01,8.072938246028767972e-01,3.126573859953138967e-01,-2.575101133361731298e-01,4.291976016594552523e-01,8.088883246824181139e-01,3.112519686463525725e-01,-2.593876487032901190e-01,4.260750378823190965e-01,9.755078742334500896e-01,-1.405892258711725962e+00,2.146681299811491694e+00,8.980815239498544100e-01,-1.468825305697218475e+00,1.777128281915342001e+00,4.833699399955992404e-01,3.491649302612997441e-01,1.000000000000000000e+00
2.417999999999999972e+01,8.070170613493683476e-01,3.127831656622145351e-01,-2.576642347511793885e-01,4.295338125217187386e-01,8.084935183951151849e-01,3.114015414945111027e-01,-2.594966153231650918e-01,4.266483532181407079e-01,9.605297933463977644e-01,-1.414203597780944399e+00,2.145208011127271330e+00,8.944609728476768939e-01,-1.480560994409910291e+00,1.855808110174372194e+00,4.550933534298748917e-01,3.170681161962725647e-01,1.000000000000000000e+00
2.419999999999999929e+01,8.067387935329388693e-01,3.129031871925873065e-01,-2.578221844413585706e-01,4.298742091166028456e-01,8.078526280252691372e-01,3.117379430092124259e-01,-2.606428683985889672e-01,4.269178860553948796e-01,9.398434244684337191e-01,-1.455798597029279051e+00,2.152903594540059640e+00,1.071428784929578937e+00,-1.667149688470395130e+00,1.831243452979383957e+00,5.033499460939794279e-01,3.336832110026303866e+00,1.000000000000000000e+00
2.421999999999999886e+01,8.064601321039039927e-01,3.130248715287723416e-01,-2.579780794379129549e-01,4.302148250128941531e-01,8.071908841980961480e-01,3.124786764260601424e-01,-2.609193520347002915e-01,4.274588225552322096e-01,9.428503760335418260e-01,-1.443180368715175854e+00,2.161026711322321603e+00,1.214589355406971771e+00,-1.656844169251134646e+00,1.953364170290587953e+00,4.735694410635438723e-01,1.775739999356187093e+00,1.000000000000000000e+00
2.424000000000000199e+01,8.061794590115237691e-01,3.131472784943684640e-01,-2.581344706887633844e-01,4.305578438278525599e-01,8.069956733835188523e-01,3.130313328990089738e-01,-2.607122884592310563e-01,4.275493777449588251e-01,9.474688066176619738e-01,-1.450975241544564476e+00,2.177266560698841058e+00,1.258532839296915062e+00,-1.509110995703346392e+00,1.959410048141088545e+00,4.637162937411435926e-01,1.189640695520039371e+00,1.000000000000000000e+00
2.426000000000000156e+01,8.058967568341375287e-01,3.132704600036741449e-01,-2.582939790810283576e-01,4.309016785576438302e-01,8.068074818249981739e-01,3.118130024166396730e-01,-2.604391358540165125e-01,4.289589669312662834e-01,9.611700483222439528e-01,-1.467927733683024760e+00,2.181593678548268134e+00,8.665392298641682034e-01,-1.636574404887317424e+00,2.114407471863737786e+00,3.857063935016062928e-01,9.696566124558950506e+00,1.000000000000000000e+00
2.428000000000000114e+01,8.056162583586493620e-01,3.133913685002697735e-01,-2.584540503803804956e-01,4.312421573312540390e-01,8.063049987702102239e-01,3.127707292560384933e-01,-2.605909012757971488e-01,4.291143228221181993e-01,9.530753718746716174e-01,-1.466853809925274810e+00,2.156282803107334445e+00,1.059722426574530418e+00,-1.541225670657343949e+00,2.156314698091622795e+00,3.615245848424123998e-01,2.408382874678603791e+00,1.000000000000000000e+00
2.430000000000000071e+01,8.053340147609622246e-01,3.135139733590606159e-01,-2.586128850024286274e-01,4.315848571119298982e-01,8.058005261266536490e-01,3.125762078843616898e-01,-2.613820576453407818e-01,4.297220570319010280e-01,9.576944868002374989e-01,-1.463526347181566933e+00,2.175579137160882581e+00,1.059298134604492514e+00,-1.727610548573136784e+00,2.163992309501428402e+00,4.008312274165218292e-01,1.739931420114400273e+00,1.000000000000000000e+00
2.432000000000000028e+01,8.050515183643626171e-01,3.136391137144267649e-01,-2.587724202654175243e-01,4.319252176449546177e-01,8.052594133596830961e-01,3.130720944350919299e-01,-2.613864454509156054e-01,4.303722423857972434e-01,9.750466473234844500e-01,-1.456662073367259946e+00,2.167908835122068112e+00,1.111112805746773846e+00,-1.687481340224177062e+00,2.286138721275891239e+00,3.552264161231113437e-01,9.607481387738958656e-01,1.000000000000000000e+00
2.433999999999999986e+01,8.047689004874231111e-01,3.137599659436355326e-01,-2.589316342691075912e-01,4.322685616072975967e-01,8.045868677333662955e-01,3.134314913004455083e-01,-2.608601076005467867e-01,4.316858542908493246e-01,9.502670772498456042e-01,-1.471333663642661049e+00,2.176190341537655559e+00,1.047280038941588831e+00,-1.618832210084550249e+00,2.576794842567249777e+00,2.348313552071381316e-01,4.663441684504070039e+00,1.000000000000000000e+00
2.435999999999999943e+01,8.044872463082944902e-01,3.138796091460755999e-01,-2.590905709295482917e-01,4.326106072959898241e-01,8.047497513932688751e-01,3.130123916787421190e-01,-2.610428489057045609e-01,4.315758465475325600e-01,9.441989976855824640e-01,-1.469285619147095989e+00,2.166522121213294572e+00,9.356987708894770606e-01,-1.611531106615607500e+00,2.390084552665588724e+00,2.736579077206706678e-01,2.368232645931238167e+00,1.000000000000000000e+00
2.437999999999999901e+01,8.042082418247680220e-01,3.139958981986076259e-01,-2.592445676438361324e-01,4.329525768981235534e-01,8.042410026682488278e-01,3.136648316194154962e-01,-2.612769744150833517e-01,4.319087006218250147e-01,9.118416854089824719e-01,-1.450759164603756535e+00,2.163508491547164070e+00,1.064500723116977188e+00,-1.578172484103727902e+00,2.430398428237320108e+00,2.645808594673975112e-01,9.664023827780074960e-01,1.000000000000000000e+00
2.440000000000000213e+01,8.039304496195263106e-01,3.141131020854420197e-01,-2.593989149333813526e-01,4.332908886697151574e-01,8.035580628597732700e-01,3.140785706712800884e-01,-2.620008100626264325e-01,4.324403618820312212e-01,9.201789204259549493e-01,-1.441723821376100556e+00,2.144374966175531583e+00,1.193533648769715239e+00,-1.691888583575229088e+00,2.473599587867569838e+00,3.165947913985611706e-01,1.572366123224809620e+00,1.000000000000000000e+00
2.442000000000000171e+01,8.036487496221667026e-01,3.142362956994308454e-01,-2.595547083251747433e-01,4.336307081861956458e-01,8.034259460867326785e-01,3.141487235601601591e-01,-2.616549470692896007e-01,4.328441027833554444e-01,9.561508647641904224e-01,-1.442036376179522295e+00,2.167320907619931347e+00,1.105217761007313060e+00,-1.585602794186790288e+00,2.492131983803123951e+00,2.584557500462511537e-01,9.719950232170448956e-01,1.000000000000000000e+00
2.444000000000000128e+01,8.033671028541665704e-01,3.143583291639156507e-01,-2.597135765503427729e-01,4.339688895444045458e-01,8.030711639883416630e-01,3.138732639292075022e-01,-2.626078518519127103e-01,4.331251503971572658e-01,9.607886979357744828e-01,-1.456048504855101067e+00,2.152384285348796666e+00,1.114312887884046699e+00,-1.775611626779699082e+00,2.389230906484592243e+00,3.515477930040083465e-01,2.338745327256981810e+00,1.000000000000000000e+00
2.446000000000000085e+01,8.030854560124106589e-01,3.144799482815763825e-01,-2.598752509295033097e-01,4.343051535780840244e-01,8.031022967674936730e-01,3.134539776894181284e-01,-2.623447060590103908e-01,4.335303449590003355e-01,9.687120703274946232e-01,-1.466542099128942844e+00,2.137888264341568867e+00,9.309118763143749975e-01,-1.722728718069304277e+00,2.357150341427622475e+00,3.190390618349492891e-01,1.873090216297580657e+00,1.000000000000000000e+00
2.448000000000000043e+01,8.028014458348952109e-01,3.146024361982426298e-01,-2.600361046061830383e-01,4.346451081109447556e-01,8.025874581501915017e-01,3.129184614932060127e-01,-2.631033535498824016e-01,4.344099835725985792e-01,9.694307710916010290e-01,-1.470772490289307788e+00,2.163522793516701626e+00,8.509612940419580829e-01,-1.951972347960510890e+00,2.390889549398522718e+00,4.026205673902024662e-01,3.004159876236449200e+00,1.000000000000000000e+00
2.450000000000000000e+01,8.025192571236690053e-01,3.147235769941966188e-01,-2.601980447893615933e-01,4.349814818097959002e-01,8.021270419301768095e-01,3.135412642721425724e-01,-2.633890789544429678e-01,4.346380992164642909e-01,9.679919741882503370e-01,-1.469956496184877448e+00,2.138550381422982483e+00,9.856330714536244431e-01,-1.906181632533457737e+00,2.400761063717002486e+00,3.945066102661756169e-01,1.016537500239889313e+00,1.000000000000000000e+00
2.451999999999999957e+01,8.022386665692275987e-01,3.148414988150427529e-01,-2.603574241167374570e-01,4.353182332414100020e-01,8.018658332532818678e-01,3.139772840843879642e-01,-2.640942481032143574e-01,4.343773459318631680e-01,9.433635120557587461e-01,-1.464502525080047413e+00,2.136123101435349003e+00,1.138705043028265917e+00,-1.913338559933805527e+00,2.251425453560409906e+00,4.545547565111167643e-01,2.289170175250181849e+00,1.000000000000000000e+00
2.453999999999999915e+01,8.019568439745291544e-01,3.149584878778624586e-01,-2.605185962762423535e-01,4.356563236203039868e-01,8.018278735042478900e-01,3.135429223313052627e-01,-2.638927881607109338e-01,4.348833101929381884e-01,9.437728935642392125e-01,-1.479322955149261709e+00,2.140724964311878420e+00,9.565652095369072683e-01,-1.880226840490198503e+00,2.245876914549759018e+00,4.288112932882479078e-01,1.715105077084489782e+00,1.000000000000000000e+00
2.456000000000000227e+01,8.016755465258470492e-01,3.150738402294062102e-01,-2.606815465645887508e-01,4.359930327267551031e-01,8.014486400604138305e-01,3.135277577167797647e-01,-2.640808834111408876e-01,4.354787130310656118e-01,9.418049507596294445e-01,-1.488302191833114740e+00,2.127415528750552287e+00,9.238959838251092904e-01,-1.908175913854713190e+00,2.290974375439707611e+00,4.327540839257263960e-01,1.941104014595397831e-01,1.000000000000000000e+00
2.458000000000000185e+01,8.013929836802666795e-01,3.151856451294297590e-01,-2.608489426714672987e-01,4.363314381517361951e-01,8.008450074181199252e-01,3.144286558364895456e-01,-2.641480648308836554e-01,4.358987202647299775e-01,9.363672107108622633e-01,-1.522536991361590486e+00,2.125043971576992430e+00,1.084685379360851742e+00,-1.816414578207780517e+00,2.391419224100530538e+00,3.960423282070663631e-01,2.218125514719239355e+00,1.000000000000000000e+00
2.460000000000000142e+01,8.011111616307711181e-01,3.152965160120586585e-01,-2.610189816438083787e-01,4.366670412601384998e-01,8.004714654934828033e-01,3.152168681673231942e-01,-2.637562743456224323e-01,4.362526638277606228e-01,9.415361111685452977e-01,-1.530839316782937942e+00,2.104156105239533670e+00,1.155497458521928200e+00,-1.632280523767308145e+00,2.478305452149123234e+00,3.257312254060549250e-01,2.323443247844386050e+00,1.000000000000000000e+00
2.462000000000000099e+01,8.008292313054002909e-01,3.154082117092547599e-01,-2.611888237670828561e-01,4.370018313603953319e-01,8.001031947441690217e-01,3.154579041656330740e-01,-2.637557595991200654e-01,4.367540357431073939e-01,9.462410127905401813e-01,-1.526565372811917731e+00,2.102284416300065573e+00,1.149411054606938265e+00,-1.599741134113884744e+00,2.524851703759764199e+00,3.070575914690603647e-01,1.631202463888690168e-01,1.000000000000000000e+00
2.464000000000000057e+01,8.005469490747946226e-01,3.155172121539503993e-01,-2.613585547476731663e-01,4.373387440209760557e-01,7.995449170332367128e-01,3.148161223596630531e-01,-2.647086927091585329e-01,4.376620188603858042e-01,9.310553287640110920e-01,-1.537166299558292870e+00,2.109072116529136842e+00,1.062838853021195185e+00,-1.888202666810713248e+00,2.539089508658465277e+00,4.103520336472197272e-01,4.545368043081497333e+00,1.000000000000000000e+00
2.466000000000000014e+01,8.002668974866805618e-01,3.156237189126961940e-01,-2.615214259646873596e-01,4.376769409143676515e-01,7.993744039553374314e-01,3.148852352673512378e-01,-2.653181029643540412e-01,4.375547453188807778e-01,8.964727151434203067e-01,-1.510931836481155699e+00,2.118039876958210943e+00,1.115667943438918730e+00,-1.921522743664986210e+00,2.387928711039996266e+00,4.550830538718697582e-01,1.337532270388278821e+00,1.000000000000000000e+00
2.467999999999999972e+01,7.999878173520847957e-01,3.157288636332068466e-01,-2.616847446734024696e-01,4.380135513455576945e-01,7.990735432064393073e-01,3.153006374197756534e-01,-2.649025949309795069e-01,4.380566125388628551e-01,8.919700844567410858e-01,-1.512074683563777722e+00,2.105479396729280861e+00,1.095501835038428684e+00,-1.774327479153003040e+00,2.473970405813973095e+00,3.864930579610187933e-01,1.473810885181034092e+00,1.000000000000000000e+00
2.469999999999999929e+01,7.997080705864317851e-01,3.158290892221873869e-01,-2.618513787590617814e-01,4.383524195005528146e-01,7.986333993055367841e-01,3.154394589332775167e-01,-2.642412114451525018e-01,4.391574016631876742e-01,8.755639964170640610e-01,-1.544699951750790667e+00,2.104127922300207398e+00,9.693905517952680073e-01,-1.669700368843439309e+00,2.687312016948405269e+00,3.172765173834006247e-01,3.618266315023637603e+00,1.000000000000000000e+00
2.471999999999999886e+01,7.994259196750773677e-01,3.159332268996547510e-01,-2.620184654845709171e-01,4.386920546779242147e-01,7.980736070270076921e-01,3.162829299975536412e-01,-2.645653990228134522e-01,4.393731621286893207e-01,8.978256872028931301e-01,-1.541943355774289204e+00,2.118730818981560127e+00,1.153868772090848482e+00,-1.624326030359555251e+00,2.704096788080762259e+00,3.418945537129843837e-01,1.818631029876217386e+00,1.000000000000000000e+00
2.474000000000000199e+01,7.991435461006516361e-01,3.160382853654087887e-01,-2.621870532734771886e-01,4.390300035359077091e-01,7.981424478094931718e-01,3.159280588727559902e-01,-2.644841612483398441e-01,4.395522984473238526e-01,9.087508473318397506e-01,-1.543786125495414607e+00,2.110231681916656665e+00,1.011824106619824359e+00,-1.587448953437716748e+00,2.601206003573221182e+00,2.935836699696410812e-01,1.606149866355735423e+00,1.000000000000000000e+00
2.476000000000000156e+01,7.988586326960115391e-01,3.161451271254130391e-01,-2.623561156981686349e-01,4.393704725145793355e-01,7.972818541517857627e-01,3.163825967465964673e-01,-2.651222412844075338e-01,4.404019694466676516e-01,9.189233014743055650e-01,-1.549852303958170197e+00,2.129978980570149449e+00,1.135770033704143644e+00,-1.714553604302768264e+00,2.726661087821235618e+00,3.844895967589908037e-01,2.362850482665906693e+00,1.000000000000000000e+00
2.478000000000000114e+01,7.985742904005209697e-01,3.162526111125886219e-01,-2.625216689967775907e-01,4.397109982510336024e-01,7.973205027507382914e-01,3.165059325987275018e-01,-2.648991642577921413e-01,4.403776144386124525e-01,9.119091414059553591e-01,-1.531418178798011454e+00,2.136122796955031156e+00,1.086457451447817579e+00,-1.582287700064318736e+00,2.628201376599219596e+00,3.186597604306382614e-01,1.481011393187578129e+00,1.000000000000000000e+00
2.480000000000000071e+01,7.982900143751519018e-01,3.163606983484112400e-01,-2.626870058141670405e-01,4.400505635331161680e-01,7.967715343434963460e-01,3.165768783572933120e-01,-2.653199659696568458e-01,4.410663417302689848e-01,9.154484832208449330e-01,-1.527067853471983927e+00,2.132860917638735643e+00,1.097080845763209744e+00,-1.676576917121514354e+00,2.680622785743165704e+00,3.680656758580460042e-01,5.875642103837410701e-01,1.000000000000000000e+00
2.482000000000000028e+01,7.980064930264190171e-01,3.164670000184792720e-01,-2.628494643380874241e-01,4.403912284368982077e-01,7.956548527285481898e-01,3.172419351226235529e-01,-2.651932189896804015e-01,4.426776101533221874e-01,8.970015312596245627e-01,-1.519262217533771331e+00,2.138517472860444801e+00,1.147281687822805152e+00,-1.705380954969565099e+00,3.047900307361954830e+00,4.704048036027417834e-01,6.912109408100990393e+00,1.000000000000000000e+00
2.483999999999999986e+01,7.977239806490903362e-01,3.165721785662143350e-01,-2.630120246625847757e-01,4.407302818483186391e-01,7.949461288087283917e-01,3.179269296990903659e-01,-2.655557973052388721e-01,4.432417378606229308e-01,8.927206589870784192e-01,-1.518120077211696950e+00,2.126727420384451950e+00,1.287102557620148024e+00,-1.718157124723914242e+00,3.119522503561090954e+00,5.414986939818065004e-01,1.242137604174722965e+00,1.000000000000000000e+00
2.485999999999999943e+01,7.974427204229924682e-01,3.166752555865986474e-01,-2.631732716258331495e-01,4.410688373092062076e-01,7.948085330818758232e-01,3.181570329682831266e-01,-2.660281957588028767e-01,4.430400627193569751e-01,8.782780760425709099e-01,-1.514633851078685645e+00,2.120504860737203678e+00,1.350935657904596576e+00,-1.704806223673464460e+00,2.943061206504383520e+00,5.272577411179270035e-01,1.769570134756930369e+00,1.000000000000000000e+00
2.487999999999999901e+01,7.971612639478498075e-01,3.167769920691069774e-01,-2.633381752925411656e-01,4.414060058385141927e-01,7.940862263008692246e-01,3.181663164946219591e-01,-2.668443564630770259e-01,4.438370755933930822e-01,8.838415326171316089e-01,-1.532508540040949496e+00,2.106007765225317740e+00,1.387662404521458948e+00,-1.895705950982476296e+00,2.986819557070244269e+00,6.233355123092524375e-01,1.985311569168111800e+00,1.000000000000000000e+00
2.490000000000000213e+01,7.968791407803957894e-01,3.168768066316388632e-01,-2.635042917048968647e-01,4.417445106179971326e-01,7.938124946003330962e-01,3.182947867202630676e-01,-2.672091082571347309e-01,4.440151400881789945e-01,8.773243677191219225e-01,-1.546339511300267811e+00,2.108696106965975758e+00,1.402524186272104956e+00,-1.903146207602894657e+00,2.904901176310090261e+00,6.307376598700017434e-01,3.493416897963558809e-01,1.000000000000000000e+00
2.492000000000000171e+01,7.965968144925033023e-01,3.169787316062471216e-01,-2.636698590952987753e-01,4.420816714752563437e-01,7.938279514609359877e-01,3.176833865121803657e-01,-2.674559214188703127e-01,4.442766925143267209e-01,8.879682586226224084e-01,-1.536358002895227282e+00,2.107257173145967055e+00,1.235283897061526082e+00,-1.954870271365619194e+00,2.772650261929749504e+00,5.989049584840249185e-01,2.406743165092146697e+00,1.000000000000000000e+00
2.494000000000000128e+01,7.963138704763048636e-01,3.170825838687540421e-01,-2.638348060163603903e-01,4.424184103633920229e-01,7.935063778033117909e-01,3.182030610856821373e-01,-2.678937047961924001e-01,4.442154918862464275e-01,8.969524695800248359e-01,-1.528811223422952281e+00,2.110934361592133435e+00,1.358168038841123693e+00,-1.916654737534711828e+00,2.678958235435325630e+00,6.154080432022032143e-01,1.266954050177932611e+00,1.000000000000000000e+00
2.496000000000000085e+01,7.960345973231189864e-01,3.171862018783430104e-01,-2.639971841455763801e-01,4.427497261047345645e-01,7.933776372816844225e-01,3.184792046217362338e-01,-2.676661023848919685e-01,4.443847190429918714e-01,8.909010514336044295e-01,-1.502283196903743345e+00,2.081198597401281880e+00,1.328404192140575812e+00,-1.784317767897205975e+00,2.647825565799989178e+00,5.714145432140144143e-01,9.684078195247783905e-01,1.000000000000000000e+00
2.498000000000000043e+01,7.957532762879141464e-01,3.172959987168801343e-01,-2.641592062326446055e-01,4.430799998170167342e-01,7.935560320655716815e-01,3.181991656130133683e-01,-2.672224329895709349e-01,4.445337853107026449e-01,9.234770078536553850e-01,-1.486188933452930572e+00,2.091634068456341478e+00,1.148263429687187420e+00,-1.654462123130931772e+00,2.561934787451134010e+00,4.744210603649332558e-01,2.834514495619597785e+00,1.000000000000000000e+00
2.500000000000000000e+01,7.954724355770815825e-01,3.174056036059549890e-01,-2.643212482157838439e-01,4.434090264961403904e-01,7.932844787811876852e-01,3.190477313482543154e-01,-2.664457488924671935e-01,4.448763240986462475e-01,9.236665502934391370e-01,-1.483772888061282602e+00,2.084402360626703921e+00,1.177774115071844818e+00,-1.389370323566668119e+00,2.662917151331050558e+00,4.310565336629121336e-01,4.067088818872251821e+00,1.000000000000000000e+00
2.501999999999999957e+01,7.951888252785394018e-01,3.175140623596440226e-01,-2.644864478999153223e-01,4.437414463776153672e-01,7.930371484020227735e-01,3.194125380281235271e-01,-2.668352547191594759e-01,4.448220527849109929e-01,9.263630119195314094e-01,-1.511441899930906496e+00,2.099425540806358459e+00,1.262055068369396738e+00,-1.377938756479173854e+00,2.560502730312165909e+00,4.426045449951270805e-01,8.861312049949274794e-01,1.000000000000000000e+00
2.503999999999999915e+01,7.949031406511841702e-01,3.176232978568990228e-01,-2.646533014403955053e-01,4.440755202418735226e-01,7.929353549933775280e-01,3.187567146166543908e-01,-2.669306773865546267e-01,4.454163144276129804e-01,9.353740056279622461e-01,-1.523154587578969155e+00,2.110403469747340388e+00,1.063593540860737097e+00,-1.460761231214789069e+00,2.527971475349785280e+00,3.992820573761482472e-01,2.365236415971245787e+00,1.000000000000000000e+00
2.506000000000000227e+01,7.946178489924998756e-01,3.177298971254211013e-01,-2.648181047804898935e-01,4.444114736543957056e-01,7.932626311962813759e-01,3.183881792245824016e-01,-2.662935244072460739e-01,4.454785338670937400e-01,9.145857497553591120e-01,-1.523349174211810153e+00,2.117697542520339038e+00,8.509711578949590294e-01,-1.300995724508628548e+00,2.423802261663107860e+00,2.708202167215700285e-01,4.079216989152394390e+00,1.000000000000000000e+00
2.508000000000000185e+01,7.943325969529810848e-01,3.178373847606149050e-01,-2.649834054806086692e-01,4.447459017083409405e-01,7.930913719854674193e-01,3.177341087496395322e-01,-2.670051679865136918e-01,4.458243511606052589e-01,9.221390461910149439e-01,-1.520514562150823368e+00,2.111094461640358855e+00,7.573419138294559261e-01,-1.490026736992286605e+00,2.310175838220863920e+00,2.988596644177869410e-01,2.870499865909704518e+00,1.000000000000000000e+00
2.510000000000000142e+01,7.940477331421070817e-01,3.179457146606126106e-01,-2.651438131662190445e-01,4.450814289099362386e-01,7.931944249133049407e-01,3.174773884811833979e-01,-2.662885044294467374e-01,4.462523327651610194e-01,9.111281763446577031e-01,-1.497511459070300255e+00,2.125296910130825445e+00,5.642392172640769976e-01,-1.344038505326148103e+00,2.321950083297301681e+00,2.182901335924516684e-01,2.936986610005568821e+00,1.000000000000000000e+00
2.512000000000000099e+01,7.937624284911062311e-01,3.180542189592134861e-01,-2.653022368960538113e-01,4.454182798405296184e-01,7.930076392414823205e-01,3.173125317997366746e-01,-2.662578509987429398e-01,4.467195966700179821e-01,9.056543873604038231e-01,-1.491121735245034996e+00,2.136322593779772738e+00,4.900541275618063297e-01,-1.347058242517062299e+00,2.325528765796989195e+00,2.212071731995662316e-01,2.762673135715179584e-01,1.000000000000000000e+00
2.514000000000000057e+01,7.934779258121622547e-01,3.181608556290083101e-01,-2.654592357701930916e-01,4.457553649015915109e-01,7.927214386107646060e-01,3.170012813819115260e-01,-2.664242633206253541e-01,4.473488798277784895e-01,8.917068963421302952e-01,-1.488615504569595016e+00,2.135098332747813021e+00,4.094139610735340606e-01,-1.422057918222249917e+00,2.346301468465473050e+00,2.659772463057017422e-01,6.279644163167823478e-01,1.000000000000000000e+00
2.516000000000000014e+01,7.931937136159817880e-01,3.182689102295211958e-01,-2.656171624911858875e-01,4.460898524417829525e-01,7.922694904094752522e-01,3.175867158531457402e-01,-2.664571744110580953e-01,4.477145370487749521e-01,9.039441584150403886e-01,-1.484035479858849094e+00,2.123012580867458254e+00,5.186012296495930984e-01,-1.362324098314366960e+00,2.401047181412745868e+00,2.474965356796373361e-01,9.243539518860991455e-01,1.000000000000000000e+00
2.517999999999999972e+01,7.929079803422788286e-01,3.183780617971188054e-01,-2.657781716397110694e-01,4.464239106003293212e-01,7.915688359421075848e-01,3.175428885325167205e-01,-2.663793939720451309e-01,4.490292979024512743e-01,9.202351247866821238e-01,-1.496772227864407112e+00,2.120997413567954570e+00,4.494032500870908109e-01,-1.440077696630263082e+00,2.629836293627054289e+00,3.557941714208997519e-01,3.158923172200082785e+00,1.000000000000000000e+00
2.519999999999999929e+01,7.926197170937197001e-01,3.184872972848359352e-01,-2.659432498370069009e-01,4.467594581076079208e-01,7.916154251830580524e-01,3.177326736566169485e-01,-2.658024189622862909e-01,4.491548071401009756e-01,9.333714077772992113e-01,-1.521612845638917300e+00,2.126939938812421271e+00,3.925168922523702419e-01,-1.255758077524061544e+00,2.594162736222133780e+00,3.103632332251466397e-01,1.924117875747418882e+00,1.000000000000000000e+00
2.521999999999999886e+01,7.923310793055599044e-01,3.185965168381563184e-01,-2.661075022012787117e-01,4.470956469227556629e-01,7.914099527303645187e-01,3.178123478283481629e-01,-2.660051035359661253e-01,4.493404980412685212e-01,9.308913941556224980e-01,-1.519644174091941302e+00,2.132293783148877964e+00,4.169148170076731330e-01,-1.260458811307803018e+00,2.532327850015138715e+00,2.924497095750918096e-01,2.220455895468119167e-01,1.000000000000000000e+00
2.524000000000000199e+01,7.920411247799288290e-01,3.187054099627562587e-01,-2.662744439261424123e-01,4.474322728968491703e-01,7.909813756138402985e-01,3.178917836430337207e-01,-2.661388057524098905e-01,4.499593463825022899e-01,9.380358260078941468e-01,-1.535494937300757590e+00,2.132244487454096227e+00,4.222163205321466384e-01,-1.299097968731471431e+00,2.585128676603165143e+00,3.279313274260782785e-01,2.154510777281178902e-01,1.000000000000000000e+00
2.526000000000000156e+01,7.917526857167825893e-01,3.188107675900579419e-01,-2.664412846648069322e-01,4.477682670255534458e-01,7.906117347509072912e-01,3.181589183786201480e-01,-2.665422310234155656e-01,4.501813263690176425e-01,9.199292954984469306e-01,-1.540634419353227758e+00,2.120282605218064553e+00,5.131426848900122462e-01,-1.333081330749057880e+00,2.545045078497687019e+00,3.150690034148354579e-01,5.514582681435803435e-01,1.000000000000000000e+00
2.528000000000000114e+01,7.914622243166216098e-01,3.189153370117117636e-01,-2.666112257197669755e-01,4.481060249747769175e-01,7.905295764360281696e-01,3.179096520453020269e-01,-2.665727883819655752e-01,4.504835073679975821e-01,9.253090692577126131e-01,-1.563030059444144859e+00,2.126605901940832322e+00,4.343052238931806031e-01,-1.338413356492135664e+00,2.486205765790272970e+00,3.145562092521054787e-01,4.852921044072150969e-01,1.000000000000000000e+00
2.530000000000000071e+01,7.911694897303297447e-01,3.190233526701181099e-01,-2.667791842786181866e-01,4.484459898433728053e-01,7.903445184453429251e-01,3.179545777483141489e-01,-2.669884042711592187e-01,4.505303770413601749e-01,9.366293536776304496e-01,-1.552696921466996782e+00,2.151336914056938276e+00,4.808292641166795334e-01,-1.371992847685483019e+00,2.381795304424874082e+00,2.855906659292939409e-01,7.096813101224147546e-01,1.000000000000000000e+00
2.532000000000000028e+01,7.908767269330532201e-01,3.191345344745339374e-01,-2.669444294089787229e-01,4.487848296331977127e-01,7.902066965394196618e-01,3.179742539373057730e-01,-2.667789730454179775e-01,4.508821687737312733e-01,9.457810916266121692e-01,-1.530248275692984272e+00,2.156108689825298796e+00,4.295852094452562997e-01,-1.308118640390090182e+00,2.380844502809380092e+00,2.858227318389321980e-01,3.353385278694155924e-01,1.000000000000000000e+00
2.533999999999999986e+01,7.905860506487807360e-01,3.192432310619799929e-01,-2.671130638706849525e-01,4.491192125152143610e-01,7.901749405202675991e-01,3.181936417663613348e-01,-2.662812758323328532e-01,4.510772127411859511e-01,9.462362979233835958e-01,-1.540656252534450044e+00,2.120549049629637750e+00,3.891546545441271765e-01,-1.151578075142557278e+00,2.373395561331502979e+00,2.758846997009022362e-01,1.309753574955315081e+00,1.000000000000000000e+00
2.535999999999999943e+01,7.902989447708437254e-01,3.193463831026760458e-01,-2.672806428728470296e-01,4.494513582567166710e-01,7.899227655012338589e-01,3.190573937550246209e-01,-2.670085797937524208e-01,4.504784371639306007e-01,9.152981387381677880e-01,-1.540586560856474607e+00,2.094672767528227730e+00,6.737283202562847073e-01,-1.118274562646510262e+00,2.186442768665517900e+00,1.333372746271637432e-01,5.852133854835944504e+00,1.000000000000000000e+00
2.537999999999999901e+01,7.900099036915940731e-01,3.194505096486845996e-01,-2.674501096386052712e-01,4.497845737780389319e-01,7.893619082083966898e-01,3.190105480640830216e-01,-2.675060416820339015e-01,4.511990312013781645e-01,9.264746928416337513e-01,-1.551545966943474131e+00,2.102538566290330646e+00,6.871702761951254956e-01,-1.262440121593770836e+00,2.251204022921455827e+00,1.853864462122482015e-01,1.257919121026852105e+00,1.000000000000000000e+00
2.540000000000000213e+01,7.897225347037335474e-01,3.195534885838601236e-01,-2.676154050182367183e-01,4.501176303055902661e-01,7.886715772009199599e-01,3.185167644401287745e-01,-2.678462153770962417e-01,4.525512335572306477e-01,9.077133227723843678e-01,-1.532768704062788645e+00,2.103386171719288988e+00,5.672599505817462751e-01,-1.476032593292646800e+00,2.430701086601394945e+00,3.272389121286568558e-01,4.610969431522015327e+00,1.000000000000000000e+00
2.542000000000000171e+01,7.894312125482411124e-01,3.196588886288592724e-01,-2.677833756106139385e-01,4.504537926599812003e-01,7.884254008036335470e-01,3.186827297223109867e-01,-2.680909925198294852e-01,4.527183725828883842e-01,9.280432811277085081e-01,-1.550377406302386074e+00,2.126448783649287577e+00,6.097482290747148204e-01,-1.471097657198470410e+00,2.379061414602583469e+00,3.072143527774071070e-01,2.248130244149616486e-01,1.000000000000000000e+00
2.544000000000000128e+01,7.891406852431637198e-01,3.197653691896851780e-01,-2.679481078815659223e-01,4.507891957929148208e-01,7.886106678460479413e-01,3.186981868542741458e-01,-2.667344042590614750e-01,4.531858755960651020e-01,9.242818393348736228e-01,-1.530331364608845446e+00,2.128552144977867933e+00,3.946685677196398734e-01,-1.173934206932524926e+00,2.452593808394660346e+00,3.367696264474602796e-01,6.998609816782374260e+00,1.000000000000000000e+00
2.546000000000000085e+01,7.888515875523178789e-01,3.198686888440159248e-01,-2.681129721035603874e-01,4.511237401236976030e-01,7.883726239733018781e-01,3.190085781855955260e-01,-2.667048952284670760e-01,4.533989762611161378e-01,9.090300197753977685e-01,-1.535323848179938722e+00,2.115882198234691813e+00,4.383547137162012164e-01,-1.116752022869798466e+00,2.438077684646653420e+00,3.267081901032233282e-01,2.694493385769503591e-01,1.000000000000000000e+00
2.548000000000000043e+01,7.885613140867386850e-01,3.199704521512428679e-01,-2.682779946091554679e-01,4.514608302880940838e-01,7.886664822680613529e-01,3.195434987522142167e-01,-2.660589358423836592e-01,4.528904666810000257e-01,9.006487995121160717e-01,-1.546533999409587468e+00,2.127746997826482023e+00,4.608129855879620762e-01,-8.309128076757507086e-01,2.290733749403832675e+00,3.066568576658258438e-01,5.195926167548069685e+00,1.000000000000000000e+00
2.550000000000000000e+01,7.882711094207979219e-01,3.200732158192782784e-01,-2.684443246370398217e-01,4.517957936255868612e-01,7.884108744572120298e-01,3.201503573581930828e-01,-2.666958254646484838e-01,4.525321849335860458e-01,9.116937527127786378e-01,-1.545849077274488392e+00,2.117100367177959797e+00,6.685203432771419374e-01,-8.396920516356076725e-01,2.143764860241612169e+00,2.181760598196059997e-01,3.240957499278090292e+00,1.000000000000000000e+00
2.551999999999999957e+01,7.879829918902170327e-01,3.201756100607444089e-01,-2.686092374615959288e-01,4.521277040441920025e-01,7.880813699414713769e-01,3.209626688815048756e-01,-2.669856138792912614e-01,4.523598142155571544e-01,9.072247260168272431e-01,-1.531595763516802489e+00,2.099940002054050847e+00,8.626619070758452246e-01,-7.788900059114464147e-01,2.086363451087076548e+00,2.087696379503334865e-01,2.234135030446740000e+00,1.000000000000000000e+00
2.553999999999999915e+01,7.876941167929527587e-01,3.202828727760049232e-01,-2.687717486023245561e-01,4.524584035349201727e-01,7.876950562119072741e-01,3.217708987125537101e-01,-2.662054363691145342e-01,4.529179316482900841e-01,9.262367700809662763e-01,-1.507085326790946533e+00,2.108333856558632036e+00,8.892621104322734338e-01,-5.782229624057740880e-01,2.259125203563295159e+00,3.439914427572163813e-01,3.541067870984404564e+00,1.000000000000000000e+00
2.556000000000000227e+01,7.874058895237655564e-01,3.203879034291892136e-01,-2.689337387216418906e-01,4.527893557237576139e-01,7.870797125195915234e-01,3.214268363737100009e-01,-2.668177011930466525e-01,4.538707187392944653e-01,9.132344718655317495e-01,-1.509986365182392820e+00,2.105313752998517085e+00,8.401806776392317655e-01,-8.209649698906572590e-01,2.342373505781838450e+00,2.995366754871452430e-01,3.413140845294600823e+00,1.000000000000000000e+00
2.558000000000000185e+01,7.871159161872962606e-01,3.204940598602180057e-01,-2.690944626639393822e-01,4.531227893657016059e-01,7.868553808806645344e-01,3.212888275765415358e-01,-2.668876032997016812e-01,4.543160860662728839e-01,9.144102103465400200e-01,-1.508599054411010165e+00,2.125097637316960775e+00,7.751015703905597132e-01,-8.636982499763182775e-01,2.338624251736279636e+00,3.030448192508029548e-01,3.037737221147422950e-01,1.000000000000000000e+00
2.560000000000000142e+01,7.868251738866525180e-01,3.205996891653725700e-01,-2.692542547366401640e-01,4.534579708765986705e-01,7.869756322312555508e-01,3.215765007575472345e-01,-2.666953149357815245e-01,4.540170893546314201e-01,9.083308191310133228e-01,-1.510160186996072795e+00,2.135875104238842859e+00,7.857419546945459965e-01,-7.285433221251673697e-01,2.203940670277527047e+00,3.208070481505281846e-01,1.825985343833384178e+00,1.000000000000000000e+00
2.562000000000000099e+01,7.865332760804593093e-01,3.207039654168021281e-01,-2.694170597051049887e-01,4.537938079391724555e-01,7.868401139394042287e-01,3.217865897769208727e-01,-2.660886508887183033e-01,4.544588601884517742e-01,9.111701090554392701e-01,-1.530245050021701747e+00,2.134210827695553814e+00,7.084467183431029103e-01,-6.029052782885070405e-01,2.270502470715570098e+00,4.097643914087976680e-01,1.309497037809474573e+00,1.000000000000000000e+00
2.564000000000000057e+01,7.862404027877927248e-01,3.208121663947321456e-01,-2.695756612843097644e-01,4.541305382379999256e-01,7.866931489632893459e-01,3.217779359087291624e-01,-2.670864665246833747e-01,4.541339766367419872e-01,9.183415085714042858e-01,-1.504245112489866587e+00,2.154554621351493893e+00,8.180620420653522684e-01,-7.517788604230015714e-01,2.051482267661111525e+00,3.103252126907836694e-01,4.107437254588983677e+00,1.000000000000000000e+00
2.566000000000000014e+01,7.859478552144542052e-01,3.209194070800993615e-01,-2.697353656751291795e-01,4.544662094669537633e-01,7.858637702823563220e-01,3.215392551494888895e-01,-2.677143146730172618e-01,4.553676401268194618e-01,9.179221283082070748e-01,-1.509261958009975757e+00,2.145425858902608951e+00,7.920208263475569943e-01,-1.014271997084180699e+00,2.225542388242626846e+00,2.635234311456177148e-01,4.993878924588875279e+00,1.000000000000000000e+00
2.567999999999999972e+01,7.856549390629531393e-01,3.210239892040973042e-01,-2.698945799246745825e-01,4.548041675367086589e-01,7.857806509431539688e-01,3.212964752656500278e-01,-2.670240544418784334e-01,4.560871604580020167e-01,9.018174232090843123e-01,-1.518751921541604988e+00,2.153476098623736235e+00,5.971226365073634135e-01,-9.287480561292202896e-01,2.315108881308032718e+00,3.619360887806535310e-01,2.666088274927433055e+00,1.000000000000000000e+00
2.569999999999999929e+01,7.853618986193988682e-01,3.211263638038013846e-01,-2.700558451949585659e-01,4.551421614650946190e-01,7.860058227906471240e-01,3.209598112311303209e-01,-2.662735851766173112e-01,4.563748721729384838e-01,8.973981027507815789e-01,-1.533995138083357856e+00,2.146775215835720285e+00,3.898983214281965259e-01,-7.925462509995598870e-01,2.283938816028005636e+00,4.621815354815662080e-01,3.123221070770118679e+00,1.000000000000000000e+00
2.571999999999999886e+01,7.850680049177692910e-01,3.212265957693289375e-01,-2.702175243510445690e-01,4.554823721709481688e-01,7.854116994556757936e-01,3.213076336308883785e-01,-2.675975009544006578e-01,4.563786195820589975e-01,8.869759062424394935e-01,-1.546843982909886339e+00,2.154898530794199463e+00,6.305180751518739690e-01,-1.010056854720803310e+00,2.173979398963298060e+00,3.198824992005685486e-01,5.864990335955764245e+00,1.000000000000000000e+00
2.574000000000000199e+01,7.847755973211505420e-01,3.213242031121877340e-01,-2.703757215970233885e-01,4.558234170316812772e-01,7.848283710856062134e-01,3.222593446792834659e-01,-2.685570281200446163e-01,4.561474162519418285e-01,8.620566201310311261e-01,-1.537265928238443768e+00,2.157117233400124956e+00,9.495360275959143781e-01,-1.064250884989113244e+00,2.090131144012088438e+00,2.373428219179389009e-01,5.586998080526549337e+00,1.000000000000000000e+00
2.576000000000000156e+01,7.844859796788392625e-01,3.214202298581969042e-01,-2.705326934967352548e-01,4.561609861382681097e-01,7.845828060237858281e-01,3.226241672329679400e-01,-2.689775956537650559e-01,4.560641624216884016e-01,8.519973384715576747e-01,-1.525163175017411277e+00,2.134009641594037721e+00,1.049255251291034696e+00,-1.068291995653659621e+00,2.004509298128718697e+00,2.259095188497723394e-01,8.645670088787855700e-01,1.000000000000000000e+00
2.578000000000000114e+01,7.841955007785641474e-01,3.215168680271641155e-01,-2.706850485844892185e-01,4.565018341753656061e-01,7.840318815252873552e-01,3.228688766595743664e-01,-2.685936785280708117e-01,4.570635985191359718e-01,8.391826275692511050e-01,-1.510187097856119598e+00,2.160448745954225203e+00,9.872250269518137999e-01,-1.037592322676808898e+00,2.215310343009045280e+00,2.931419182982223925e-01,2.461362423659725795e+00,1.000000000000000000e+00
2.580000000000000071e+01,7.839065473170062637e-01,3.216111208216214656e-01,-2.708381021406290334e-01,4.568408196147241140e-01,7.838795015475218397e-01,3.227689654366711625e-01,-2.689329337630141925e-01,4.571960182921190330e-01,8.303703940379093540e-01,-1.513767473754238591e+00,2.143103816994568422e+00,9.675234492849084100e-01,-1.089091413117626139e+00,2.131063697827580317e+00,2.587123768487141762e-01,5.068900927509274457e-01,1.000000000000000000e+00
2.582000000000000028e+01,7.836184651031916637e-01,3.217011595099664167e-01,-2.709944116985686935e-01,4.571788424100658443e-01,7.839898872079444914e-01,3.224902779432166633e-01,-2.687769926273037568e-01,4.572950968707224506e-01,8.198539071520565269e-01,-1.536296247727545916e+00,2.123960428706593628e+00,8.421246658278983555e-01,-1.045006871015188743e+00,2.042099608462141003e+00,2.733705852956300197e-01,1.279146615485704963e+00,1.000000000000000000e+00
2.583999999999999986e+01,7.833306866053569850e-01,3.217905903663140221e-01,-2.711479622407860779e-01,4.575179056023364055e-01,7.835755997396434136e-01,3.221775828970235844e-01,-2.690200280301117131e-01,4.580819894843800033e-01,8.077225593485799493e-01,-1.526947087668678149e+00,2.131977719609359223e+00,7.556233509146390581e-01,-1.169330261774030877e+00,2.111265537408781423e+00,2.576665144988047329e-01,1.386135077235379098e+00,1.000000000000000000e+00
2.585999999999999943e+01,7.830415974200120033e-01,3.218798692370492542e-01,-2.713033028115269807e-01,4.578577556112955471e-01,7.836670219213250910e-01,3.223882718547477211e-01,-2.689726239424385379e-01,4.578051206495949987e-01,8.129269547342613533e-01,-1.538866334562215110e+00,2.135408452647436395e+00,7.693468600441610850e-01,-1.060576892571192476e+00,1.977539537602237996e+00,2.826596922502040976e-01,1.494914535599659811e+00,1.000000000000000000e+00
2.587999999999999901e+01,7.827530632118488985e-01,3.219706074476260671e-01,-2.714595541009537927e-01,4.581945879859181670e-01,7.836365199112975688e-01,3.229323876893441803e-01,-2.693657142752972078e-01,4.572423751310989992e-01,8.255306604950574112e-01,-1.532696023377274619e+00,2.121002847992117690e+00,9.219517904180923873e-01,-9.885439971536683634e-01,1.796354355980003037e+00,3.031027011803252291e-01,3.065254961421973512e+00,1.000000000000000000e+00
2.590000000000000213e+01,7.824630313400149362e-01,3.220632085065636696e-01,-2.716209863067708397e-01,4.585290984336648501e-01,7.833434402594074975e-01,3.231222526773496195e-01,-2.691422370643583584e-01,4.577417619742203403e-01,8.538607377187497072e-01,-1.549087166810953153e+00,2.107860979180818273e+00,8.848799603560895122e-01,-9.417760286021237270e-01,1.877099881841084894e+00,3.372341618233343774e-01,5.040700903066838157e-01,1.000000000000000000e+00
2.592000000000000171e+01,7.821733590696904326e-01,3.221573910869214852e-01,-2.717792494598758046e-01,4.588632599072757778e-01,7.831431953292027348e-01,3.244771401000614008e-01,-2.685643194572275294e-01,4.574653292617130718e-01,8.525048526165464047e-01,-1.529521188597881443e+00,2.113660816334210768e+00,1.073325680480707645e+00,-6.354386106806831913e-01,1.901052190839003231e+00,4.943643975742338381e-01,6.496413920050327917e+00,1.000000000000000000e+00
2.594000000000000128e+01,7.818865153445264671e-01,3.222452033033040841e-01,-2.719362473669311164e-01,4.591973251646803145e-01,7.831216160002293369e-01,3.243503571447539091e-01,-2.690909839091501499e-01,4.572826508321362060e-01,8.155582914247602178e-01,-1.536017083178319531e+00,2.098208729693776586e+00,1.075555987078062881e+00,-7.089435304134973359e-01,1.739618091694168145e+00,4.823566188636998486e-01,1.573445379399894817e+00,1.000000000000000000e+00
2.596000000000000085e+01,7.816004747310446588e-01,3.223302399536434049e-01,-2.720925316317263642e-01,4.595319015496860393e-01,7.833727554037259733e-01,3.234907871144145908e-01,-2.683458506456165571e-01,4.578988329145983194e-01,7.989673048660465016e-01,-1.539814982463971971e+00,2.095378591802107060e+00,7.266974622566625408e-01,-6.647449125838708062e-01,1.757942991450642811e+00,5.275247965428011554e-01,6.199578296262834520e+00,1.000000000000000000e+00
2.598000000000000043e+01,7.813156564177672347e-01,3.224148260106095565e-01,-2.722489908223907351e-01,4.598641234117005760e-01,7.829034357590298754e-01,3.239183692309171025e-01,-2.680645787040343286e-01,4.585634983246252294e-01,7.988232848889754711e-01,-1.535530812727231798e+00,2.080590726151855474e+00,7.396175478527831082e-01,-6.186699240498620966e-01,1.910719522362750666e+00,5.611789052831452906e-01,1.281524256539484208e+00,1.000000000000000000e+00
2.600000000000000000e+01,7.810310510334173006e-01,3.224993618290198372e-01,-2.724071468048963052e-01,4.601945298578920540e-01,7.824988729086684858e-01,3.245629949513511581e-01,-2.686294822524694093e-01,4.584676405916154884e-01,8.055076123783746489e-01,-1.539573295072645953e+00,2.068689936972379240e+00,9.301310095848384085e-01,-6.466880227944886705e-01,1.854346640878048014e+00,5.574620291021799012e-01,2.012915107452477592e+00,1.000000000000000000e+00
2.601999999999999957e+01,7.807497001339569476e-01,3.225771797806595842e-01,-2.725660127348571438e-01,4.605232214854253492e-01,7.821411870692523971e-01,3.250197408359030149e-01,-2.693645370009954965e-01,4.583231150215997807e-01,7.739800978125024322e-01,-1.552215285615367923e+00,2.040638062592956103e+00,1.095454639409457309e+00,-7.194562453999631124e-01,1.760557444223018742e+00,5.494698088872415065e-01,2.071176962471214633e+00,1.000000000000000000e+00
2.603999999999999915e+01,7.804687823130054269e-01,3.226582670462151969e-01,-2.727183330295338548e-01,4.608522901876265232e-01,7.823186416222878137e-01,3.241977267493945658e-01,-2.696486480933750762e-01,4.584353646068317079e-01,7.699442963740316115e-01,-1.514328423516008604e+00,2.058385628966233227e+00,9.045953706761006297e-01,-8.304122934445000714e-01,1.612522370671547689e+00,5.258297801779625580e-01,3.532648159784727682e+00,1.000000000000000000e+00
2.606000000000000227e+01,7.801863904668698835e-01,3.227377366803052539e-01,-2.728662258098425442e-01,4.611871336724851500e-01,7.817701060462570739e-01,3.248268228785561318e-01,-2.704392556497270950e-01,4.584600805246503152e-01,7.447214120819239946e-01,-1.511780065340950996e+00,2.093758680960925211e+00,1.113500536433127852e+00,-9.128127151123206495e-01,1.589043223790714165e+00,5.150182867568928735e-01,2.549124318444202064e+00,1.000000000000000000e+00
2.608000000000000185e+01,7.799061132888781556e-01,3.228177386601416843e-01,-2.730134379912043663e-01,4.615179571124082836e-01,7.819475846733366931e-01,3.245222567234913869e-01,-2.694237727736005783e-01,4.589707075392356339e-01,7.476772820940474906e-01,-1.496591257663463015e+00,2.072291508949804406e+00,8.502831003288695566e-01,-7.450301131414390765e-01,1.658520616814804560e+00,5.893084397196918234e-01,5.113079086956473063e+00,1.000000000000000000e+00
2.610000000000000142e+01,7.796227475781822847e-01,3.229022077027774995e-01,-2.731607925336922427e-01,4.618503189797357189e-01,7.813491752275575353e-01,3.246134818806925004e-01,-2.691463925103392829e-01,4.600867017760669753e-01,7.713210376406348656e-01,-1.493091868278693335e+00,2.094057339467269241e+00,7.754857367048954009e-01,-7.773951956890600146e-01,1.892735605238068386e+00,5.745006135547797710e-01,3.074936489215752911e+00,1.000000000000000000e+00
2.612000000000000099e+01,7.793369705659745073e-01,3.229887386313841091e-01,-2.733094813973858117e-01,4.621840417027064385e-01,7.807448608009399660e-01,3.240314287265819715e-01,-2.698919331699233259e-01,4.610850680082065889e-01,7.863934500141265271e-01,-1.499887611654658004e+00,2.107275394445874639e+00,6.985767018222001079e-01,-1.066715045978082754e+00,1.972074725352967794e+00,4.577464186445011629e-01,4.795780461033047004e+00,1.000000000000000000e+00
2.614000000000000057e+01,7.790519568015626950e-01,3.230781412004402608e-01,-2.734591201555706674e-01,4.625134299518942615e-01,7.804449591530339125e-01,3.245297618062358835e-01,-2.702740854890840483e-01,4.610184574912879474e-01,8.071066424010365781e-01,-1.487308164188106518e+00,2.088638592537070071e+00,8.331301937482982201e-01,-1.052651868816183001e+00,1.912652047517214848e+00,4.644432629208269936e-01,1.091672427780548071e+00,1.000000000000000000e+00
2.616000000000000014e+01,7.787685086588624905e-01,3.231643024652999241e-01,-2.736029310498797606e-01,4.628454165855833691e-01,7.801125696919297692e-01,3.240717865643110152e-01,-2.717857540465035693e-01,4.610144896410992565e-01,7.702254634454857030e-01,-1.472241010002216077e+00,2.101797408787710708e+00,9.063509512450048655e-01,-1.364665514253225131e+00,1.720499216104373952e+00,3.491652071122812728e-01,6.981823879408595168e+00,1.000000000000000000e+00
2.617999999999999972e+01,7.784840176251520694e-01,3.232537530555027461e-01,-2.737458603078018471e-01,4.631769094007985865e-01,7.799917291859981283e-01,3.240048636043782460e-01,-2.719547720242689315e-01,4.611662961832453389e-01,7.852695994728312590e-01,-1.460304658582886272e+00,2.109148512266231013e+00,8.740388287792369981e-01,-1.366212668736618507e+00,1.672481507616728980e+00,3.639600454201367130e-01,1.676081244556848759e-01,1.000000000000000000e+00
2.619999999999999929e+01,7.781986902930796424e-01,3.233416401783517080e-01,-2.738898911121993573e-01,4.635097730355386969e-01,7.796524371133687348e-01,3.242075576764178457e-01,-2.716062113502857311e-01,4.618025582482417901e-01,7.806180815005117068e-01,-1.473217719051999053e+00,2.112989870824224958e+00,8.212714394860760603e-01,-1.292666466950047610e+00,1.799773282794670859e+00,3.799358888488399422e-01,1.219832205755011501e+00,1.000000000000000000e+00
2.621999999999999886e+01,7.779165408096793133e-01,3.234292274432004621e-01,-2.740301065571587036e-01,4.638392944441745436e-01,7.790308870809821151e-01,3.249042407104713037e-01,-2.713429228229287671e-01,4.625160857484639787e-01,7.685061287626897553e-01,-1.445823561253794631e+00,2.096246074153257588e+00,8.898565451405278104e-01,-1.207787463095817859e+00,1.993452430204911918e+00,4.033440929582465806e-01,2.470999970128247014e+00,1.000000000000000000e+00
2.624000000000000199e+01,7.776353238301473292e-01,3.235143529455055122e-01,-2.741645364305130284e-01,4.641719223883264411e-01,7.782469002772316458e-01,3.248456441767957337e-01,-2.731525499822573533e-01,4.628117912353073571e-01,7.355524340476106149e-01,-1.430871542822137465e+00,2.114470253971951763e+00,1.085419925598918534e+00,-1.577250177696937872e+00,1.907132508083675404e+00,2.567576613482317471e-01,9.109947058603243164e+00,1.000000000000000000e+00
2.626000000000000156e+01,7.773520776953660727e-01,3.235996273937201129e-01,-2.742985598346676102e-01,4.645076194487778309e-01,7.780727697177163282e-01,3.249575388001979537e-01,-2.726071761560858175e-01,4.633472677257570171e-01,7.340751888138746795e-01,-1.437540796979246860e+00,2.134528731542735702e+00,9.781126778030149183e-01,-1.449750135258146777e+00,1.996641184619926346e+00,2.937328104930946870e-01,1.789146275405131936e+00,1.000000000000000000e+00
2.628000000000000114e+01,7.770697503941774720e-01,3.236803372123346900e-01,-2.744331702882180091e-01,4.648441430952939823e-01,7.779113711545216914e-01,3.252294945432030460e-01,-2.725281534330394329e-01,4.634739260131495731e-01,7.123045051040801656e-01,-1.452392422112488646e+00,2.127502566254210414e+00,9.834259597755519167e-01,-1.364153736776951398e+00,1.978557588408350609e+00,3.363375323479055323e-01,3.840996759691799323e-01,1.000000000000000000e+00
2.630000000000000071e+01,7.767890647429795958e-01,3.237587206330585499e-01,-2.745746099548681540e-01,4.651750458460819915e-01,7.777892207609894415e-01,3.251353803283302812e-01,-2.726103075702964174e-01,4.636965955592009525e-01,7.259290788739090061e-01,-1.475988489878281129e+00,2.081781321149032582e+00,9.286301017297337035e-01,-1.358180573994975271e+00,1.938064768409187399e+00,3.426231994557547567e-01,2.338966276592105986e-01,1.000000000000000000e+00
2.632000000000000028e+01,7.765070168539929263e-01,3.238368849381156322e-01,-2.747122637342748197e-01,4.655101469184967922e-01,7.775626035881356701e-01,3.247642887603384154e-01,-2.733620358127103467e-01,4.638941168236151991e-01,7.107856718305635146e-01,-1.469653699722508033e+00,2.110775507170606691e+00,9.090015738464710671e-01,-1.513663322423016044e+00,1.835612780877093231e+00,2.901003251869544441e-01,1.752830434522400394e+00,1.000000000000000000e+00
2.633999999999999986e+01,7.762223577050153533e-01,3.239193664330320965e-01,-2.748518165230770527e-01,4.658450111383130032e-01,7.773883104294764257e-01,3.254497098461563431e-01,-2.736597648157511609e-01,4.635301870317019013e-01,7.402759540293886165e-01,-1.470258411314986802e+00,2.119958108345747938e+00,1.070173356950725019e+00,-1.412201765860228164e+00,1.731918377664959818e+00,3.709795101208945289e-01,2.351167936175968087e+00,1.000000000000000000e+00
2.635999999999999943e+01,7.759367278288212821e-01,3.240051007252017223e-01,-2.749903452040865504e-01,4.661793637162535697e-01,7.767732127530131425e-01,3.257200784709828878e-01,-2.744562618076060723e-01,4.639003845491116440e-01,7.546164092181820715e-01,-1.457600860484841165e+00,2.127296702045752497e+00,1.188463192581968642e+00,-1.541392700669441673e+00,1.752516060769790496e+00,3.460561445222206656e-01,1.555352881714434643e+00,1.000000000000000000e+00
2.637999999999999901e+01,7.756527163999890062e-01,3.240901536151130080e-01,-2.751271869365700118e-01,4.665120222238870462e-01,7.762138592674191484e-01,3.255649900265824570e-01,-2.753029735453670357e-01,4.644434892505757140e-01,7.467458142738204740e-01,-1.446226189210027879e+00,2.117500398739799117e+00,1.212006429789555195e+00,-1.731920360361786093e+00,1.766069490010195198e+00,2.988128921619880862e-01,1.851940119770561610e+00,1.000000000000000000e+00
2.640000000000000213e+01,7.753685987748910602e-01,3.241743575464790528e-01,-2.752636461462986128e-01,4.668452067371315906e-01,7.764165040550112806e-01,3.250932975697629068e-01,-2.759384054195013203e-01,4.640579236698315624e-01,7.413184728398108936e-01,-1.447939535218049523e+00,2.119493947062858208e+00,1.154202937583399979e+00,-1.786672978078599705e+00,1.515798474582914723e+00,3.653802098392396336e-01,3.448737740777884309e+00,1.000000000000000000e+00
2.642000000000000171e+01,7.750832240607797852e-01,3.242597963077080703e-01,-2.754028691024308362e-01,4.671775251102945337e-01,7.765996913737969187e-01,3.248650887984391722e-01,-2.756357430492513694e-01,4.640910800605769770e-01,7.578977119036086618e-01,-1.457288478283252697e+00,2.115822755856122228e+00,1.012937777125052063e+00,-1.670687700661671160e+00,1.446122827924876786e+00,4.010121404522620780e-01,1.913157649039624042e+00,1.000000000000000000e+00
2.644000000000000128e+01,7.747960880513011794e-01,3.243488147934168175e-01,-2.755388605532100854e-01,4.675117160109945602e-01,7.764116655083567187e-01,3.253839267210607566e-01,-2.760964111027253143e-01,4.637682585843042049e-01,7.654625632320506412e-01,-1.439613869089900522e+00,2.140505297715453281e+00,1.155268732755282191e+00,-1.616003322458788194e+00,1.344641165002999905e+00,4.862506220893792475e-01,1.677352925906141712e+00,1.000000000000000000e+00
2.646000000000000085e+01,7.745075151863357599e-01,3.244424400144377274e-01,-2.756732472256007704e-01,4.678455651189383224e-01,7.760252017914878175e-01,3.256831376358815255e-01,-2.765497349464288157e-01,4.639349352497483259e-01,7.848242252478289105e-01,-1.421783254209780800e+00,2.153091861495441961e+00,1.232451670292411761e+00,-1.638302431340493914e+00,1.346910994630529546e+00,5.112375353494285068e-01,3.229807669472496978e-01,1.000000000000000000e+00
2.648000000000000043e+01,7.742200364526055090e-01,3.245390088553058439e-01,-2.758071896100200981e-01,4.681753528817643728e-01,7.752792783648638775e-01,3.262876279439070326e-01,-2.766847391536801370e-01,4.646762093202690402e-01,8.010768558604827172e-01,-1.402643257953269273e+00,2.137611665296155650e+00,1.317574156953985609e+00,-1.635294327631147349e+00,1.541966162811680086e+00,4.751583681337237519e-01,2.265074751335921732e+00,1.000000000000000000e+00
2.650000000000000000e+01,7.739316908988481680e-01,3.246381917398164507e-01,-2.759382758451434658e-01,4.685059767067665804e-01,7.743201026583433899e-01,3.264248490757957200e-01,-2.775240470188698461e-01,4.656775706981007845e-01,8.053017965583995075e-01,-1.385885910295245882e+00,2.153087392289518842e+00,1.390059517811312650e+00,-1.850786579876464444e+00,1.714436266564485445e+00,4.265758308882593997e-01,4.071857101193971040e+00,1.000000000000000000e+00
2.651999999999999957e+01,7.736414404679595735e-01,3.247365853645972633e-01,-2.760710146939642784e-01,4.688388492459293899e-01,7.739229586983233933e-01,3.263166480368380751e-01,-2.765904540962494385e-01,4.669672578634032067e-01,8.062260686366632401e-01,-1.402527069802406601e+00,2.163850457364898894e+00,1.151171494329008560e+00,-1.739474143528321637e+00,1.993257284712862898e+00,2.887281065594725638e-01,7.359951955351779596e+00,1.000000000000000000e+00
2.653999999999999915e+01,7.733515319345311001e-01,3.248354046790974947e-01,-2.762008151714094306e-01,4.691721193977004267e-01,7.730975041234861012e-01,3.263344088104474516e-01,-2.773956403120462211e-01,4.678437361772007641e-01,7.989547332332188612e-01,-1.388557817452778620e+00,2.170834996606480605e+00,1.203243937555848131e+00,-1.938285554906936436e+00,2.103541068525072610e+00,2.688327532842145207e-01,2.720000133278035470e+00,1.000000000000000000e+00
2.656000000000000227e+01,7.730618326276942343e-01,3.249354084556698163e-01,-2.763291890262254413e-01,4.695045926912391754e-01,7.724450959475848144e-01,3.269876616647646173e-01,-2.775676563938831998e-01,4.683629351150058739e-01,8.012397042792666069e-01,-1.377238269578829888e+00,2.171271315794030432e+00,1.309950922215486369e+00,-1.899522410878381695e+00,2.215679343515450483e+00,3.123391627260785341e-01,1.273197012292579533e+00,1.000000000000000000e+00
2.658000000000000185e+01,7.727696924383107291e-01,3.250391184952104440e-01,-2.764579259775557518e-01,4.698378327261901188e-01,7.723208441174970185e-01,3.271242535809205099e-01,-2.776162788558360628e-01,4.684436339358252210e-01,8.219630277075937741e-01,-1.374168460211939058e+00,2.186425534314154095e+00,1.290136411269602990e+00,-1.827955856389371414e+00,2.156920030585409709e+00,3.207505534980089057e-01,4.483522166773466489e-01,1.000000000000000000e+00
2.660000000000000142e+01,7.724776673497462109e-01,3.251458527111417696e-01,-2.765851119079528742e-01,4.701692288756301741e-01,7.722238898470487056e-01,3.273909226958011676e-01,-2.779561440793040239e-01,4.682155803200594435e-01,8.338840339622329845e-01,-1.355543836436731375e+00,2.185630397117384049e+00,1.346832929794497868e+00,-1.772545970901737711e+00,2.025970473577426212e+00,3.766076277350538515e-01,1.171628173924966099e+00,1.000000000000000000e+00
2.662000000000000099e+01,7.721866674475327263e-01,3.252545964778307819e-01,-2.767103880140212024e-01,4.704982032393397184e-01,7.724330650480780713e-01,3.265598009839478233e-01,-2.776218440380582853e-01,4.686490884602936280e-01,8.395613995223963899e-01,-1.335541245787889464e+00,2.178892394120726550e+00,1.052491830902721137e+00,-1.750017438065541553e+00,1.968257564946191751e+00,2.810239978903357749e-01,4.523752631147960557e+00,1.000000000000000000e+00
2.664000000000000057e+01,7.718938352199097297e-01,3.253671277101867765e-01,-2.768379407289485172e-01,4.708257575027913200e-01,7.723980481072433291e-01,3.262877704016819980e-01,-2.775702262314677093e-01,4.689267700571504993e-01,8.681216258568235089e-01,-1.335662143414466874e+00,2.179311094642267577e+00,9.360305939354756077e-01,-1.721836543811935183e+00,1.926886943491139759e+00,2.624174541012881945e-01,8.034459855894875435e-01,1.000000000000000000e+00
2.666000000000000014e+01,7.716024820385041227e-01,3.254772719394198321e-01,-2.769650847281780459e-01,4.711523076505153007e-01,7.716547765056118724e-01,3.265716697331180751e-01,-2.785477554370262565e-01,4.693729842724145840e-01,8.552976690222297007e-01,-1.336075904803972314e+00,2.167856096224462181e+00,1.088539102085498422e+00,-1.883880504037201753e+00,1.955217391579152864e+00,3.003803781021491814e-01,2.515985291330641971e+00,1.000000000000000000e+00
2.667999999999999972e+01,7.713084879856653142e-01,3.255856255115296971e-01,-2.770926236341272886e-01,4.714837163138179688e-01,7.722977554543867251e-01,3.258682757486332515e-01,-2.777164824746428118e-01,4.692969200225380333e-01,8.456621818053549067e-01,-1.355906828487279947e+00,2.192886405691056861e+00,7.727156966193662324e-01,-1.680810861316764049e+00,1.803980293957373027e+00,2.860160869206985756e-01,8.192721338521039343e+00,1.000000000000000000e+00
2.669999999999999929e+01,7.710183903931406846e-01,3.256954528610215838e-01,-2.772174470793971612e-01,4.718088603407171178e-01,7.723359270409587696e-01,3.257177967807487473e-01,-2.768881411210824539e-01,4.698277237122017169e-01,8.475168142487388145e-01,-1.322052606682643461e+00,2.162080770388623563e+00,5.800859305939882749e-01,-1.512134635183579823e+00,1.877211182599862971e+00,2.752523977678150158e-01,3.546032131303499479e+00,1.000000000000000000e+00
2.671999999999999886e+01,7.707296808874405381e-01,3.258035426486440289e-01,-2.773423610798087524e-01,4.721324235290502713e-01,7.722623539221205036e-01,3.261787393550750758e-01,-2.765097473275480167e-01,4.698517280379577721e-01,8.400063398077336485e-01,-1.321994983527783996e+00,2.148416051522259895e+00,6.027286138237337720e-01,-1.332832063431102831e+00,1.871186597461463430e+00,3.318149449290084263e-01,1.634917554105338899e+00,1.000000000000000000e+00
2.674000000000000199e+01,7.704390877288034289e-01,3.259148510184640135e-01,-2.774632830946198725e-01,4.724587267895223319e-01,7.721711591574543787e-01,3.259868545120475636e-01,-2.765066988855033325e-01,4.701364877588376512e-01,8.425827808801007457e-01,-1.303768068174372408e+00,2.178178006942579348e+00,5.295378935388506125e-01,-1.326465280359683474e+00,1.843328700817435051e+00,3.497035242220727924e-01,3.086738500343472191e-01,1.000000000000000000e+00
2.676000000000000156e+01,7.701492998362868825e-01,3.260240196080106401e-01,-2.775846257085627378e-01,4.727844859664389054e-01,7.719693271565801762e-01,3.247007562879111187e-01,-2.772147452704706860e-01,4.709402953667308211e-01,8.336369633879029406e-01,-1.309120910166365670e+00,2.169409298480845294e+00,3.106341838927558219e-01,-1.624666408304857201e+00,1.797635043887687356e+00,3.360754155115341368e-01,6.946533076387708228e+00,1.000000000000000000e+00
2.678000000000000114e+01,7.698606952824537109e-01,3.261346153296665884e-01,-2.777040547470545628e-01,4.731080009046902957e-01,7.715033175277445920e-01,3.250574091539678023e-01,-2.769155862549814162e-01,4.716334062456286058e-01,8.361096503265839086e-01,-1.290736887502355268e+00,2.162145100603263259e+00,3.200428719132442090e-01,-1.545244831466243030e+00,1.950799921629611688e+00,2.956083923858418006e-01,1.492788410534755528e+00,1.000000000000000000e+00
2.680000000000000071e+01,7.695696612841153028e-01,3.262463243061218821e-01,-2.778217654590574015e-01,4.734352531709159484e-01,7.715122818142240435e-01,3.246732548543965202e-01,-2.775027306931866500e-01,4.715382392233807840e-01,8.349554383231151400e-01,-1.290988856995854084e+00,2.190198105902992687e+00,3.076307828040651948e-01,-1.625360576248149780e+00,1.778696211998406218e+00,3.614410212640441489e-01,1.809614485077245094e+00,1.000000000000000000e+00
2.682000000000000028e+01,7.692755412556435690e-01,3.263599970047151300e-01,-2.779388061319065795e-01,4.737660963248525037e-01,7.710401838759159965e-01,3.250472334375765771e-01,-2.770577820393178570e-01,4.723137900745914552e-01,8.418491530762003405e-01,-1.294332314127404349e+00,2.218780888907151638e+00,2.986558548970961180e-01,-1.523712848862591951e+00,1.961211231211478223e+00,3.184473164171528481e-01,2.186229667939237675e+00,1.000000000000000000e+00
2.683999999999999986e+01,7.689769865765014867e-01,3.264765100064507819e-01,-2.780590022397727568e-01,4.740998563627214502e-01,7.706941339786134160e-01,3.251322260621891114e-01,-2.773385732087650379e-01,4.726551631341048831e-01,8.665808277145733429e-01,-1.313046695601449265e+00,2.242297929266338752e+00,3.381552415436069325e-01,-1.551915403585292674e+00,1.965275527152643198e+00,3.109182925355026827e-01,1.186050699530376284e-01,1.000000000000000000e+00
2.685999999999999943e+01,7.686811290748970515e-01,3.265902311574328531e-01,-2.781812280355027145e-01,4.744294964326479236e-01,7.704515213221276859e-01,3.253781548601289986e-01,-2.777870586353975435e-01,4.726180907317570901e-01,8.613121064390080184e-01,-1.317569348880146318e+00,2.208574566369106318e+00,4.421283457002758155e-01,-1.555290622877267603e+00,1.884740415836743344e+00,3.249228082026126563e-01,8.653852515337177032e-01,1.000000000000000000e+00
2.687999999999999901e+01,7.683862806505965537e-01,3.267069572190859916e-01,-2.782984148469355157e-01,4.747579173708131317e-01,7.705774375396977627e-01,3.256964193453991130e-01,-2.772610459878813716e-01,4.725024524360112999e-01,8.609039317341246056e-01,-1.283318770827207800e+00,2.214680767170639442e+00,4.205296289792606612e-01,-1.338673142680691708e+00,1.832005022522859905e+00,3.967189480446324246e-01,2.508535739255926433e+00,1.000000000000000000e+00
2.690000000000000213e+01,7.680912359081316643e-01,3.268226068272847007e-01,-2.784165819468805148e-01,4.750863541344384489e-01,7.702941312034028432e-01,3.261975540619115321e-01,-2.775209565753992691e-01,4.724661107625569567e-01,8.591736104656259032e-01,-1.290905307392765433e+00,2.211733021297874746e+00,5.500442364755261382e-01,-1.289702544207571799e+00,1.793434501194067554e+00,4.117533625765995575e-01,1.032991787827202579e+00,1.000000000000000000e+00
2.692000000000000171e+01,7.677966389240641343e-01,3.269378793557424223e-01,-2.785346490720591595e-01,4.754139181445840023e-01,7.699486915844859780e-01,3.260199070585716452e-01,-2.781250618307598010e-01,4.727964493420974690e-01,8.577957796081887576e-01,-1.289143214200571430e+00,2.206259042463114550e+00,5.677396822684779298e-01,-1.416826368131195002e+00,1.759352565289394210e+00,4.050276130170701316e-01,8.817598460885501810e-01,1.000000000000000000e+00
2.694000000000000128e+01,7.675005465154468576e-01,3.270523426336424122e-01,-2.786543303336689315e-01,4.757430403722493484e-01,7.695689032014824127e-01,3.257562024102029774e-01,-2.787302430890927774e-01,4.732399511918299884e-01,8.589470608786883288e-01,-1.303753784438768548e+00,2.212872197739017999e+00,5.639818172984131239e-01,-1.559779584252652951e+00,1.745753959747386785e+00,4.007316055864902915e-01,1.031734661362437189e+00,1.000000000000000000e+00
2.696000000000000085e+01,7.672043859176673752e-01,3.271658104675739254e-01,-2.787735358006627751e-01,4.760727658950754115e-01,7.686701931155777157e-01,3.258314113579670601e-01,-2.789217154867529302e-01,4.745341949934300807e-01,8.524372909349167138e-01,-1.305614254196626911e+00,2.215013311663342588e+00,5.595398739448431691e-01,-1.682910784544914051e+00,2.004732980301545009e+00,2.880416219292900593e-01,4.112559962856676243e+00,1.000000000000000000e+00
2.698000000000000043e+01,7.669061805149361977e-01,3.272819081316385437e-01,-2.788927169692140828e-01,4.764035215227064302e-01,7.681415920815545251e-01,3.260884774253012264e-01,-2.792328579932873978e-01,4.750303257916954625e-01,8.661188002841271327e-01,-1.303531095871115264e+00,2.229365066725291111e+00,6.272939888635585826e-01,-1.714749855971639647e+00,2.065644011048702211e+00,2.549986130995872124e-01,4.657247261868353583e-01,1.000000000000000000e+00
2.700000000000000000e+01,7.666049803294450182e-01,3.274051976441633705e-01,-2.790122120367694025e-01,4.767334960164081314e-01,7.673162209827150138e-01,3.265960023662459744e-01,-2.785970430390145580e-01,4.763869812086704569e-01,9.054409324033436679e-01,-1.288600281363945887e+00,2.245010765711115130e+00,5.952301526083212391e-01,-1.629073279895359772e+00,2.408239856636527509e+00,1.381338504495554786e-01,6.287026898643515160e+00,1.000000000000000000e+00
2.701999999999999957e+01,7.663024445325469225e-01,3.275315561693681321e-01,-2.791289734664678113e-01,4.770646281042758563e-01,7.670025157312175823e-01,3.274689274920911108e-01,-2.782161072587337469e-01,4.765155192131311779e-01,9.121090551577617500e-01,-1.272516970198958042e+00,2.263777698313116815e+00,7.033305158832451331e-01,-1.420945130268242318e+00,2.455326867845761818e+00,1.462498781368606060e-01,2.861006649755998499e+00,1.000000000000000000e+00
2.703999999999999915e+01,7.659956316224970641e-01,3.276600340673497258e-01,-2.792452509281320161e-01,4.774009679968400643e-01,7.662247659384879839e-01,3.279649812413956700e-01,-2.781730560546724074e-01,4.774498193810995383e-01,9.197891939122604388e-01,-1.281212425259310006e+00,2.302631723734065883e+00,7.592480990261278873e-01,-1.422060626894364077e+00,2.650572772806562671e+00,1.305279728059517974e-01,2.062448085537011533e+00,1.000000000000000000e+00
2.706000000000000227e+01,7.656899471142875058e-01,3.277870416778381757e-01,-2.793614860968863800e-01,4.777360361977628922e-01,7.656620427024303233e-01,3.280684899826624701e-01,-2.784235448047721606e-01,4.781349516021420332e-01,9.131369080881728273e-01,-1.280855684732391531e+00,2.291690958955376001e+00,7.740043161610210554e-01,-1.488410827838300587e+00,2.717403813083460573e+00,1.212105331461981184e-01,4.543239716268934192e-01,1.000000000000000000e+00
2.708000000000000185e+01,7.653840813943935117e-01,3.279129047748983727e-01,-2.794788636098944901e-01,4.780710194369358068e-01,7.650141235661931383e-01,3.281417020311052646e-01,-2.786131990067183817e-01,4.790105421299423738e-01,9.117190120861745628e-01,-1.289130519299043209e+00,2.287836891619503543e+00,7.695216077141249222e-01,-1.565090194310291283e+00,2.829125483199802726e+00,1.546474693589368343e-01,9.190777203091423653e-01,1.000000000000000000e+00
2.710000000000000142e+01,7.650789834528767264e-01,3.280394395340145430e-01,-2.795976521764483302e-01,4.784029975724864991e-01,7.643476994686071446e-01,3.281683346374567600e-01,-2.794198049959221164e-01,4.795859787716558742e-01,9.218991071890954014e-01,-1.286603234440259591e+00,2.270979908171286699e+00,8.497579936396429945e-01,-1.734761215061916273e+00,2.831095038622980287e+00,1.613449427013055049e-01,1.761502856798300654e+00,1.000000000000000000e+00
2.712000000000000099e+01,7.647742177338507918e-01,3.281647974752260888e-01,-2.797182207152727473e-01,4.787337240967077800e-01,7.645396393719896544e-01,3.284942201307939902e-01,-2.785748464228283705e-01,4.795484773306107895e-01,9.230000508432408823e-01,-1.294746947729427111e+00,2.259351990262859378e+00,7.629686940116076066e-01,-1.453013939179790270e+00,2.771866966983818514e+00,1.674242787201037919e-01,4.521101423950020681e+00,1.000000000000000000e+00
2.714000000000000057e+01,7.644695800219135640e-01,3.282912452594903829e-01,-2.798362259555667864e-01,4.790645114700494700e-01,7.641161254264471347e-01,3.285613361862809723e-01,-2.797386179553755792e-01,4.795000530252072068e-01,9.204063761054592785e-01,-1.280434881765264432e+00,2.265833792184098083e+00,9.148498484149339971e-01,-1.622573187113242055e+00,2.607703776737014145e+00,7.221114551877097498e-02,3.938392340356247523e+00,1.000000000000000000e+00
2.716000000000000014e+01,7.641622835972896599e-01,3.284239050769225954e-01,-2.799584783005550914e-01,4.793923167188204881e-01,7.642221954701832187e-01,3.288218705898620642e-01,-2.797214453291207992e-01,4.791623173784692602e-01,9.690555721806377587e-01,-1.280640095361839537e+00,2.262040903998446151e+00,9.365618297866534769e-01,-1.487054029652887133e+00,2.442753939482146475e+00,5.965922201103400491e-02,2.302263058287482789e+00,1.000000000000000000e+00
2.717999999999999972e+01,7.638536999661025284e-01,3.285575828523306652e-01,-2.800804615583577517e-01,4.797211428023436808e-01,7.639944429633805933e-01,3.287352335043156049e-01,-2.802868546629391222e-01,4.792545424689194089e-01,9.735581318059822742e-01,-1.280651574445200724e+00,2.272185243007316391e+00,9.584025064997704346e-01,-1.561119783281261331e+00,2.332649813284315865e+00,6.397476875630672688e-02,9.042828633592147058e-01,1.000000000000000000e+00
2.719999999999999929e+01,7.635493938778391554e-01,3.286867388780239096e-01,-2.801987164137133002e-01,4.800479456414971091e-01,7.640837987172656165e-01,3.290585326720474324e-01,-2.796929824469185366e-01,4.792371711203756157e-01,9.387148661217920020e-01,-1.266089371589783630e+00,2.251335596083862800e+00,9.030412047388245433e-01,-1.341503003114929538e+00,2.290138959750492198e+00,1.324978485360454872e-01,2.655180664008859992e+00,1.000000000000000000e+00
2.721999999999999886e+01,7.632433724462844848e-01,3.288173407607851151e-01,-2.803174320843466183e-01,4.803757363787911072e-01,7.632899953675644777e-01,3.292568862099797822e-01,-2.798248920016384589e-01,4.802877425787203114e-01,9.479520896249750139e-01,-1.268742857258050805e+00,2.261828857940787252e+00,9.090877597617140760e-01,-1.423357978474310004e+00,2.481656964652028563e+00,7.650328131469488757e-02,2.170795032221224830e+00,1.000000000000000000e+00
2.724000000000000199e+01,7.629368098158694211e-01,3.289456061279503185e-01,-2.804385661464816049e-01,4.807040909486883229e-01,7.624802519170582604e-01,3.294195094026950987e-01,-2.804391992073042017e-01,4.811034273514924742e-01,9.445046599425532818e-01,-1.287681016044507798e+00,2.257475210628057116e+00,9.812604305338575861e-01,-1.576878647561784419e+00,2.583075292077730012e+00,8.820568831927468045e-02,1.953158778077583868e+00,1.000000000000000000e+00
2.726000000000000156e+01,7.626316753358203249e-01,3.290774868551960552e-01,-2.805569748665980301e-01,4.810288133503553554e-01,7.618994569931961669e-01,3.293032497833949246e-01,-2.815081310868461362e-01,4.814787214899107770e-01,9.559467674089751066e-01,-1.256669809080222855e+00,2.248610080233852671e+00,1.063601773167383024e+00,-1.789164889225309141e+00,2.517892865310392470e+00,1.491552683443002625e-01,2.804714606702233048e+00,1.000000000000000000e+00
2.728000000000000114e+01,7.623265973502398873e-01,3.292100510169868599e-01,-2.806746682014630845e-01,4.813529182541608775e-01,7.616335307996699999e-01,3.291584761188730557e-01,-2.819083752339326954e-01,4.817641853995517365e-01,9.578474986800379343e-01,-1.250405192941814514e+00,2.248203627313769548e+00,1.040628334726390714e+00,-1.844804447021296756e+00,2.453619015985373242e+00,1.689662277278038693e-01,3.877329287058717266e-01,1.000000000000000000e+00
2.730000000000000071e+01,7.620206750009888008e-01,3.293443568846042835e-01,-2.807910243292269792e-01,4.816774710482600308e-01,7.618013907039368204e-01,3.297372128468814001e-01,-2.820762235255594441e-01,4.810041743135676229e-01,9.626393838860529684e-01,-1.241963678182708142e+00,2.257811845640479209e+00,1.160992648067087796e+00,-1.658911516877267234e+00,2.217964660800600729e+00,1.740693428464825110e-01,5.228834111806657248e+00,1.000000000000000000e+00
2.732000000000000028e+01,7.617156397394027056e-01,3.294770392140976001e-01,-2.809074854066999638e-01,4.820011923736176040e-01,7.614337941205049365e-01,3.304619521532522475e-01,-2.821316585099750696e-01,4.810563403768057245e-01,9.555043052099944090e-01,-1.243906404763064799e+00,2.248923401254495413e+00,1.277235551720793838e+00,-1.544533992066392303e+00,2.221961049539252997e+00,2.125615202882849275e-01,1.330529141249862324e+00,1.000000000000000000e+00
2.733999999999999986e+01,7.614116076184636039e-01,3.296112654903879946e-01,-2.810218571950077182e-01,4.823230175145702403e-01,7.611867005681978160e-01,3.307310016286560406e-01,-2.816645772162613692e-01,4.815359564782172863e-01,9.576308328948969217e-01,-1.225330152985071752e+00,2.244306567848380229e+00,1.205848692125001786e+00,-1.417890522211068483e+00,2.300815259476948427e+00,1.751769808105760329e-01,1.367630480651485181e+00,1.000000000000000000e+00
2.735999999999999943e+01,7.611055451962294160e-01,3.297492092613442116e-01,-2.811365167627750128e-01,4.826448663412496454e-01,7.608236629256719397e-01,3.303455341579513149e-01,-2.820031603492247352e-01,4.821756936504686952e-01,9.784400894806644100e-01,-1.219626080502605792e+00,2.255462845451151832e+00,1.109326240470740244e+00,-1.540683738426622096e+00,2.310226826867077587e+00,1.358891278521078272e-01,1.224166389797068932e+00,1.000000000000000000e+00
2.737999999999999901e+01,7.608005805917965603e-01,3.298832913657626653e-01,-2.812462737155222436e-01,4.829700033853139840e-01,7.601762878888380648e-01,3.305899638562831977e-01,-2.820015802904072277e-01,4.830293943879201968e-01,9.406718541512412157e-01,-1.213369704504036806e+00,2.269808576225943231e+00,1.100803727143005339e+00,-1.559277894542212772e+00,2.461425128481633529e+00,1.386104575525386462e-01,1.163964814455465513e+00,1.000000000000000000e+00
2.740000000000000213e+01,7.604934751262842907e-01,3.300200542268678094e-01,-2.813521882742374136e-01,4.832984422194437357e-01,7.597587736389816992e-01,3.313072209980662541e-01,-2.818009794299956572e-01,4.833118446566609938e-01,9.404505688119234597e-01,-1.198892745057895670e+00,2.301707831518562397e+00,1.176422622949506280e+00,-1.424399057308281868e+00,2.523056956540725704e+00,1.774570883624925488e-01,1.385449678176729593e+00,1.000000000000000000e+00
2.742000000000000171e+01,7.601860613133707423e-01,3.301577057387249936e-01,-2.814577185299618756e-01,4.836265027954056439e-01,7.590938334351672312e-01,3.313667540702753822e-01,-2.828857293494545511e-01,4.836820137942481890e-01,9.444513307329003293e-01,-1.194539285497997483e+00,2.303072688571409010e+00,1.292284624389645753e+00,-1.630558188488585358e+00,2.479368909756895611e+00,2.483508101451086247e-01,2.891709865242086508e+00,1.000000000000000000e+00
2.744000000000000128e+01,7.598774227045242968e-01,3.302955409438568246e-01,-2.815656313286710732e-01,4.839544951243059390e-01,7.587794476662828025e-01,3.314083407618852450e-01,-2.824224234235643838e-01,4.844170065349338028e-01,9.542803448027169511e-01,-1.206253597444373105e+00,2.301958574146479641e+00,1.166482901603884681e+00,-1.552824959775088720e+00,2.585986638363466206e+00,2.110440267267054970e-01,1.661793154431634889e+00,1.000000000000000000e+00
2.746000000000000085e+01,7.595685927979926033e-01,3.304362726692544050e-01,-2.816748366335165010e-01,4.842795772555451572e-01,7.581746000722128231e-01,3.319562157576129713e-01,-2.820768067519375810e-01,4.851896760215074211e-01,9.755319856809515633e-01,-1.198650445760126804e+00,2.292045472126702510e+00,1.172809670382534364e+00,-1.463429120373808567e+00,2.753975159602929157e+00,2.623947720751136914e-01,1.812589318699160845e+00,1.000000000000000000e+00
2.748000000000000043e+01,7.592638017826142116e-01,3.305721180021903849e-01,-2.817821409267374233e-01,4.846022896736060237e-01,7.577206040660099395e-01,3.325044013939056353e-01,-2.820822427200629923e-01,4.855202545409830761e-01,9.451693519476667138e-01,-1.192930825334210576e+00,2.266238746216119981e+00,1.237954221297074220e+00,-1.396029763691406522e+00,2.788482372365655326e+00,3.042163755926611812e-01,4.988615739159382168e-01,1.000000000000000000e+00
2.750000000000000000e+01,7.589591251843907926e-01,3.307096872927676179e-01,-2.818902154518812542e-01,4.849227314351806650e-01,7.576156038308887730e-01,3.329892905428623595e-01,-2.817972488313477131e-01,4.855172909040441631e-01,9.582568663513960638e-01,-1.187009414771489579e+00,2.257367578039728429e+00,1.249362278579037255e+00,-1.235470282837414890e+00,2.738938477672588689e+00,3.109591155791827655e-01,1.418203467643883497e+00,1.000000000000000000e+00
2.751999999999999957e+01,7.586519532377388186e-01,3.308466875099780324e-01,-2.819995598845735918e-01,4.852462585503836690e-01,7.574499484936511040e-01,3.325514898377297524e-01,-2.821569082049671939e-01,4.858668143492466673e-01,9.590556188982883867e-01,-1.203989221926732078e+00,2.274391998349947208e+00,1.148671442636139739e+00,-1.339693412643293113e+00,2.648389441859738014e+00,2.500359528036407708e-01,1.460011941329397489e+00,1.000000000000000000e+00
2.753999999999999915e+01,7.583435567792655707e-01,3.309826778566336558e-01,-2.821071737464638240e-01,4.855729186960569543e-01,7.568704555622417507e-01,3.335228880887143865e-01,-2.816157821099284919e-01,4.864176681459880802e-01,9.471135694075533129e-01,-1.207192053900773221e+00,2.293063777871723996e+00,1.223104657718648403e+00,-1.154510562024258613e+00,2.814779623642519546e+00,3.546376457878602229e-01,3.375934947483371751e+00,1.000000000000000000e+00
2.756000000000000227e+01,7.580342068773494590e-01,3.311186396977175983e-01,-2.822114415135241194e-01,4.859025518840372482e-01,7.563668851580815922e-01,3.338870027973293020e-01,-2.831696612396857327e-01,4.860489145679469658e-01,9.346830587749472841e-01,-1.199911770447954940e+00,2.314933644888187647e+00,1.485641826095177587e+00,-1.350445592419553309e+00,2.587673274953211422e+00,3.866240719484780874e-01,7.944677534599368762e+00,1.000000000000000000e+00
2.758000000000000185e+01,7.577252269091400150e-01,3.312544074998706178e-01,-2.823176294337144121e-01,4.862301452278846581e-01,7.565319022352915423e-01,3.334942161397078664e-01,-2.840581137009300927e-01,4.855430740338931850e-01,9.417825477662978839e-01,-1.204323521491335036e+00,2.301087649736971219e+00,1.476878231903160366e+00,-1.448992688087410441e+00,2.269046034232841791e+00,3.613202339742735414e-01,5.565578716170851870e+00,1.000000000000000000e+00
2.760000000000000142e+01,7.574153689576025306e-01,3.313907549390057161e-01,-2.824229200115527805e-01,4.865587535538980490e-01,7.561949951764749267e-01,3.339094250346523740e-01,-2.843010209014709688e-01,4.856403552604129370e-01,9.418236814510275723e-01,-1.202159526380399246e+00,2.310580815811088318e+00,1.539281868500742334e+00,-1.414638283904534610e+00,2.239757473918167818e+00,4.003124866878035593e-01,2.966121783182094629e-01,1.000000000000000000e+00
2.762000000000000099e+01,7.571052228108083870e-01,3.315235459485880165e-01,-2.825307789894955235e-01,4.868882613062874842e-01,7.553225190981676107e-01,3.348027208187555614e-01,-2.839517518600140900e-01,4.865865112096571243e-01,9.326418592878217284e-01,-1.225394181623189249e+00,2.304655870713906207e+00,1.601824452159646750e+00,-1.323438234360524213e+00,2.509380951641845936e+00,4.589568446554982972e-01,4.246293216904615697e+00,1.000000000000000000e+00
2.764000000000000057e+01,7.567927266528625685e-01,3.316544739588629942e-01,-2.826410416581012774e-01,4.872208127315776904e-01,7.551513007011299017e-01,3.346433713059815962e-01,-2.850235144807788390e-01,4.863351964266868777e-01,9.308026366838941801e-01,-1.250603862014290302e+00,2.316833166848637937e+00,1.662117194892690053e+00,-1.472410260648687519e+00,2.280637831408781402e+00,4.873619119332551763e-01,3.907565779887204993e+00,1.000000000000000000e+00
2.766000000000000014e+01,7.564817620856501001e-01,3.317857732331648823e-01,-2.827509723570071909e-01,4.875504404090184041e-01,7.551707757189293213e-01,3.341008151504147872e-01,-2.854567021414034511e-01,4.864239056815083395e-01,9.333101264657159835e-01,-1.240091894461720523e+00,2.301112003642288073e+00,1.536688429730892702e+00,-1.558302068577771538e+00,2.126255366753744713e+00,4.535883479327449952e-01,2.347186356789943140e+00,1.000000000000000000e+00
2.767999999999999972e+01,7.561722370668770843e-01,3.319144935653883799e-01,-2.828592463308508553e-01,4.878800709351115983e-01,7.541903408302387257e-01,3.334118209256058396e-01,-2.860080260768764759e-01,4.880910739657599584e-01,9.147629841030401332e-01,-1.237788566241761368e+00,2.296074454088766981e+00,1.375202112056122639e+00,-1.875507913064500931e+00,2.362657316667877261e+00,4.602140214011384844e-01,9.129146694593572420e+00,1.000000000000000000e+00
2.769999999999999929e+01,7.558645853152143879e-01,3.320404551881234179e-01,-2.829674782570448799e-01,4.882082250777548538e-01,7.536520038043607039e-01,3.332155045144098438e-01,-2.866605562070216884e-01,4.886735211037734894e-01,9.015234781965993927e-01,-1.239474322875888435e+00,2.280050540991702679e+00,1.361565738209176368e+00,-2.022122646847940963e+00,2.366378499035303840e+00,5.141525041183301337e-01,1.084782016701165475e+00,1.000000000000000000e+00
2.771999999999999886e+01,7.555588813376361568e-01,3.321663958672979033e-01,-2.830745660201233194e-01,4.885335734224091619e-01,7.529799385253242994e-01,3.332524603265650809e-01,-2.861423375225742860e-01,4.899862983204808509e-01,8.990757414538496084e-01,-1.226081990589438453e+00,2.264593624291530105e+00,1.212729346741908243e+00,-1.990642161841101432e+00,2.628076980038729804e+00,5.041005616350600071e-01,4.581464581478588372e+00,1.000000000000000000e+00
2.774000000000000199e+01,7.552552162917244294e-01,3.322894284254804820e-01,-2.831797631251224412e-01,4.888583800828289472e-01,7.528041049101876769e-01,3.336169217146277566e-01,-2.858860003054056742e-01,4.901580602269076103e-01,8.781923789162346949e-01,-1.221699505826373322e+00,2.255423072935526019e+00,1.199717251589051292e+00,-1.843398670785144189e+00,2.615162468596234024e+00,4.694492842094363794e-01,1.100835457369806258e+00,1.000000000000000000e+00
2.776000000000000156e+01,7.549520625899529547e-01,3.324128581672029514e-01,-2.832851594598357892e-01,4.891815545849029223e-01,7.524979540516354426e-01,3.330717774376036333e-01,-2.865280843697797231e-01,4.906237632749180233e-01,8.821437824170843545e-01,-1.217512051984815491e+00,2.247193114651804713e+00,1.119076282032274383e+00,-2.005266491604672741e+00,2.536592357937474951e+00,5.001942087679096538e-01,1.943869603330909301e+00,1.000000000000000000e+00
2.778000000000000114e+01,7.546482834994219235e-01,3.325350161797031578e-01,-2.833894055944444768e-01,4.895067681070077725e-01,7.520297263939262900e-01,3.335777167091750206e-01,-2.861788254451142488e-01,4.912014631511441576e-01,8.713006239512182116e-01,-1.220999763143055805e+00,2.257892359248915515e+00,1.119831394616168874e+00,-1.876511217294149825e+00,2.652869213742142573e+00,4.941667007114541876e-01,1.504939368223860541e+00,1.000000000000000000e+00
2.780000000000000071e+01,7.543466393282590721e-01,3.326531493414801033e-01,-2.834898673993430096e-01,4.898331604222598834e-01,7.515311337332780672e-01,3.333185833705533119e-01,-2.865370765403630338e-01,4.919310731973774442e-01,8.373024834782991643e-01,-1.214704848286992878e+00,2.257676575793014617e+00,1.058069148991086506e+00,-1.986213043097538655e+00,2.685800244509815915e+00,5.381734505573774197e-01,8.466762774476254139e-01,1.000000000000000000e+00
2.782000000000000028e+01,7.540446967391324362e-01,3.327746002084298049e-01,-2.835897946499696398e-01,4.901576166358100894e-01,7.509172218387561992e-01,3.341539789742605238e-01,-2.859448196425151689e-01,4.926459219370880049e-01,8.538551902113151737e-01,-1.199877770848135405e+00,2.256553808446327025e+00,1.094017959110653360e+00,-1.796162350044427924e+00,2.880168050064607410e+00,5.545762266786448125e-01,3.759523550255127411e+00,1.000000000000000000e+00
2.783999999999999986e+01,7.537415430077170075e-01,3.328985546743959412e-01,-2.836908062479739367e-01,4.904811567128942174e-01,7.509113652181526044e-01,3.342319825651712817e-01,-2.859509426254154274e-01,4.925983778174688466e-01,8.715147301822295800e-01,-1.197752606956740351e+00,2.257997631796850424e+00,1.066536737689289804e+00,-1.709191123227587150e+00,2.756033438766382737e+00,5.044477293662714690e-01,1.186431107985251643e+00,1.000000000000000000e+00
2.785999999999999943e+01,7.534380642101373704e-01,3.330224938808868940e-01,-2.837946627458429738e-01,4.908031085533269833e-01,7.506734536064939567e-01,3.342134345277882335e-01,-2.862873960076729452e-01,4.927781175324091323e-01,8.826452967028940444e-01,-1.207580554022345654e+00,2.246601081663630151e+00,1.065103179500127339e+00,-1.731281180048385826e+00,2.672567817890477038e+00,5.017988004891704712e-01,3.728269915016602654e-01,1.000000000000000000e+00
2.787999999999999901e+01,7.531367117011041890e-01,3.331434382878320499e-01,-2.838944135960774773e-01,4.911257526772025428e-01,7.505617546115375127e-01,3.343477262298894526e-01,-2.859843040666645297e-01,4.930330904785790724e-01,8.529888344617694296e-01,-1.196142151685030575e+00,2.246574544540569374e+00,9.999521292886763835e-01,-1.616073718436030315e+00,2.653165993189901872e+00,4.596009400334495343e-01,8.946937049028239608e-01,1.000000000000000000e+00
2.790000000000000213e+01,7.528377474783941592e-01,3.332651487369635013e-01,-2.839898414130522797e-01,4.914462702912464342e-01,7.506765188202980665e-01,3.351608449649861599e-01,-2.855822304982230109e-01,4.925390966388911163e-01,8.430299325968413360e-01,-1.167388194020738235e+00,2.240175542497228722e+00,1.081698664648200525e+00,-1.331245188058549411e+00,2.526942450101605342e+00,3.968667831398882129e-01,5.187114643711586481e+00,1.000000000000000000e+00
2.792000000000000171e+01,7.525366672953726077e-01,3.333867159021596804e-01,-2.840859826154331635e-01,4.917692716278340148e-01,7.500497206656827620e-01,3.349355610801052485e-01,-2.856906010022320364e-01,4.935832928212520732e-01,8.444196129679703011e-01,-1.179054356075230459e+00,2.255251686435820080e+00,9.873204193380015203e-01,-1.449000809009050039e+00,2.659737036748476502e+00,4.355883574351458454e-01,2.020403771907782087e+00,1.000000000000000000e+00
2.794000000000000128e+01,7.522325683066987123e-01,3.335096939354934564e-01,-2.841838694401155885e-01,4.920944783065594463e-01,7.498200975109228228e-01,3.360071487511184785e-01,-2.843245635009423178e-01,4.939924695244378161e-01,8.575981952200260050e-01,-1.191731938545007585e+00,2.272228412285894450e+00,9.671386202750461569e-01,-1.062695177162277904e+00,2.832867309101489539e+00,4.537519262035779044e-01,8.980671316164858808e+00,1.000000000000000000e+00
2.796000000000000085e+01,7.519296485165577471e-01,3.336306102898175530e-01,-2.842822447522466711e-01,4.924185464399504775e-01,7.494523431419364279e-01,3.361569511667201193e-01,-2.842562826540068754e-01,4.944876695258256794e-01,8.496902423844345797e-01,-1.195554551820290135e+00,2.259706193987816913e+00,9.413117041370351323e-01,-1.053151354746744817e+00,2.862797175274444328e+00,4.697053076869984745e-01,8.269542358982120978e-02,1.000000000000000000e+00
2.798000000000000043e+01,7.516264416233342516e-01,3.337492357461197545e-01,-2.843841011445584765e-01,4.927421464698618081e-01,7.492661850550663694e-01,3.369759319255380969e-01,-2.842497800977148992e-01,4.942160132475910128e-01,8.509531226758302314e-01,-1.216588135378548596e+00,2.248113753130708048e+00,1.082049767783947569e+00,-9.007696183363729237e-01,2.771841134968577869e+00,4.884979459989929884e-01,2.565021605059411680e+00,1.000000000000000000e+00
2.800000000000000000e+01,7.513230330560128900e-01,3.338673445538199447e-01,-2.844860236706224232e-01,4.930659170700936178e-01,7.497270576177561541e-01,3.363708961054043822e-01,-2.836257550295838148e-01,4.942877607355534719e-01,8.490226056490058903e-01,-1.218986325052369368e+00,2.248449390453173713e+00,8.103504161353792812e-01,-7.968879418043982588e-01,2.623281768017258653e+00,3.808834882505844344e-01,5.334095507712055984e+00,1.000000000000000000e+00
2.801999999999999957e+01,7.510172486064247144e-01,3.339827093080328657e-01,-2.845926128631331986e-01,4.933920215028173573e-01,7.485557931852888647e-01,3.365110699325576382e-01,-2.847056739043815621e-01,4.953455395461237587e-01,8.511344733953682962e-01,-1.255164423481328395e+00,2.251808278251580475e+00,9.532815319697015566e-01,-1.107168171090132658e+00,2.765488523972692736e+00,4.623653375273731325e-01,6.846298645814295369e+00,1.000000000000000000e+00
2.803999999999999915e+01,7.507123352964774066e-01,3.340968556099049858e-01,-2.847024199345378759e-01,4.937153155298118490e-01,7.480799778723314919e-01,3.370979384186769678e-01,-2.848609760435590332e-01,4.955759789859885966e-01,8.579038103246722224e-01,-1.265657059099785986e+00,2.229107946822827646e+00,1.060268143122685913e+00,-1.069804727791362486e+00,2.775075387643517910e+00,5.050231317230499117e-01,6.467034646814149301e-01,1.000000000000000000e+00
2.806000000000000227e+01,7.504058390104630938e-01,3.342100541629423605e-01,-2.848125966865991954e-01,4.940409914612783338e-01,7.486972170583363617e-01,3.366338876210441811e-01,-2.846039129635242193e-01,4.951067719190431760e-01,8.540178023123342621e-01,-1.277069839900328185e+00,2.241577395202047462e+00,8.830606476516181802e-01,-9.536294816968716725e-01,2.489477974144633343e+00,3.618953610842577384e-01,6.323261520942680569e+00,1.000000000000000000e+00
2.808000000000000185e+01,7.500972933713089263e-01,3.343205802769830259e-01,-2.849231955930657811e-01,4.943708857662769685e-01,7.484863144165209148e-01,3.356834973326070504e-01,-2.845554812697747016e-01,4.960977774885206304e-01,8.407630898262893338e-01,-1.297871566813114441e+00,2.260345913522807226e+00,6.180122288024687549e-01,-1.112864091597559169e+00,2.527947208827395986e+00,3.152865439810393910e-01,4.854307140858202807e+00,1.000000000000000000e+00
2.810000000000000142e+01,7.497876695920041579e-01,3.344354834124533826e-01,-2.850283586597913699e-01,4.947021252452588058e-01,7.487878955883204846e-01,3.358372705059980978e-01,-2.848552537574398635e-01,4.953660258498558955e-01,8.440463915038002307e-01,-1.266448416672874444e+00,2.286738874942121136e+00,6.811262191189737525e-01,-1.022388512671112304e+00,2.239871548439871241e+00,2.123899883015882839e-01,4.757837969549337132e+00,1.000000000000000000e+00
2.812000000000000099e+01,7.494785973738380402e-01,3.345481221151679896e-01,-2.851331297757889738e-01,4.950338214425578087e-01,7.489134463361211136e-01,3.349034226764700528e-01,-2.850960471666673657e-01,4.956698409894239599e-01,8.314047538140311167e-01,-1.271157397090815655e+00,2.284190575908423781e+00,4.815516492752112687e-01,-1.150154246437222527e+00,2.102350424997542433e+00,1.057432521104298417e-01,3.753305902819543682e+00,1.000000000000000000e+00
2.814000000000000057e+01,7.491691791677600465e-01,3.346629675937010107e-01,-2.852386318807120236e-01,4.953636664000519718e-01,7.489690961278382408e-01,3.348058258554211242e-01,-2.851058954572318616e-01,4.956460232809786204e-01,8.466419646834981716e-01,-1.265053996551165794e+00,2.279426345749812288e+00,4.420500266146817347e-01,-1.109638908563017834e+00,1.995488346399963309e+00,4.551839743865655069e-02,7.310688286492941224e-01,1.000000000000000000e+00
2.816000000000000014e+01,7.488577491503702888e-01,3.347755837906515319e-01,-2.853464101353954674e-01,4.956962842889910403e-01,7.484816538139521525e-01,3.354168915952839836e-01,-2.852110048429719047e-01,4.959086664426736180e-01,8.428589790958727068e-01,-1.289756329321934292e+00,2.289031140981361734e+00,5.676145477275927886e-01,-1.063781934748790681e+00,2.050500854046567234e+00,8.994993650848480404e-02,1.044785648760668373e+00,1.000000000000000000e+00
2.817999999999999972e+01,7.485470463080713399e-01,3.348914854700998367e-01,-2.854505777110182829e-01,4.960271969434115191e-01,7.481317039423684978e-01,3.347473231655326842e-01,-2.852339509186095357e-01,4.968750108761347817e-01,8.480940996993617809e-01,-1.260473290640108379e+00,2.291946531675381316e+00,3.875524844270120672e-01,-1.204913623277964918e+00,2.132741676702464950e+00,1.122183008509394647e-01,2.955209356682230837e+00,1.000000000000000000e+00
2.819999999999999929e+01,7.482347841732780447e-01,3.350108650189300152e-01,-2.855538559714316249e-01,4.963581604167329187e-01,7.478210322344512884e-01,3.343835948787115542e-01,-2.860992140490358215e-01,4.970900873526987729e-01,8.633915684057362760e-01,-1.249422697602469601e+00,2.303990539574515939e+00,4.193649198342044304e-01,-1.392596528383496679e+00,2.024631062205712873e+00,1.354795571375400631e-01,2.396243677503278491e+00,1.000000000000000000e+00
2.821999999999999886e+01,7.479252910219101880e-01,3.351253095981838181e-01,-2.856566908458907927e-01,4.966880720245731018e-01,7.480603638994116622e-01,3.341666819003757394e-01,-2.866028952708785105e-01,4.965854418856062713e-01,8.373800311531620633e-01,-1.255007175550110432e+00,2.284383289470266476e+00,4.386635049299622557e-01,-1.394044156411498703e+00,1.764506009894043714e+00,1.555682355818324702e-01,3.401983640877622950e+00,1.000000000000000000e+00
2.824000000000000199e+01,7.476172950150331564e-01,3.352409918047375426e-01,-2.857601207649073105e-01,4.970140953620996727e-01,7.479602899483259737e-01,3.344786505985172242e-01,-2.864460394360626161e-01,4.966166564319049459e-01,8.478662113632947639e-01,-1.244118724797771858e+00,2.264343358206442947e+00,4.638323806078308298e-01,-1.279386444557284230e+00,1.741949100276068085e+00,1.320168323543922106e-01,7.144350467531892512e-01,1.000000000000000000e+00
2.826000000000000156e+01,7.473072121805077739e-01,3.353591911503591150e-01,-2.858633047216422862e-01,4.973412455724902648e-01,7.474906261071729840e-01,3.346878733267651951e-01,-2.865222630323165376e-01,4.971385964866880114e-01,8.601113792423114024e-01,-1.241478345745122169e+00,2.279706690191595886e+00,4.929279282304984133e-01,-1.288722814669843286e+00,1.827229375704623182e+00,1.122530087775161223e-01,4.103224914317809557e-01,1.000000000000000000e+00
2.828000000000000114e+01,7.469970505782504988e-01,3.354787459340888289e-01,-2.859673251791201021e-01,4.976666619171766226e-01,7.474614835408208702e-01,3.342760495010724253e-01,-2.866185119982193052e-01,4.974039424178688384e-01,8.712898953601888596e-01,-1.237995087337990352e+00,2.273119886122637823e+00,3.935986694741491210e-01,-1.324491260796933689e+00,1.765514694696117770e+00,1.682289513781140833e-01,7.477199577499884509e-01,1.000000000000000000e+00
2.830000000000000071e+01,7.466867898938274184e-01,3.355987206255584554e-01,-2.860713069999403224e-01,4.979915097909657362e-01,7.467847790146918685e-01,3.346838490091152973e-01,-2.863193060011304802e-01,4.983176397193388452e-01,8.740987965569266827e-01,-1.235702045971702079e+00,2.271731640635801686e+00,4.060008649844268902e-01,-1.286117659200807450e+00,1.989034556736118953e+00,1.154168698535969761e-01,2.579378730366117978e+00,1.000000000000000000e+00
2.832000000000000028e+01,7.463744146618221942e-01,3.357204135394720179e-01,-2.861774809673048314e-01,4.983166528005222307e-01,7.466262710585988005e-01,3.345960930197148242e-01,-2.863870455869865217e-01,4.985750956686780810e-01,8.912866946500220822e-01,-1.244211302287990373e+00,2.277628828699810981e+00,3.763127280433385957e-01,-1.286469707159574760e+00,1.959237967475121467e+00,1.374257393806777861e-01,8.846734603189237989e-02,1.000000000000000000e+00
2.833999999999999986e+01,7.460645300343444752e-01,3.358373124066721949e-01,-2.862874716967214739e-01,4.986386468872975319e-01,7.467416998354292623e-01,3.349757012737156203e-01,-2.862038824530394043e-01,4.982523968350608956e-01,8.820552337560538803e-01,-1.264080185199498940e+00,2.241849340433081039e+00,4.198444537465497728e-01,-1.120071135644844507e+00,1.845768845134510894e+00,1.334934661691617175e-01,2.122940447279038523e+00,1.000000000000000000e+00
2.835999999999999943e+01,7.457534407928148035e-01,3.359547396742587622e-01,-2.863985492999745475e-01,4.989610098945094219e-01,7.465862368593976228e-01,3.346793073879708591e-01,-2.861891486888660241e-01,4.986928145774449650e-01,8.891319226479268423e-01,-1.269902355488243595e+00,2.245643279644327528e+00,3.292811329247278262e-01,-1.152061317211105829e+00,1.846869529820460931e+00,1.788529636794604361e-01,4.613153592517252322e-01,1.000000000000000000e+00
2.837999999999999901e+01,7.454445543159573528e-01,3.360677165630571173e-01,-2.865063061493616225e-01,4.992845309654855290e-01,7.468426101346634649e-01,3.339729929709097100e-01,-2.853560315932555103e-01,4.992595426094978417e-01,8.544822467118435849e-01,-1.267050688224288013e+00,2.243383403200493120e+00,2.874426617953690366e-02,-1.066402051995898326e+00,1.858794841972856382e+00,3.172797517569978520e-01,4.890113123843429221e+00,1.000000000000000000e+00
2.840000000000000213e+01,7.451361427568855555e-01,3.361810778332671723e-01,-2.866139611312227831e-01,4.996066942595177029e-01,7.467541465366739351e-01,3.335127348368209232e-01,-2.854608080921898217e-01,4.996394974131871947e-01,8.571469660512128774e-01,-1.262121966066426015e+00,2.237052766391574909e+00,-6.171460042057744927e-02,-1.132423114539084397e+00,1.819781569457911807e+00,3.812445629220673204e-01,7.031812542440272207e-01,1.000000000000000000e+00
2.842000000000000171e+01,7.448276624692637959e-01,3.363004352829893073e-01,-2.867213311119071739e-01,4.999246430557914844e-01,7.463836244910055928e-01,3.337113402351815084e-01,-2.852568669303675586e-01,5.001767151309417514e-01,8.889840585549690921e-01,-1.235735929435275438e+00,2.229652233067650258e+00,-5.506131200153144972e-02,-1.092648169275551417e+00,1.914424896478254645e+00,3.857608267412878655e-01,5.291840930032976065e-01,1.000000000000000000e+00
2.844000000000000128e+01,7.445164646533746211e-01,3.364184541472034495e-01,-2.868280388423169458e-01,5.002474724604980549e-01,7.460853404856198079e-01,3.336307893557572957e-01,-2.866574894813339602e-01,4.998746291127105779e-01,8.785931291173459945e-01,-1.250612514310787571e+00,2.257341484338981186e+00,1.460641704983256239e-01,-1.304943899870691482e+00,1.697884004389860646e+00,3.695565276062233173e-01,6.620559230869252687e+00,1.000000000000000000e+00
2.846000000000000085e+01,7.442053053759594139e-01,3.365354122378666490e-01,-2.869327919758178913e-01,5.005716258929645557e-01,7.454870422131600893e-01,3.332877051562648241e-01,-2.872878260480313251e-01,5.006336789395423592e-01,8.662156424536814336e-01,-1.247803835964589325e+00,2.264903293238655912e+00,1.495672466546943968e-01,-1.506872410687321251e+00,1.760844559397066744e+00,4.022206657515092765e-01,2.237570815296562543e+00,1.000000000000000000e+00
2.848000000000000043e+01,7.438941320510014110e-01,3.366529586910474992e-01,-2.870387128401537535e-01,5.008942832931104761e-01,7.453404935767196093e-01,3.335550419101040998e-01,-2.877615955516752422e-01,5.004016854255336488e-01,8.745601063687156174e-01,-1.248233993937883257e+00,2.257280171394095092e+00,2.763803834354442435e-01,-1.488107696963089532e+00,1.643465390384027947e+00,4.044006587530973862e-01,1.510577902646668358e+00,1.000000000000000000e+00
2.850000000000000000e+01,7.435805794460440543e-01,3.367695457100111645e-01,-2.871463555217051988e-01,5.012196778495039418e-01,7.446915265721405497e-01,3.337293649811617913e-01,-2.883283108768237013e-01,5.009251704075601275e-01,8.755000599832716279e-01,-1.267518849810902903e+00,2.270875731714776080e+00,3.799993970782544195e-01,-1.593386508776799548e+00,1.713288755953538134e+00,3.963057147326444762e-01,1.334791148403539962e+00,1.000000000000000000e+00
2.851999999999999957e+01,7.432644380737524203e-01,3.368854653743688088e-01,-2.872597484644533461e-01,5.015456063276231280e-01,7.438516757345604580e-01,3.341719606839918533e-01,-2.894956868952099915e-01,5.012045814520990072e-01,8.932870572334233872e-01,-1.299223113163130217e+00,2.268391466065164508e+00,6.321747907936333677e-01,-1.763346132077852957e+00,1.729998524080082367e+00,4.103544066316484606e-01,4.637897857339526198e+00,1.000000000000000000e+00
2.853999999999999915e+01,7.429524132603962938e-01,3.369966441667856527e-01,-2.873734908376344155e-01,5.018679609366096805e-01,7.437095447233620371e-01,3.335997355764289130e-01,-2.892493238024074764e-01,5.019384007929222902e-01,8.720380772225477806e-01,-1.300661101108884443e+00,2.232864918787693220e+00,4.335070455151940338e-01,-1.783061824913553250e+00,1.785394115564658213e+00,4.531218526576885619e-01,2.146311179351507725e+00,1.000000000000000000e+00
2.856000000000000227e+01,7.426387773596910824e-01,3.371097303001266976e-01,-2.874859032657934854e-01,5.021917278511562888e-01,7.436411745333534329e-01,3.341817832405588606e-01,-2.893421383151725257e-01,5.015989097715608525e-01,8.771183718553783315e-01,-1.294894893421583815e+00,2.249217910146602328e+00,5.601337642314230258e-01,-1.631899136386109728e+00,1.691169558120598104e+00,4.190782803261609568e-01,2.388134766948168952e+00,1.000000000000000000e+00
2.858000000000000185e+01,7.423245779636946651e-01,3.372280776681673142e-01,-2.875900924995596353e-01,5.025170477499741883e-01,7.429942533045000852e-01,3.351162747323278013e-01,-2.891038922262723632e-01,5.020712713008337325e-01,8.743743358304292279e-01,-1.248694505833692014e+00,2.281996475753515607e+00,6.941829435424886618e-01,-1.491042051566006998e+00,1.867376132995673510e+00,3.116908840916468026e-01,3.442928154490715542e+00,1.000000000000000000e+00
2.860000000000000142e+01,7.420125288177333855e-01,3.373477061010276556e-01,-2.876903403160761541e-01,5.028401339936058312e-01,7.436044310056197926e-01,3.355590776570527289e-01,-2.886063444379223797e-01,5.011575935181824537e-01,8.680006893264596846e-01,-1.220383458167457302e+00,2.276031660877576357e+00,6.985593577076417704e-01,-1.169309231940969696e+00,1.622962704983341276e+00,3.513938088811920935e-01,8.163444274126874234e+00,1.000000000000000000e+00
2.862000000000000099e+01,7.416996126280018808e-01,3.374651215316372688e-01,-2.877948818979151335e-01,5.031630772726418677e-01,7.431508936497248641e-01,3.356437202136535736e-01,-2.887454592266164854e-01,5.016932350797291829e-01,8.728744227231232111e-01,-1.246166705344835979e+00,2.265974828452104628e+00,7.005858669730844479e-01,-1.209748489639785207e+00,1.700004674223044354e+00,3.338482778332182432e-01,3.787448668351121595e-01,1.000000000000000000e+00
2.864000000000000057e+01,7.413886978775076075e-01,3.375798649264789564e-01,-2.878996382832762491e-01,5.034842914451979068e-01,7.424559151669586354e-01,3.353979153304271765e-01,-2.891348208999093283e-01,5.026614245879378329e-01,8.611198796657846266e-01,-1.248139239967594794e+00,2.248035433040422415e+00,6.630266066874879183e-01,-1.384989083777522723e+00,1.837076068674927454e+00,3.261866031079582173e-01,2.545425027981574218e+00,1.000000000000000000e+00
2.866000000000000014e+01,7.410798380672941610e-01,3.376925336914415876e-01,-2.880017328303004498e-01,5.038049505373600745e-01,7.423217169835435447e-01,3.358322745188326297e-01,-2.885829821982779930e-01,5.028866813424865967e-01,8.415694129565974846e-01,-1.238353613622004801e+00,2.241475852025017979e+00,6.411264563265841598e-01,-1.203106675344171927e+00,1.891331318514355653e+00,2.849599649219827224e-01,1.825219750095059990e+00,1.000000000000000000e+00
2.867999999999999972e+01,7.407766543321863129e-01,3.377998800802319845e-01,-2.881029204936217392e-01,5.041209146794443097e-01,7.422399776200093724e-01,3.358050665188212491e-01,-2.891487565563016227e-01,5.027004769292375830e-01,8.131174004828286561e-01,-1.231416222637329971e+00,2.198128305670531635e+00,6.973405490449458011e-01,-1.247481908893249614e+00,1.740744864483719123e+00,3.481777310820072246e-01,1.390270444724264864e+00,1.000000000000000000e+00
2.869999999999999929e+01,7.404704419221801448e-01,3.379082768443991136e-01,-2.882030321043874133e-01,5.044408125493592410e-01,7.418777633888024026e-01,3.365990024724854202e-01,-2.880106714549494629e-01,5.033570788732639745e-01,8.138358930382809664e-01,-1.236428183859242358e+00,2.227388911929207627e+00,6.558379168702055395e-01,-9.739986862891792940e-01,1.976348615038482359e+00,2.538205980625629632e-01,6.601226130234648437e+00,1.000000000000000000e+00
2.871999999999999886e+01,7.401623108952429808e-01,3.380152283538299107e-01,-2.883027370821745761e-01,5.047642922414861122e-01,7.416313929528470794e-01,3.367259416440058772e-01,-2.880497558445949680e-01,5.036128030229638508e-01,8.043289982768643265e-01,-1.248982975742416679e+00,2.246531090008889731e+00,6.579117210852009068e-01,-9.624697501198868910e-01,1.974472932881212062e+00,2.615699241641912254e-01,7.036748880347897667e-03,1.000000000000000000e+00
2.874000000000000199e+01,7.398560984376720828e-01,3.381184590488550690e-01,-2.884023967455321413e-01,5.050870408221203034e-01,7.409964847815255773e-01,3.364768770677606935e-01,-2.875018335782196233e-01,5.050249661445571636e-01,7.859106735773724317e-01,-1.254966594864705520e+00,2.231823431036943362e+00,4.732059115092721591e-01,-1.013207685982113304e+00,2.248051575825977366e+00,2.513226092024552494e-01,5.576783345566910022e+00,1.000000000000000000e+00
2.876000000000000156e+01,7.395481238184475892e-01,3.382246211930614033e-01,-2.885041575892130505e-01,5.054087743887742956e-01,7.406671311923266332e-01,3.373172131877123503e-01,-2.871524514183567689e-01,5.051462838654090515e-01,8.095089805039862307e-01,-1.256335682258109099e+00,2.233393736200328217e+00,5.788045138125604838e-01,-8.385001286371467355e-01,2.301631048905548482e+00,2.283674635774018691e-01,2.227223986666611921e+00,1.000000000000000000e+00
2.878000000000000114e+01,7.392386657767403557e-01,3.383300070762748635e-01,-2.886050278167799354e-01,5.057332688792268716e-01,7.403880377005216396e-01,3.374334292055616857e-01,-2.871763435613924886e-01,5.054641255156051560e-01,8.019515781467958515e-01,-1.262612215616861766e+00,2.249831006040856174e+00,5.788045138125604838e-01,-8.385001286371467355e-01,2.301631048905548482e+00,2.359163318392279718e-01,1.142636162507328734e+01,0.000000000000000000e+00
2.880000000000000071e+01,7.389281322914752481e-01,3.384367608483271894e-01,-2.887069696312907219e-01,5.060573681916324951e-01,7.401808497154319655e-01,3.379411829834786940e-01,-2.879614495765868698e-01,5.049814552199111128e-01,8.135885731761469675e-01,-1.264199592204208633e+00,2.251458127927088881e+00,7.898905766076738111e-01,-8.560673045525234448e-01,2.115675779657617106e+00,2.152457865674460291e-01,3.404104520931051869e+00,1.000000000000000000e+00
2.882000000000000028e+01,7.386206991685045908e-01,3.385386104056488099e-01,-2.888074164386410514e-01,5.063806357222593313e-01,7.396308147853221104e-01,3.377669391625680029e-01,-2.888212187446733692e-01,5.054127582794011309e-01,7.838546002349794373e-01,-1.265348425785448594e+00,2.233733655085401004e+00,8.448784109437328382e-01,-1.066440296345078531e+00,2.088342207553407714e+00,1.830880464689918219e-01,2.098737030245762192e+00,1.000000000000000000e+00
2.883999999999999986e+01,7.383147608270952400e-01,3.386366223406564457e-01,-2.889069945587919297e-01,5.067043521123015815e-01,7.394310636568023343e-01,3.385626417163760671e-01,-2.885442184959214340e-01,5.053308556836567655e-01,7.614513257410662206e-01,-1.271203593230434636e+00,2.226631033297823414e+00,9.384164657039794077e-01,-8.840843439765559975e-01,2.088367018243320938e+00,2.072081865968580516e-01,1.868504448050913425e+00,1.000000000000000000e+00
2.885999999999999943e+01,7.380104598226134849e-01,3.387356451696953985e-01,-2.890013241277665235e-01,5.070275717712821040e-01,7.386022967288623509e-01,3.393893035093170085e-01,-2.882842568902875824e-01,5.061360836371231464e-01,7.481354483196278604e-01,-1.242392084539187591e+00,2.231633048066961944e+00,1.025461694005614044e+00,-8.241622930049767870e-01,2.321152003100753536e+00,1.655234126744440926e-01,2.954616048548173168e+00,1.000000000000000000e+00
2.887999999999999901e+01,7.377046427687165009e-01,3.388379041639483225e-01,-2.890949837810702361e-01,5.073507909640884161e-01,7.383539970829977594e-01,3.389037083841996978e-01,-2.884457742458569895e-01,5.067313753407283183e-01,7.628165343370036933e-01,-1.232667573298118935e+00,2.242694086108860230e+00,8.963017750350672497e-01,-9.421868901685210851e-01,2.312855743273386278e+00,1.271470720040946967e-01,1.407270559849546521e+00,1.000000000000000000e+00
2.890000000000000213e+01,7.373982260973854785e-01,3.389404204870112847e-01,-2.891884340836723966e-01,5.076744006750300020e-01,7.384090670409632073e-01,3.386263098072136990e-01,-2.890929371475771115e-01,5.064677143801273873e-01,7.638128776614331317e-01,-1.232786025460602453e+00,2.246920405637157447e+00,9.020417944871652605e-01,-1.024882327762297374e+00,2.092600985005755643e+00,1.842636890078452883e-01,2.573520681411543443e+00,1.000000000000000000e+00
2.892000000000000171e+01,7.370925561258820924e-01,3.390444845823868403e-01,-2.892826145944953353e-01,5.079950492587993471e-01,7.379875185541227012e-01,3.391031178453991490e-01,-2.891613831366951493e-01,5.067239805143736175e-01,7.759324796582180994e-01,-1.224381348252836510e+00,2.233384221856704155e+00,9.728503924605897968e-01,-9.865716027886403117e-01,2.128801022899417195e+00,1.788035559595074486e-01,3.662828739954085422e-01,1.000000000000000000e+00
2.894000000000000128e+01,7.367882795544223873e-01,3.391427777455470749e-01,-2.893771847801125396e-01,5.083168818198008365e-01,7.372627148228528826e-01,3.395972823122314077e-01,-2.901839762305366555e-01,5.068635271127909236e-01,7.480254980051300739e-01,-1.242814351636863490e+00,2.224006695509999965e+00,1.191161220790109443e+00,-1.126325118033241424e+00,2.103584793823205956e+00,2.048215188449040713e-01,3.221180965217416592e+00,1.000000000000000000e+00
2.896000000000000085e+01,7.364840391644489337e-01,3.392383620152066293e-01,-2.894709001569658602e-01,5.086405329459834368e-01,7.369488968449598998e-01,3.397574200090187624e-01,-2.903095704505307406e-01,5.071405843478121733e-01,7.310148579638702238e-01,-1.250569028487348522e+00,2.228748013820326612e+00,1.191161220790109443e+00,-1.126325118033241424e+00,2.103584793823205956e+00,2.124963979160967853e-01,1.300234871214568066e+01,0.000000000000000000e+00
2.898000000000000043e+01,7.361779004373567581e-01,3.393337652692545170e-01,-2.895649428813977799e-01,5.089664414378699542e-01,7.360683907993377240e-01,3.395882725510939726e-01,-2.916786043006640017e-01,5.077467094970228301e-01,7.311508454151944836e-01,-1.260013989643030463e+00,2.242869347462955965e+00,1.306144613333776627e+00,-1.448178189243905178e+00,2.105807329000753292e+00,2.814402271973468483e-01,4.809553912628164341e+00,1.000000000000000000e+00
2.900000000000000000e+01,7.358705670262788434e-01,3.394299953906385614e-01,-2.896620006179618234e-01,5.092913824241814824e-01,7.358795560508015754e-01,3.398177416489091551e-01,-2.923446032684324236e-01,5.074838070194293005e-01,7.473587550958389336e-01,-1.270421017204140801e+00,2.237782251323776617e+00,1.405554952876872488e+00,-1.468279430330226232e+00,1.958475963859643176e+00,3.733315468130260495e-01,1.353994101893858826e+00,1.000000000000000000e+00
2.901999999999999957e+01,7.355619773685029283e-01,3.395233795871815397e-01,-2.897601784259426494e-01,5.096189666427286546e-01,7.366114055451198350e-01,3.391456754425964393e-01,-2.916560729504728555e-01,5.072677627846428061e-01,7.366844038128655958e-01,-1.290673425333858537e+00,2.245690962494832021e+00,1.105431330875456863e+00,-1.300605403209697197e+00,1.761686599096510930e+00,3.689518024202128044e-01,6.806424235030512193e+00,1.000000000000000000e+00
2.903999999999999915e+01,7.352525329111718744e-01,3.396144756626672256e-01,-2.898614932185887838e-01,5.099470908997989493e-01,7.358217842910090845e-01,3.403057635947433490e-01,-2.912006262610484786e-01,5.078981042415569025e-01,7.369671861828651638e-01,-1.313044902171150108e+00,2.240561660431071633e+00,1.226465443837455371e+00,-1.134611272853513153e+00,2.009141457065394931e+00,2.986765538059180658e-01,4.586159003873305551e+00,1.000000000000000000e+00
2.906000000000000227e+01,7.349428140811034016e-01,3.397055388560328293e-01,-2.899622510328335179e-01,5.102755136953499582e-01,7.349377149613487425e-01,3.407179167484676308e-01,-2.913672748976190441e-01,5.088054318231193252e-01,7.352393744277102572e-01,-1.311831185297378077e+00,2.243650151935497661e+00,1.275960559467094413e+00,-1.201085229652783193e+00,2.204053223845840126e+00,2.603062719656635826e-01,2.027938351323761434e+00,1.000000000000000000e+00
2.908000000000000185e+01,7.346329113506646635e-01,3.397989366421053647e-01,-2.900607935457951703e-01,5.106034706745778973e-01,7.344777688737784693e-01,3.407715875328425348e-01,-2.920021091197304020e-01,5.090696420237330599e-01,7.397251714847731252e-01,-1.295076056807273446e+00,2.250416699843270418e+00,1.327675766952189473e+00,-1.307601752446964971e+00,2.166964219373872069e+00,3.051549683524220624e-01,7.080050246412519233e-01,1.000000000000000000e+00
2.910000000000000142e+01,7.343240439731612001e-01,3.398891410052167772e-01,-2.901583098978789965e-01,5.109322122031895175e-01,7.341395387576857834e-01,3.409359980989831729e-01,-2.921587761263295113e-01,5.093574701182538300e-01,7.199619440076151511e-01,-1.299906062618678915e+00,2.247380610771900766e+00,1.327675766952189473e+00,-1.307601752446964971e+00,2.166964219373872069e+00,3.161488396973833881e-01,1.222841344595098079e+01,0.000000000000000000e+00
2.912000000000000099e+01,7.340147264670340288e-01,3.399814018388346848e-01,-2.902522946311900665e-01,5.112618049439592305e-01,7.338502691460478955e-01,3.399738771977828256e-01,-2.911115674470692305e-01,5.110142860976496504e-01,7.177371803644989612e-01,-1.281433081836392374e+00,2.262576091941314704e+00,8.924483053832341639e-01,-1.341727675678131781e+00,2.415268201969315243e+00,1.041912834095399670e-01,1.013117666044172438e+01,1.000000000000000000e+00
2.914000000000000057e+01,7.337092545607037941e-01,3.400691557317092051e-01,-2.903423475453737468e-01,5.115906765312874249e-01,7.342863312065247561e-01,3.395757257764385750e-01,-2.912959932510011396e-01,5.105473088584245867e-01,6.809735375976424532e-01,-1.270299597214346710e+00,2.248442080106134444e+00,8.070473047106787590e-01,-1.299630869594962990e+00,2.142695850277180014e+00,1.838666954593503600e-01,3.459442211948341228e+00,1.000000000000000000e+00
2.916000000000000014e+01,7.334040014980750533e-01,3.401556681471167298e-01,-2.904345477724387670e-01,5.119184168148466219e-01,7.339814182349199134e-01,3.396722484273633769e-01,-2.914074418246287435e-01,5.108578512496216861e-01,6.835043216521453635e-01,-1.280397236699129415e+00,2.236795596097505001e+00,8.070473047106787590e-01,-1.299630869594962990e+00,2.142695850277180014e+00,1.861337839499767333e-01,1.205621193290972037e+01,0.000000000000000000e+00
2.917999999999999972e+01,7.330990684455314099e-01,3.402424410390397780e-01,-2.905282091095042207e-01,5.122442746109650002e-01,7.338038275023185397e-01,3.404739374453003564e-01,-2.907302834057479135e-01,5.109651093511716757e-01,6.913933191416775648e-01,-1.281571573310396506e+00,2.225532411869954430e+00,8.372470551064151723e-01,-1.056701910625611696e+00,2.202790910185384199e+00,1.710209095352289432e-01,2.344905290647070650e+00,1.000000000000000000e+00
2.919999999999999929e+01,7.327896713830056585e-01,3.403323476388536162e-01,-2.906212341015280698e-01,5.125743740710393404e-01,7.337468741793575777e-01,3.400477729680491668e-01,-2.898384890754708287e-01,5.118365823013633076e-01,7.043300017319477080e-01,-1.285401150380133029e+00,2.262907401148122499e+00,5.712304056888790615e-01,-9.855822815608992205e-01,2.310317776859739158e+00,1.681900717244277921e-01,3.374945332910375129e+00,1.000000000000000000e+00
2.921999999999999886e+01,7.324805971243707470e-01,3.404202056696678524e-01,-2.907177527915807969e-01,5.129029602370801522e-01,7.338515828322126344e-01,3.398355735646155784e-01,-2.901105800900085074e-01,5.116732244650915584e-01,7.078797311217578381e-01,-1.302597638092837018e+00,2.245381977159062181e+00,5.470061326992725625e-01,-9.974878459306651957e-01,2.141497326240452637e+00,2.320954836844988656e-01,1.175209940487753846e+00,1.000000000000000000e+00
2.924000000000000199e+01,7.321713989490568064e-01,3.405073534867834595e-01,-2.908108292337717171e-01,5.132337151656873875e-01,7.336910072383310277e-01,3.393179839343583581e-01,-2.905330093550438919e-01,5.120072090815008803e-01,6.914125172819594045e-01,-1.294674813759410847e+00,2.260378992003156284e+00,4.774518374307911150e-01,-1.127042000995152060e+00,2.063215189442345832e+00,2.639417677295400333e-01,1.156036650509234986e+00,1.000000000000000000e+00
2.926000000000000156e+01,7.318603405954384744e-01,3.405996480052501107e-01,-2.909063417655265993e-01,5.135618969148971757e-01,7.331182265213848082e-01,3.408829144646832177e-01,-2.896523031505379708e-01,5.122870756204882525e-01,7.280833282353130764e-01,-1.287839128894657792e+00,2.258877315377866069e+00,6.450446913631242563e-01,-8.078372712110204468e-01,2.268404558426176276e+00,2.526295874458619473e-01,7.395294738638881427e+00,1.000000000000000000e+00
2.928000000000000114e+01,7.315509250497371774e-01,3.406885649668384697e-01,-2.910004472096348604e-01,5.138903438317389272e-01,7.327125004559807975e-01,3.403276257427142459e-01,-2.903376630287836657e-01,5.128484574012638353e-01,7.061321379647860219e-01,-1.289656582996991707e+00,2.252271586462377684e+00,6.007367193650183790e-01,-1.028083178048258661e+00,2.229205728710252465e+00,1.986220984654503141e-01,2.296615183301393692e+00,1.000000000000000000e+00
2.930000000000000071e+01,7.312425701472792250e-01,3.407756695253109092e-01,-2.910923933731461299e-01,5.142192773363045699e-01,7.324762724309528128e-01,3.391553504430712684e-01,-2.908874266475008352e-01,5.136503320449518073e-01,6.892960881480914015e-01,-1.285123798651867988e+00,2.252381258609954529e+00,4.084540316886875466e-01,-1.297309651421101329e+00,2.181542819745983408e+00,2.434407809890527519e-01,5.051469716641283192e+00,1.000000000000000000e+00
2.932000000000000028e+01,7.309339975513363674e-01,3.408644086327753953e-01,-2.911843213355698734e-01,5.145470213298246609e-01,7.329220405290890472e-01,3.375479927076212583e-01,-2.903291830986324817e-01,5.143885696309873357e-01,6.984997084139962231e-01,-1.278272291564278795e+00,2.250800630225874066e+00,-3.054818251507232865e-02,-1.369508588792712978e+00,2.101076904721622451e+00,4.541545309847926370e-01,9.431779815475772821e+00,1.000000000000000000e+00
2.933999999999999986e+01,7.306252753035056280e-01,3.409502935295073422e-01,-2.912785176762519024e-01,5.148751592086616702e-01,7.328984495092116802e-01,3.384613973241825113e-01,-2.889174971272341352e-01,5.146167749715222506e-01,6.928690536814126055e-01,-1.297205672271991128e+00,2.243699369806393396e+00,-5.613312791553140557e-02,-9.852535433367665130e-01,2.227996083953814210e+00,4.725165926151914664e-01,7.719664032750349847e+00,1.000000000000000000e+00
2.935999999999999943e+01,7.303167487377375533e-01,3.410354169485617093e-01,-2.913726460560620568e-01,5.152031366656747435e-01,7.323625509956641633e-01,3.386149472308213615e-01,-2.893708408880890648e-01,5.150238129006381449e-01,6.893663526454152368e-01,-1.298527589926619763e+00,2.241312479646288658e+00,4.110789922249358241e-02,-1.071742185794950730e+00,2.245862964622751701e+00,4.300372204519486430e-01,8.222620582915253218e-01,1.000000000000000000e+00
2.937999999999999901e+01,7.300074205934135030e-01,3.411236332102638991e-01,-2.914662868111989047e-01,5.155300538246753161e-01,7.320103344107552479e-01,3.392896441852852885e-01,-2.900802192841979155e-01,5.146813325199472988e-01,7.042050292836583569e-01,-1.286623796567817335e+00,2.245358074252738589e+00,2.896222639138001376e-01,-1.065092202394387177e+00,2.128276814212977985e+00,3.626727603693883917e-01,3.649208928613817182e+00,1.000000000000000000e+00
2.940000000000000213e+01,7.296991099180357709e-01,3.412072740940709781e-01,-2.915589463635324119e-01,5.158586879034865458e-01,7.318684159055528493e-01,3.398609308686560415e-01,-2.900236538832047239e-01,5.145380934947600959e-01,6.773137910237786441e-01,-1.297690955177154049e+00,2.243810924342683588e+00,3.892004965426341112e-01,-9.421251560181441720e-01,2.077315103398221563e+00,3.734283897459470536e-01,1.347291935182077793e+00,1.000000000000000000e+00
2.942000000000000171e+01,7.293904161507196449e-01,3.412910812028414620e-01,-2.916479770090211754e-01,5.161893801943437943e-01,7.311752020406231400e-01,3.401425515746751005e-01,-2.896374903644973187e-01,5.155540638036707479e-01,6.645936389096332997e-01,-1.286691380660303752e+00,2.260920422501758953e+00,3.614531646530655951e-01,-9.313240853775628381e-01,2.298960298681435255e+00,3.428236098322713921e-01,2.459375144471040109e+00,1.000000000000000000e+00
2.944000000000000128e+01,7.290841110373856848e-01,3.413736008354050777e-01,-2.917394046943392327e-01,5.165157726866502763e-01,7.305699160450466190e-01,3.410616121602099149e-01,-2.899402335390912633e-01,5.156347888340246932e-01,6.688166523788495743e-01,-1.288117073158455694e+00,2.229047878793104065e+00,5.828515424919258336e-01,-8.814748833763604852e-01,2.329887427522206789e+00,2.880355469183031869e-01,2.597630406563328886e+00,1.000000000000000000e+00
2.946000000000000085e+01,7.287773051377174349e-01,3.414532286683905071e-01,-2.918326720501283611e-01,5.168433260401265050e-01,7.307388755159212046e-01,3.412400768731976841e-01,-2.898771605579971156e-01,5.153126599765761595e-01,6.612200338586088355e-01,-1.307467698384561894e+00,2.226947201810945742e+00,5.900993678542997278e-01,-7.758354613169814451e-01,2.176264686059535602e+00,3.634587796657677283e-01,1.733404304462285772e+00,1.000000000000000000e+00
2.948000000000000043e+01,7.284675241046680849e-01,3.415363352745215408e-01,-2.919267586895061828e-01,5.171718917082631650e-01,7.302013970579892543e-01,3.412360016959464781e-01,-2.894024982944652380e-01,5.163430108581374967e-01,6.822999233523154849e-01,-1.307542148287150541e+00,2.244198403746406001e+00,4.809242057949634219e-01,-7.823136801050885047e-01,2.366781241445545803e+00,3.651761378751275933e-01,2.413311519680805706e+00,1.000000000000000000e+00
2.950000000000000000e+01,7.281568609556738902e-01,3.416171760600147933e-01,-2.920241016483594576e-01,5.175009322894299491e-01,7.298788450275199846e-01,3.408982072068250657e-01,-2.906640631385683515e-01,5.163135542519144972e-01,6.834236941687413802e-01,-1.330252219865345031e+00,2.238632458147712168e+00,5.844509083428137686e-01,-1.027576083648589211e+00,2.179324041494444586e+00,2.975349582933508041e-01,5.318873235183454895e+00,1.000000000000000000e+00
2.951999999999999957e+01,7.278442315782590599e-01,3.416974601721503579e-01,-2.921229630267400124e-01,5.178318209058163646e-01,7.296178139134991136e-01,3.398458925646988815e-01,-2.914155283136253272e-01,5.169522267914902214e-01,6.863599002925322434e-01,-1.345144730466744099e+00,2.248269061502708333e+00,4.480372522972673188e-01,-1.312118247800476922e+00,2.098694364991489980e+00,3.210210834885947051e-01,5.334631268920777103e+00,1.000000000000000000e+00
2.953999999999999915e+01,7.275295057487546346e-01,3.417791800245380540e-01,-2.922254980194455842e-01,5.181622030542311075e-01,7.286705730929576852e-01,3.400148693931029920e-01,-2.918259340864962081e-01,5.179446965598892838e-01,7.081988347662268035e-01,-1.358722169484865461e+00,2.247587974807343514e+00,5.163591598664752924e-01,-1.453054176296830313e+00,2.277870594942000171e+00,2.463529003950463148e-01,2.852849950121625788e+00,1.000000000000000000e+00
2.956000000000000227e+01,7.272171448512299019e-01,3.418603190013930759e-01,-2.923289231062923266e-01,5.184887146719844297e-01,7.282144109886570238e-01,3.386027199236922858e-01,-2.926291557629230322e-01,5.190569784582419466e-01,7.102694596701780716e-01,-1.352617860406178041e+00,2.221717175184925175e+00,3.099348730384161033e-01,-1.826223027583378178e+00,2.268989075499997288e+00,3.972803071011312137e-01,9.173945333850696215e+00,1.000000000000000000e+00
2.958000000000000185e+01,7.269034197232147054e-01,3.419429112167411966e-01,-2.924293153975454640e-01,5.188174624657875267e-01,7.277000946027440964e-01,3.387225475596379876e-01,-2.926891448932765760e-01,5.196659239853126389e-01,7.062417211070393108e-01,-1.342329115107178783e+00,2.243461725967960785e+00,3.239955089651632703e-01,-1.830760668070904762e+00,2.347173206447679128e+00,3.935155366967617585e-01,3.193637012911044737e-01,1.000000000000000000e+00
2.960000000000000142e+01,7.265867334122503296e-01,3.420275479770493177e-01,-2.925327847205705933e-01,5.191468435016736160e-01,7.270743627498945649e-01,3.388885076202058366e-01,-2.927080313093965436e-01,5.204223850313913768e-01,7.286442661773867568e-01,-1.355268959226944236e+00,2.252298655784022774e+00,3.390088444893597508e-01,-1.841916339783358447e+00,2.468086648829025620e+00,3.927847932991910263e-01,7.551566785120150671e-01,1.000000000000000000e+00
2.962000000000000099e+01,7.262689208380723738e-01,3.421095070790136083e-01,-2.926366035239933994e-01,5.194789293790433859e-01,7.267103472677400866e-01,3.390091732394256430e-01,-2.929495674790569826e-01,5.207162399497016203e-01,7.162101584856874759e-01,-1.371876857727833521e+00,2.261736206638923719e+00,3.847089370634277916e-01,-1.841260092959952743e+00,2.450535018756934136e+00,3.875130400758507454e-01,1.208768035192620549e-01,1.000000000000000000e+00
2.964000000000000057e+01,7.259492241572470528e-01,3.421922690126779631e-01,-2.927411018433736523e-01,5.198122952229715654e-01,7.261425212872822943e-01,3.400590193374750103e-01,-2.923251987106170735e-01,5.211745200454277471e-01,7.231204406466648082e-01,-1.377982895313929257e+00,2.272684415592239215e+00,4.863129265162280945e-01,-1.602410817871607440e+00,2.622582458270588557e+00,2.947644508301749400e-01,4.887304442253424419e+00,1.000000000000000000e+00
2.966000000000000014e+01,7.256283274114206927e-01,3.422762522365964677e-01,-2.928470310626603568e-01,5.201452816384660727e-01,7.264438248530826758e-01,3.408120924935434393e-01,-2.911605432244399050e-01,5.209146043376449153e-01,7.354511882283205626e-01,-1.381566115644712545e+00,2.273923389900812442e+00,4.446141321275201563e-01,-1.197555374112022397e+00,2.577787927161597548e+00,2.863620298570575540e-01,8.442831138662986845e+00,1.000000000000000000e+00
2.967999999999999972e+01,7.253097174479081755e-01,3.423618786057798791e-01,-2.929523386362005155e-01,5.204739043801693832e-01,7.264537765025947946e-01,3.403598327925727030e-01,-2.914629017847426562e-01,5.210273233811711924e-01,7.432671590136911144e-01,-1.361690108644283859e+00,2.252942248553610138e+00,3.765124061141957301e-01,-1.265104843303965332e+00,2.432324945410256234e+00,3.208923451767534685e-01,1.527478239191063514e+00,1.000000000000000000e+00
2.969999999999999929e+01,7.249899705627997903e-01,3.424451670079189936e-01,-2.930557207043519852e-01,5.208062929139030128e-01,7.259213255712698709e-01,3.408631647357374672e-01,-2.918414845999087182e-01,5.212284334854626611e-01,7.237185004017845369e-01,-1.369955544465105923e+00,2.271835019562494562e+00,5.250246968242253676e-01,-1.268704744247692418e+00,2.436366533241328458e+00,2.568162103756834735e-01,1.110001829010215380e+00,1.000000000000000000e+00
2.971999999999999886e+01,7.246715490956632255e-01,3.425263676790260003e-01,-2.931551110449148179e-01,5.211400140501092348e-01,7.258378640791037784e-01,3.406245713054448232e-01,-2.916498003552414064e-01,5.216077936963886552e-01,6.982968737842166762e-01,-1.359993314364778216e+00,2.277742006282892806e+00,4.177819138850674130e-01,-1.248993636868556800e+00,2.409828290709017384e+00,3.130238450049960264e-01,6.322803917726895762e-01,1.000000000000000000e+00
2.974000000000000199e+01,7.243536370585939022e-01,3.426045095724321032e-01,-2.932562550884283969e-01,5.214736113669901085e-01,7.255952160145981988e-01,3.406244400668390071e-01,-2.913010766099126680e-01,5.221400732483446605e-01,6.900412428123292585e-01,-1.375309374378966609e+00,2.267127397851114168e+00,3.391068289253900692e-01,-1.196469563938052927e+00,2.460499661850987341e+00,3.574282436757650894e-01,5.775370675013856703e-01,1.000000000000000000e+00
2.976000000000000156e+01,7.240357335176085263e-01,3.426824969263695952e-01,-2.933585284328706355e-01,5.218062252269780599e-01,7.241459352209617117e-01,3.413028643686352170e-01,-2.926404597450816825e-01,5.229594445049359219e-01,6.944097796674181255e-01,-1.378513200797154559e+00,2.260543973033366960e+00,6.728093229838038036e-01,-1.462854636969053379e+00,2.619941928499495365e+00,2.222328596123868683e-01,1.040683126490846000e+01,1.000000000000000000e+00
2.978000000000000114e+01,7.237181417750226942e-01,3.427606574010237939e-01,-2.934615870795259651e-01,5.221374147793779175e-01,7.240497329514939961e-01,3.408047142212720648e-01,-2.934861806419591934e-01,5.229435846720205117e-01,6.992576105526632224e-01,-1.377932779388320039e+00,2.252452256616815696e+00,6.736125758054729573e-01,-1.616676213850762878e+00,2.414684940028057891e+00,2.454021224084077524e-01,3.292369560324610589e+00,1.000000000000000000e+00
2.980000000000000071e+01,7.233981091551996423e-01,3.428367877915652895e-01,-2.935668531011097482e-01,5.224716407306280175e-01,7.237063658442334235e-01,3.408659247610271170e-01,-2.936082928508717549e-01,5.233103168699612118e-01,6.971314481662542750e-01,-1.403226357891926845e+00,2.264596770896180278e+00,6.736125758054729573e-01,-1.616676213850762878e+00,2.414684940028057891e+00,2.480164816031549813e-01,1.383583559829294529e+01,0.000000000000000000e+00
2.982000000000000028e+01,7.230777193504289713e-01,3.429136118195443839e-01,-2.936719633880307545e-01,5.228055513550677880e-01,7.231184646619260858e-01,3.416514105906892085e-01,-2.933599353194055182e-01,5.237498907453492780e-01,7.007722209956698256e-01,-1.400485831802010583e+00,2.265831682490623056e+00,7.675057201561462650e-01,-1.484592270817918003e+00,2.539629918433540468e+00,1.842021824939334973e-01,1.792144780763249790e+00,1.000000000000000000e+00
2.983999999999999986e+01,7.227544348624171944e-01,3.429943318055690971e-01,-2.937786686566131733e-01,5.231395694060113621e-01,7.234704754680463257e-01,3.408577689330126170e-01,-2.932985554117217841e-01,5.238152440292715983e-01,7.271971725716838142e-01,-1.400505270237578870e+00,2.278369300699412126e+00,5.570637981419970242e-01,-1.492091654473290063e+00,2.349758029684645866e+00,2.751310341251840264e-01,3.506291600881487724e+00,1.000000000000000000e+00
2.985999999999999943e+01,7.224308246484547613e-01,3.430811144742836882e-01,-2.938823464732920887e-01,5.234713162344131199e-01,7.233310188293184950e-01,3.404792320441260012e-01,-2.930816304455239885e-01,5.243751401824612302e-01,7.476919297686661636e-01,-1.365881093230166599e+00,2.286094775136148005e+00,4.133123811399970760e-01,-1.495162835072214147e+00,2.357041819299274366e+00,3.445033266924511506e-01,9.195875526799388577e-01,1.000000000000000000e+00
2.987999999999999901e+01,7.221064361702144163e-01,3.431703159573632478e-01,-2.939833466315544541e-01,5.238036091805657879e-01,7.238792226515698980e-01,3.399154958834788576e-01,-2.919286117245842305e-01,5.246274986389912742e-01,7.502832008632784877e-01,-1.349926956357124119e+00,2.300025856275205172e+00,9.224962358374688698e-02,-1.286669332155496059e+00,2.287764943711264376e+00,4.947036380045715664e-01,6.819516409845832072e+00,1.000000000000000000e+00
2.990000000000000213e+01,7.217838752856899909e-01,3.432600189858067141e-01,-2.940811077947830809e-01,5.241344281590636367e-01,7.234801493975951958e-01,3.391965841567507467e-01,-2.922804315759057192e-01,5.254467623288089362e-01,7.415267886352160387e-01,-1.329044279132283402e+00,2.295655970242584054e+00,-1.631760965665925850e-02,-1.477904680975653307e+00,2.305659469766679237e+00,5.655015500702009756e-01,2.224044145860304855e+00,1.000000000000000000e+00
2.992000000000000171e+01,7.214617584217816182e-01,3.433531895127098776e-01,-2.941773970999507770e-01,5.244627512244297574e-01,7.235740757593599470e-01,3.397318949984691194e-01,-2.917489772024613459e-01,5.252669137791330378e-01,7.547788407502747932e-01,-1.306887289522861817e+00,2.292738007029596847e+00,1.502953441551161187e-02,-1.236907521405856913e+00,2.246809842944583302e+00,5.627788231378428874e-01,2.892562116437705555e+00,1.000000000000000000e+00
2.994000000000000128e+01,7.211380547386173623e-01,3.434494455114494582e-01,-2.942749972597556440e-01,5.247900631428263907e-01,7.233716431531591606e-01,3.399380371519304389e-01,-2.918865939238671769e-01,5.253359049852910356e-01,7.762982220872253203e-01,-1.303719648172272594e+00,2.295948368488913260e+00,7.868973859454292397e-02,-1.203173319955658016e+00,2.193758088199524003e+00,5.533878391905655558e-01,3.744758137695239908e-01,1.000000000000000000e+00
2.996000000000000085e+01,7.208156195044290726e-01,3.435435611921314747e-01,-2.943724691483449729e-01,5.251166667031060831e-01,7.229554950760982424e-01,3.403398347731066420e-01,-2.922392585977233725e-01,5.254525332892985290e-01,7.657673931262749534e-01,-1.306092600568622197e+00,2.285851242087246327e+00,2.142467851296844528e-01,-1.202077566636523320e+00,2.174059520289791880e+00,5.061050821289057033e-01,8.865345000081812366e-01,1.000000000000000000e+00
2.998000000000000043e+01,7.204906650930710255e-01,3.436381547359567135e-01,-2.944684981053395378e-01,5.254467848859639689e-01,7.224976449610607254e-01,3.403837233121881356e-01,-2.927770728315128856e-01,5.257543718829772450e-01,7.624303884877410287e-01,-1.309862553976589794e+00,2.311592154867462945e+00,2.962051232989462157e-01,-1.295513395129240353e+00,2.152462759772992396e+00,4.803949186355024326e-01,7.584331471949152803e-01,1.000000000000000000e+00
